Binomial,Year,cwl,Bill_width.mm.,Longitude_decimal_degrees,Latitude_decimal_degrees
Trichothraupis_melanops,2010,85,,-48.892222,-25.985278
Trichothraupis_melanops,1999,83,,-47.841667,-21.971667
Trichothraupis_melanops,2006,,,-41.733333,-20.483333
Trichothraupis_melanops,1999,84,,-47.841667,-21.971667
Trichothraupis_melanops,1999,85,,-47.841667,-21.971667
Trichothraupis_melanops,1991,76.5,8.07,-47.833333,-24.183333
Trichothraupis_melanops,1999,80,,-47.841667,-21.971667
Trichothraupis_melanops,2012,80,,-49.405145,-28.599546
Trichothraupis_melanops,2013,80.9,,-48.892222,-25.985278
Trichothraupis_melanops,2013,80,,-48.892222,-25.985278
Trichothraupis_melanops,2006,,,-47.436016,-23.880844
Trichothraupis_melanops,2012,85,,-49.405145,-28.599546
Trichothraupis_melanops,1992,,,-49.066667,-27.15
Trichothraupis_melanops,2012,80,9.1,-47.949986,-24.16386
Trichothraupis_melanops,2006,85,,-46.02,-23.039
Trichothraupis_melanops,2012,,9.6,-47.949986,-24.16386
Trichothraupis_melanops,2000,,,-48.416666,-24.316666
Trichothraupis_melanops,2017,80,,-47.245302,-24.06865
Trichothraupis_melanops,2016,81.2,,-48.541493,-25.587558
Trichothraupis_melanops,2004,76,7.59,-44.366667,-22.8
Trichothraupis_melanops,2003,80,7.51,-44.366667,-22.8
Trichothraupis_melanops,2014,80,,-48.541493,-25.587558
Trichothraupis_melanops,2011,77,8.46,-44.366667,-22.8
Trichothraupis_melanops,2017,81,,-47.253177,-24.086093
Trichothraupis_melanops,2011,72,8.62,-44.366667,-22.8
Trichothraupis_melanops,2006,,,-47.471961,-23.867741
Trichothraupis_melanops,2006,,,-46.02,-23.039
Trichothraupis_melanops,2015,73.2,,-54.487792,-25.619635
Trichothraupis_melanops,2003,80.5,7.59,-44.366667,-22.8
Trichothraupis_melanops,2007,,,-45.516684,-23.1
Trichothraupis_melanops,2013,83.4,,-49.671408,-28.649798
Trichothraupis_melanops,2009,,9.4,-47.55,-22.416667
Trichothraupis_melanops,2013,86,,-48.884167,-26.002222
Trichothraupis_melanops,2016,78,,-47.253177,-24.086093
Trichothraupis_melanops,2006,,,-47.446516,-23.833638
Trichothraupis_melanops,2013,86,9.35,-47.949986,-24.16386
Trichothraupis_melanops,2006,,,-41.003333,-20.4
Trichothraupis_melanops,2006,84,,-46.02,-23.039
Trichothraupis_melanops,2004,,,-43.75,-20.85
Trichothraupis_melanops,2001,81,9.6,-48.512518,-27.531353
Trichothraupis_melanops,2009,,8.7,-47.55,-22.416667
Trichothraupis_melanops,2013,,,-50.6967,-24.1431
Trichothraupis_melanops,2013,,,-48.884167,-26.002222
Trichothraupis_melanops,2013,83,,-48.884167,-26.002222
Trichothraupis_melanops,2003,78.9,,-48.541493,-25.587558
Trichothraupis_melanops,2010,82,,-48.884167,-26.002222
Trichothraupis_melanops,2017,85,,-49.313417,-28.093417
Trichothraupis_melanops,1996,85,,-44.204194,-23.183073
Trichothraupis_melanops,2011,79,9,-50.6967,-24.1431
Trichothraupis_melanops,2006,,,-47.48322,-23.886254
Trichothraupis_melanops,2010,90,,-48.884167,-26.002222
Trichothraupis_melanops,2006,80,,-46.02,-23.039
Trichothraupis_melanops,2012,88,6.4,-47.949986,-24.16386
Trichothraupis_melanops,2005,,,-47.449741,-23.843869
Trichothraupis_melanops,2009,,11.2,-47.55,-22.416667
Trichothraupis_melanops,2013,82,,-48.884167,-26.002222
Trichothraupis_melanops,2004,,,-43.75,-20.85
Trichothraupis_melanops,2000,,,-48.416666,-24.316666
Trichothraupis_melanops,1992,,,-48.716667,-26.066667
Trichothraupis_melanops,2013,83,,-49.671408,-28.649798
Trichothraupis_melanops,2006,,,-47.460382,-23.851281
Trichothraupis_melanops,1992,,,-48.716667,-26.066667
Trichothraupis_melanops,2013,,,-47.949986,-24.16386
Trichothraupis_melanops,2006,,,-47.446516,-23.833638
Trichothraupis_melanops,1992,,,-48.716667,-26.066667
Trichothraupis_melanops,2006,,,-47.446516,-23.833638
Trichothraupis_melanops,2000,,,-48.416666,-24.316666
Trichothraupis_melanops,2016,78,6.4,-44.188333,-23.010833
Trichothraupis_melanops,2005,,,-47.453913,-23.907938
Trichothraupis_melanops,2010,84.5,7.85,-46.633333,-23.433333
Trichothraupis_melanops,2006,,,-47.480381,-23.876407
Trichothraupis_melanops,2006,,,-47.446516,-23.833638
Trichothraupis_melanops,2014,81.8,,-54.487792,-25.619635
Trichothraupis_melanops,2013,82.3,,-54.487792,-25.619635
Trichothraupis_melanops,2009,80,,-48.541493,-25.587558
Trichothraupis_melanops,2016,57,,-47.253177,-24.086093
Trichothraupis_melanops,2006,,,-47.436016,-23.880844
Trichothraupis_melanops,2004,84.7,,-48.541493,-25.587558
Trichothraupis_melanops,2012,83,6,-47.949986,-24.16386
Trichothraupis_melanops,2007,,,-47.460399,-23.88904
Trichothraupis_melanops,2002,77.6,,-48.541493,-25.587558
Trichothraupis_melanops,2006,,,-47.446516,-23.833638
Trichothraupis_melanops,2001,79.6,9.4,-48.812205,-27.768275
Trichothraupis_melanops,2015,84,,-46.509514,-23.977439
Trichothraupis_melanops,2012,71,8.43,-45.883333,-23.65
Trichothraupis_melanops,2008,,,-43.4381,-20.2067
Trichothraupis_melanops,2005,,,-47.452334,-23.920014
Trichothraupis_melanops,1998,83.1,,-48.422847,-25.356797
Trichothraupis_melanops,2007,,,-44.083333,-22.65
Trichothraupis_melanops,2005,,,-47.410015,-23.951935
Trichothraupis_melanops,2002,78.3,,-48.541493,-25.587558
Trichothraupis_melanops,2012,81,9.05,-47.949986,-24.16386
Trichothraupis_melanops,2014,79,7.9,-49.398056,-22.530694
Trichothraupis_melanops,2012,,6,-41.74221111,-20.49504444
Trichothraupis_melanops,2000,,,-48.416666,-24.316666
Trichothraupis_melanops,2016,80,,-47.245302,-24.06865
Trichothraupis_melanops,2015,86.2,,-48.541493,-25.587558
Trichothraupis_melanops,1991,,,-53.95,-27.25
Trichothraupis_melanops,2012,73,9.7,-50.6967,-24.1431
Trichothraupis_melanops,1991,,,-53.95,-27.25
Trichothraupis_melanops,2013,,,-50.6967,-24.1431
Trichothraupis_melanops,2006,,,-47.469706,-23.918526
Trichothraupis_melanops,2005,,,-47.453913,-23.907938
Trichothraupis_melanops,2010,85,,-48.433333,-23.266667
Trichothraupis_melanops,2012,78,,-50.6967,-24.1431
Trichothraupis_melanops,2010,78,,-46.016667,-23.033333
Trichothraupis_melanops,2006,,,-47.446516,-23.833638
Trichothraupis_melanops,2010,,,-46.016667,-23.033333
Trichothraupis_melanops,2001,,,-48.416666,-24.316666
Trichothraupis_melanops,2006,,,-47.471961,-23.867741
Trichothraupis_melanops,2007,89,7,-49.241106,-25.442986
Trichothraupis_melanops,2006,,,-47.452334,-23.920014
Trichothraupis_melanops,2013,84,,-49.405145,-28.599546
Trichothraupis_melanops,2003,,,-48.541493,-25.587558
Trichothraupis_melanops,2000,,7.2,-48.416666,-24.316666
Trichothraupis_melanops,2000,,8,-48.416666,-24.316666
Trichothraupis_melanops,2016,81,,-47.245302,-24.06865
Trichothraupis_melanops,2008,81,5.3,-48.054843,-20.091019
Trichothraupis_melanops,2006,,,-41.003333,-20.4
Trichothraupis_melanops,2000,,,-48.416666,-24.316666
Trichothraupis_melanops,2002,84,,-48.541493,-25.587558
Trichothraupis_melanops,2005,,,-47.452334,-23.920014
Trichothraupis_melanops,2005,,,-47.410015,-23.951935
Trichothraupis_melanops,2006,,,-47.469706,-23.918526
Trichothraupis_melanops,2005,,,-47.449741,-23.843869
Trichothraupis_melanops,2006,81,,-48.541493,-25.587558
Trichothraupis_melanops,2017,80,,-47.245302,-24.06865
Trichothraupis_melanops,2005,,,-47.377344,-23.957743
Trichothraupis_melanops,2014,73,6.7,-41.84374722,-20.41793889
Trichothraupis_melanops,2012,,,-47.57926,-22.34485
Trichothraupis_melanops,2000,,6.5,-48.416666,-24.316666
Trichothraupis_melanops,2004,82.4,,-48.541493,-25.587558
Trichothraupis_melanops,2000,,7.7,-48.416666,-24.316666
Trichothraupis_melanops,2017,76.15,,-48.673631,-25.304749
Trichothraupis_melanops,2013,75,7.1,-41.74221111,-20.49504444
Trichothraupis_melanops,2016,78,,-47.245302,-24.06865
Trichothraupis_melanops,2012,,,-50.6967,-24.1431
Trichothraupis_melanops,2006,,,-47.460382,-23.851281
Trichothraupis_melanops,2006,88,,-48.46,-23.29
Trichothraupis_melanops,2006,,,-47.460382,-23.851281
Trichothraupis_melanops,2005,,,-47.410015,-23.951935
Trichothraupis_melanops,2006,,,-47.452334,-23.920014
Trichothraupis_melanops,1996,84,,-44.204194,-23.183073
Trichothraupis_melanops,2009,81,,-48.541493,-25.587558
Trichothraupis_melanops,2017,85,5.6,-41.84374722,-20.41793889
Trichothraupis_melanops,1995,82,,-42.304444,-22.544028
Trichothraupis_melanops,2010,,,-46.016667,-23.033333
Trichothraupis_melanops,2004,,,-43.75,-20.85
Trichothraupis_melanops,2012,76,9.45,-47.949986,-24.16386
Trichothraupis_melanops,2001,,,-48.416666,-24.316666
Trichothraupis_melanops,2010,81,,-48.541493,-25.587558
Trichothraupis_melanops,2011,72.1,,-54.487792,-25.619635
Trichothraupis_melanops,2005,,,-47.446516,-23.833638
Trichothraupis_melanops,2014,79.09,7.16,-48.34105,-25.14759
Trichothraupis_melanops,2007,,,-47.460382,-23.851281
Trichothraupis_melanops,2000,,8.5,-48.416666,-24.316666
Trichothraupis_melanops,2005,84,,-46.028,-22.977
Trichothraupis_melanops,2015,85,7.7,-41.84374722,-20.41793889
Trichothraupis_melanops,2006,82,,-48.46,-23.29
Trichothraupis_melanops,2000,,8.5,-48.416666,-24.316666
Trichothraupis_melanops,2001,81.8,,-48.541493,-25.587558
Trichothraupis_melanops,2013,77,7.7,-41.84374722,-20.41793889
Trichothraupis_melanops,2015,85,7.6,-41.02029722,-20.39838889
Trichothraupis_melanops,2010,84.2,,-48.541493,-25.587558
Trichothraupis_melanops,2001,,,-48.541493,-25.587558
Trichothraupis_melanops,2006,,,-47.48322,-23.886254
Trichothraupis_melanops,2007,,,-47.377344,-23.957743
Trichothraupis_melanops,2010,75,,-46.016667,-23.033333
Trichothraupis_melanops,1993,,,-49.083333,-27.05
Trichothraupis_melanops,2002,80,,-45.427917,-23.593222
Trichothraupis_melanops,2014,70,9,-41.74221111,-20.49504444
Trichothraupis_melanops,2009,80,8.3,-46.45,-23.366667
Trichothraupis_melanops,2017,78,,-48.675863,-25.301518
Trichothraupis_melanops,2004,78,7.88,-46.316667,-23.783333
Trichothraupis_melanops,2014,78,,-48.541493,-25.587558
Trichothraupis_melanops,2001,,8,-48.40777778,-24.278333
Trichothraupis_melanops,1996,82,7.4,-44.204194,-23.183073
Trichothraupis_melanops,2017,79,,-48.541493,-25.587558
Trichothraupis_melanops,2016,80,,-49.672487,-22.37698
Trichothraupis_melanops,2017,78.45,,-48.673631,-25.304749
Trichothraupis_melanops,2002,78,8.09,-48.566667,-23.716667
Trichothraupis_melanops,2005,80,8.04,-48.566667,-23.716667
Trichothraupis_melanops,2010,79,,-48.433333,-23.266667
Trichothraupis_melanops,2017,80.35,,-48.658873,-25.291068
Trichothraupis_melanops,2017,81.35,,-48.681405,-25.29377
Trichothraupis_melanops,1996,84,6.6,-44.204194,-23.183073
Trichothraupis_melanops,2012,,,-47.949986,-24.16386
Trichothraupis_melanops,2008,83.5,,-48.541493,-25.587558
Trichothraupis_melanops,2006,,,-41.003333,-20.4
Trichothraupis_melanops,2002,84,,-45.427917,-23.593222
Trichothraupis_melanops,1991,77,7.32,-47.833333,-24.183333
Trichothraupis_melanops,1991,71,7.36,-47.833333,-24.183333
Trichothraupis_melanops,1991,76,7.47,-47.833333,-24.183333
Trichothraupis_melanops,2015,77,,-47.245302,-24.06865
Trichothraupis_melanops,2016,80,,-47.253177,-24.086093
Trichothraupis_melanops,2006,80,,-48.46,-23.29
Trichothraupis_melanops,2016,86,6.5,-49.076722,-22.775
Trichothraupis_melanops,2001,83.4,9,-48.474789,-27.585696
Trichothraupis_melanops,2006,,,-47.436016,-23.880844
Trichothraupis_melanops,2012,78.1,,-48.541493,-25.587558
Trichothraupis_melanops,2006,,,-47.81,-23.95
Trichothraupis_melanops,2005,,,-45.982,-23.633
Trichothraupis_melanops,2008,81.9,,-48.541493,-25.587558
Trichothraupis_melanops,2016,81,,-47.198404,-24.045634
Trichothraupis_melanops,2004,,,-42.2,-20.566667
Trichothraupis_melanops,2015,76,,-46.369417,-23.842417
Trichothraupis_melanops,2010,82,,-48.433333,-23.266667
Trichothraupis_melanops,1990,76,7.98,-48.416667,-24.283333
Trichothraupis_melanops,2006,,,-47.48322,-23.886254
Trichothraupis_melanops,2010,82,,-48.433333,-23.266667
Trichothraupis_melanops,2017,78.8,,-48.675863,-25.301518
Trichothraupis_melanops,2015,78.57,,-48.981171,-25.49618
Trichothraupis_melanops,2015,83,,-46.369417,-23.842417
Trichothraupis_melanops,2011,76.5,,-48.541493,-25.587558
Trichothraupis_melanops,2001,,8,-48.40777778,-24.278333
Trichothraupis_melanops,2017,74.7,,-48.675863,-25.301518
Trichothraupis_melanops,2002,76.8,,-48.541493,-25.587558
Trichothraupis_melanops,2010,,,-48.433333,-23.266667
Trichothraupis_melanops,2017,82.1,,-48.541493,-25.587558
Trichothraupis_melanops,2001,81.7,9.3,-48.474789,-27.585696
Trichothraupis_melanops,2000,,8.8,-48.416666,-24.316666
Trichothraupis_melanops,2006,,,-47.460399,-23.88904
Trichothraupis_melanops,2001,,7.8,-48.40777778,-24.278333
Trichothraupis_melanops,2000,,8,-48.416666,-24.316666
Trichothraupis_melanops,2015,80,,-47.253177,-24.086093
Trichothraupis_melanops,2005,,,-47.410015,-23.951935
Trichothraupis_melanops,2001,82,9,-42.38333,-22.5
Trichothraupis_melanops,2015,80,,-48.541493,-25.587558
Trichothraupis_melanops,2006,,,-47.480381,-23.876407
Trichothraupis_melanops,1999,,,-48.364722,-24.304722
Trichothraupis_melanops,2005,,,-47.480162,-23.913781
Trichothraupis_melanops,2016,81,,-49.672487,-22.37698
Trichothraupis_melanops,2001,,,-48.40777778,-24.278333
Trichothraupis_melanops,1999,,,-48.364722,-24.304722
Trichothraupis_melanops,2006,84,,-48.46,-23.29
Trichothraupis_melanops,2006,,,-47.460382,-23.851281
Trichothraupis_melanops,2016,90,,-49.672487,-22.37698
Trichothraupis_melanops,2016,80,,-49.672487,-22.37698
Trichothraupis_melanops,2013,82,9.65,-47.949986,-24.16386
Trichothraupis_melanops,2006,,,-47.469706,-23.918526
Trichothraupis_melanops,2011,83.6,,-48.541493,-25.587558
Trichothraupis_melanops,2015,78,,-46.340917,-23.855861
Trichothraupis_melanops,2016,83,7.2,-49.076722,-22.775
Trichothraupis_melanops,2017,79.65,,-48.675863,-25.301518
Trichothraupis_melanops,2017,78.4,,-48.673631,-25.304749
Trichothraupis_melanops,2006,,,-47.446516,-23.833638
Trichothraupis_melanops,2015,71,,-47.198404,-24.045634
Trichothraupis_melanops,1999,,,-48.364722,-24.304722
Trichothraupis_melanops,2001,88.6,8.5,-48.810668,-27.73223
Trichothraupis_melanops,2015,87,,-47.198404,-24.045634
Trichothraupis_melanops,2009,85,,-48.433333,-23.266667
Trichothraupis_melanops,2015,82.64,,-48.981171,-25.49618
Trichothraupis_melanops,2012,80,9.5,-50.6967,-24.1431
Trichothraupis_melanops,2006,79,,-45.982,-23.633
Trichothraupis_melanops,2017,,,-47.245302,-24.06865
Trichothraupis_melanops,2013,89,,-48.884167,-26.002222
Trichothraupis_melanops,2015,80,,-46.369417,-23.842417
Trichothraupis_melanops,2013,79,9.5,-47.949986,-24.16386
Trichothraupis_melanops,2006,,,-47.460382,-23.851281
Trichothraupis_melanops,1993,,,-49.6042,-28.6838
Trichothraupis_melanops,2017,75.25,,-48.68104,-25.301984
Trichothraupis_melanops,2006,,,-47.396673,-23.947513
Trichothraupis_melanops,2013,86,10.25,-47.949986,-24.16386
Trichothraupis_melanops,2001,,8.5,-48.40777778,-24.278333
Trichothraupis_melanops,2006,76.5,,-48.541493,-25.587558
Trichothraupis_melanops,2002,88,10.7,-42.38333,-22.5
Trichothraupis_melanops,2016,80.1,,-54.487792,-25.619635
Trichothraupis_melanops,2017,78,,-48.673631,-25.304749
Trichothraupis_melanops,2010,78,7.35,-46.666667,-23.4
Trichothraupis_melanops,2005,,,-47.449741,-23.843869
Trichothraupis_melanops,2006,,,-47.490814,-23.873765
Trichothraupis_melanops,2012,81.4,,-48.541493,-25.587558
Trichothraupis_melanops,2002,85,11.6,-42.38333,-22.5
Trichothraupis_melanops,2001,79,10.8,-42.38333,-22.5
Trichothraupis_melanops,2005,,,-47.452334,-23.920014
Trichothraupis_melanops,2013,87,,-49.671408,-28.649798
Trichothraupis_melanops,2005,,,-47.410015,-23.951935
Trichothraupis_melanops,2002,82,9.2,-42.38333,-22.5
Trichothraupis_melanops,2006,,,-47.471961,-23.867741
Trichothraupis_melanops,2017,80.25,,-48.673631,-25.304749
Trichothraupis_melanops,2000,,7.8,-48.416666,-24.316666
Trichothraupis_melanops,2003,78,,-48.541493,-25.587558
Trichothraupis_melanops,2008,,,-43.4381,-20.2067
Trichothraupis_melanops,2008,,,-43.4381,-20.2067
Trichothraupis_melanops,2006,85,,-48.46,-23.29
Trichothraupis_melanops,1999,,,-48.364722,-24.304722
Trichothraupis_melanops,2017,77.7,,-48.68104,-25.301984
Trichothraupis_melanops,2012,79,10,-50.6967,-24.1431
Trichothraupis_melanops,2017,81,8,-49.398056,-22.530694
Trichothraupis_melanops,2017,73.5,,-48.675863,-25.301518
Trichothraupis_melanops,2004,83.5,,-48.541493,-25.587558
Trichothraupis_melanops,2010,88,,-48.433333,-23.266667
Trichothraupis_melanops,2017,75.45,,-48.673631,-25.304749
Trichothraupis_melanops,2008,84.3,,-48.541493,-25.587558
Trichothraupis_melanops,2007,,,-47.478972,-23.893093
Trichothraupis_melanops,2006,,,-47.446516,-23.833638
Trichothraupis_melanops,2017,81.6,,-48.673631,-25.304749
Trichothraupis_melanops,1996,85,6.1,-44.204194,-23.183073
Trichothraupis_melanops,2005,,,-47.452334,-23.920014
Trichothraupis_melanops,2006,77,,-47.684,-23.915
Trichothraupis_melanops,2005,84.9,,-46.400954,-23.843052
Trichothraupis_melanops,2006,,,-47.490814,-23.873765
Trichothraupis_melanops,2008,84,4.96,-48.054843,-20.091019
Trichothraupis_melanops,1999,83,,-47.841667,-21.971667
Trichothraupis_melanops,2013,76.9,,-54.487792,-25.619635
Trichothraupis_melanops,2008,77,5.77,-48.054843,-20.091019
Trichothraupis_melanops,2007,,,-47.453913,-23.907938
Trichothraupis_melanops,2007,82,5.66,-48.054843,-20.091019
Trichothraupis_melanops,2012,81,,-49.405145,-28.599546
Trichothraupis_melanops,2012,84,,-49.405145,-28.599546
Trichothraupis_melanops,2013,82,,-49.405145,-28.599546
Trichothraupis_melanops,2012,79.1,,-48.541493,-25.587558
Trichothraupis_melanops,2011,81.5,,-46.016667,-23.033333
Trichothraupis_melanops,2009,88,5.3,-48.054843,-20.091019
Trichothraupis_melanops,2006,,,-47.452334,-23.920014
Trichothraupis_melanops,2010,88,,-46.016667,-23.033333
Trichothraupis_melanops,2002,82.6,,-48.541493,-25.587558
Trichothraupis_melanops,2009,86,10,-49.25,-27.116667
Trichothraupis_melanops,2005,79.7,,-46.400954,-23.843052
Trichothraupis_melanops,2008,78,5.89,-48.054843,-20.091019
Trichothraupis_melanops,2016,86,,-49.672487,-22.37698
Trichothraupis_melanops,2001,82.3,9,-48.812205,-27.768275
Trichothraupis_melanops,2006,83,,-45.982,-23.633
Trichothraupis_melanops,2007,82,6.4,-44.202778,-23.175
Trichothraupis_melanops,2005,,,-47.446516,-23.833638
Trichothraupis_melanops,2003,76,8.7,-42.38333,-22.5
Trichothraupis_melanops,2014,85,,-49.671408,-28.649798
Trichothraupis_melanops,1999,,,-48.364722,-24.304722
Trichothraupis_melanops,2007,,,-47.460382,-23.851281
Trichothraupis_melanops,1998,77.91,8.73,-42.95,-19.966667
Trichothraupis_melanops,2017,79.8,,-48.673631,-25.304749
Trichothraupis_melanops,2017,76.25,,-48.68104,-25.301984
Trichothraupis_melanops,2014,84.63,6.78,-48.34105,-25.14759
Trichothraupis_melanops,2017,82,7.2,-49.398056,-22.530694
Trichothraupis_melanops,2006,89,,-47.81,-23.95
Trichothraupis_melanops,2015,77.9,,-48.541493,-25.587558
Trichothraupis_melanops,1998,80.67,9.44,-42.95,-19.966667
Trichothraupis_melanops,2007,83,4.9,-48.054843,-20.091019
Trichothraupis_melanops,2014,78.54,7.93,-48.34105,-25.14759
Trichothraupis_melanops,2007,79,7.6,-48.533333,-21.616667
Trichothraupis_melanops,2016,86,8.5,-49.076722,-22.775
Trichothraupis_melanops,2016,83,,-49.672487,-22.37698
Trichothraupis_melanops,2007,80,7.59,-48.533333,-21.616667
Trichothraupis_melanops,2012,76,,-49.405145,-28.599546
Trichothraupis_melanops,2012,82,,-49.405145,-28.599546
Trichothraupis_melanops,2003,76.8,,-48.541493,-25.587558
Trichothraupis_melanops,2006,80,,-47.81,-23.95
Trichothraupis_melanops,2014,76.13,7.29,-48.34105,-25.14759
Trichothraupis_melanops,2016,85.4,,-48.541493,-25.587558
Trichothraupis_melanops,1999,80,,-47.841667,-21.971667
Trichothraupis_melanops,2007,82,6.9,-49.308679,-25.42167
Trichothraupis_melanops,2014,80.23,6.92,-48.34105,-25.14759
Trichothraupis_melanops,2015,80,,-46.457653,-23.876918
Trichothraupis_melanops,2012,84.3,,-48.541493,-25.587558
Trichothraupis_melanops,2008,86,5.04,-48.054843,-20.091019
Trichothraupis_melanops,2012,83,,-50.6967,-24.1431
Trichothraupis_melanops,1999,,,-48.364722,-24.304722
Trichothraupis_melanops,2012,,,-50.6967,-24.1431
Trichothraupis_melanops,2005,82,,-43.787333,-22.370933
Trichothraupis_melanops,1999,84,,-47.841667,-21.971667
Trichothraupis_melanops,2005,85,,-45.982,-23.633
Trichothraupis_melanops,2014,81.82,6.96,-48.34105,-25.14759
Trichothraupis_melanops,2003,85,9.6,-42.38333,-22.5
Trichothraupis_melanops,2006,,,-47.480381,-23.876407
Trichothraupis_melanops,2017,80,8.8,-49.398056,-22.530694
Trichothraupis_melanops,2006,77.1,,-47,-23.833333
Trichothraupis_melanops,2006,,,-47.443783,-23.867903
Trichothraupis_melanops,2006,,6.5,-51.94695,-23.866923
Trichothraupis_melanops,2012,,8.7,-47.949986,-24.16386
Trichothraupis_melanops,2007,84,5.8,-48.054843,-20.091019
Trichothraupis_melanops,2006,,,-47.480381,-23.876407
Trichothraupis_melanops,2007,85.8,,-47,-23.833333
Trichothraupis_melanops,2008,83.8,,-48.541493,-25.587558
Trichothraupis_melanops,2017,,,-47.198404,-24.045634
Trichothraupis_melanops,1990,76,6.98,-47.883333,-25.05
Trichothraupis_melanops,1996,83,,-44.202778,-23.175
Trichothraupis_melanops,2000,,7.5,-48.364722,-24.304722
Trichothraupis_melanops,2006,,,-47.449187,-23.854583
Trichothraupis_melanops,2005,79.9,,-46.400954,-23.843052
Trichothraupis_melanops,2005,80.1,,-46.400954,-23.843052
Trichothraupis_melanops,2004,73,,-48.541493,-25.587558
Trichothraupis_melanops,1992,,,-49.233333,-26.366667
Trichothraupis_melanops,2001,83.4,,-48.474789,-27.585696
Trichothraupis_melanops,2015,75,9.4,-41.02029722,-20.39838889
Trichothraupis_melanops,2015,82,,-54.487792,-25.619635
Trichothraupis_melanops,2009,82,8.15,-46.583333,-23.366667
Trichothraupis_melanops,2009,82,7.69,-46.45,-23.366667
Trichothraupis_melanops,2009,82,7.45,-46.45,-23.366667
Trichothraupis_melanops,2017,82,,-47.245302,-24.06865
Trichothraupis_melanops,2010,86,,-48.433333,-23.266667
Trichothraupis_melanops,2009,79.5,7.86,-46.583333,-23.366667
Trichothraupis_melanops,2006,,,-47.446516,-23.833638
Trichothraupis_melanops,2000,,,-48.416666,-24.316666
Trichothraupis_melanops,2006,,,-47.446516,-23.833638
Trichothraupis_melanops,2012,83,10.4,-50.6967,-24.1431
Trichothraupis_melanops,2001,89.6,10.4,-48.810668,-27.73223
Trichothraupis_melanops,2012,85,,-49.403256,-28.600583
Trichothraupis_melanops,1991,,,-53.95,-27.25
Trichothraupis_melanops,2008,77,6.2,-48.054843,-20.091019
Trichothraupis_melanops,2012,76,8.7,-50.6967,-24.1431
Trichothraupis_melanops,2016,84,8.5,-49.076722,-22.775
Trichothraupis_melanops,2006,86,,-45.982,-23.633
Trichothraupis_melanops,2001,,,-48.40777778,-24.278333
Trichothraupis_melanops,2006,,,-47.446516,-23.833638
Trichothraupis_melanops,2010,85,,-46.016667,-23.033333
Trichothraupis_melanops,2008,82,,-48.541493,-25.587558
Trichothraupis_melanops,2012,80.5,,-54.487792,-25.619635
Trichothraupis_melanops,2012,84,,-49.405145,-28.599546
Trichothraupis_melanops,2013,80,,-49.405145,-28.599546
Trichothraupis_melanops,2005,79,,-46.400954,-23.843052
Trichothraupis_melanops,1991,77,7.59,-47.833333,-24.183333
Trichothraupis_melanops,2017,81.2,,-48.541493,-25.587558
Trichothraupis_melanops,1999,83,,-47.841667,-21.971667
Trichothraupis_melanops,2014,76,,-50.6967,-24.1431
Trichothraupis_melanops,2014,77.3,,-54.487792,-25.619635
Trichothraupis_melanops,1996,85,6.8,-44.204194,-23.183073
Trichothraupis_melanops,2011,78,7.91,-40.05,-16.4
Trichothraupis_melanops,2011,80.5,8.25,-40.05,-16.4
Trichothraupis_melanops,2011,71.5,7.23,-40.05,-16.4
Trichothraupis_melanops,1999,84,,-47.841667,-21.971667
Trichothraupis_melanops,2000,,9,-48.416666,-24.316666
Trichothraupis_melanops,2013,83,,-49.671408,-28.649798
Trichothraupis_melanops,2005,,,-47.453913,-23.907938
Trichothraupis_melanops,2017,80,,-47.245302,-24.06865
Trichothraupis_melanops,2006,,,-47.449187,-23.854583
Trichothraupis_melanops,2015,85,,-46.340917,-23.855861
Trichothraupis_melanops,2000,,7.5,-48.416666,-24.316666
Trichothraupis_melanops,2000,,7,-48.416666,-24.316666
Trichothraupis_melanops,2015,,,-47.245302,-24.06865
Trichothraupis_melanops,2006,,,-47.469706,-23.918526
Trichothraupis_melanops,1996,85,6.9,-44.204194,-23.183073
Trichothraupis_melanops,1996,87,,-44.202778,-23.175
Trichothraupis_melanops,2001,81.4,9.6,-48.810668,-27.73223
Trichothraupis_melanops,2001,81.3,9.2,-48.810668,-27.73223
Trichothraupis_melanops,2000,81,10,-46.971111,-23.666389
Trichothraupis_melanops,2011,80,5.6,-42.047183,-22.421778
Trichothraupis_melanops,2002,81.3,,-48.541493,-25.587558
Trichothraupis_melanops,2001,,,-48.416666,-24.316666
Trichothraupis_melanops,2000,80,,-46.971111,-23.666389
Trichothraupis_melanops,2015,83,,-47.198404,-24.045634
Trichothraupis_melanops,1999,80,,-47.841667,-21.971667
Trichothraupis_melanops,1999,83,,-47.841667,-21.971667
Trichothraupis_melanops,2000,82,,-46.971111,-23.666389
Trichothraupis_melanops,1990,81.5,8.1,-47.883333,-25.05
Trichothraupis_melanops,2013,78,7.7,-41.74221111,-20.49504444
Trichothraupis_melanops,2011,84.5,,-48.541493,-25.587558
Trichothraupis_melanops,2000,,8.5,-48.416666,-24.316666
Trichothraupis_melanops,2006,,,-47.446516,-23.833638
Trichothraupis_melanops,2005,,,-47.453913,-23.907938
Trichothraupis_melanops,2015,,,-48.981171,-25.49618
Trichothraupis_melanops,2015,74,,-47.245302,-24.06865
Trichothraupis_melanops,2000,,,-48.416666,-24.316666
Trichothraupis_melanops,1999,79,,-47.841667,-21.971667
Trichothraupis_melanops,2010,82,10.6,-44.607931,-22.452726
Trichothraupis_melanops,2005,89,,-45.982,-23.633
Trichothraupis_melanops,2001,,8.8,-48.40777778,-24.278333
Trichothraupis_melanops,2012,81.3,,-48.541493,-25.587558
Trichothraupis_melanops,2000,,6,-48.416666,-24.316666
Trichothraupis_melanops,2007,,,-47.46575,-23.903054
Trichothraupis_melanops,2006,83,,-47.81,-23.95
Trichothraupis_melanops,2001,77,7.4,-46.416667,-23.8
Trichothraupis_melanops,1999,,,-48.364722,-24.304722
Trichothraupis_melanops,2017,80,7,-49.398056,-22.530694
Trichothraupis_melanops,2013,76.5,,-54.487792,-25.619635
Trichothraupis_melanops,2004,77.5,8.29,-44.366667,-22.8
Trichothraupis_melanops,1993,,,-49.6042,-28.6838
Trichothraupis_melanops,2006,,,-47.460382,-23.851281
Trichothraupis_melanops,2013,80,,-47.0125,-23.963889
Trichothraupis_melanops,2006,,,-47.460382,-23.851281
Trichothraupis_melanops,2007,88.9,,-48.541493,-25.587558
Trichothraupis_melanops,2001,,9.4,-48.52396,-27.71722
Trichothraupis_melanops,2009,78.1,,-48.541493,-25.587558
Trichothraupis_melanops,2006,,,-47.446516,-23.833638
Trichothraupis_melanops,2015,80,,-47.253177,-24.086093
Trichothraupis_melanops,2010,80,8.8,-50.6967,-24.1431
Trichothraupis_melanops,2007,85.1,,-48.541493,-25.587558
Trichothraupis_melanops,1999,79,,-47.841667,-21.971667
Trichothraupis_melanops,2015,77,,-46.369417,-23.842417
Trichothraupis_melanops,2018,82,7.7,-49.402289,-22.529975
Trichothraupis_melanops,2015,,,-47.245302,-24.06865
Trichothraupis_melanops,1999,79,,-47.841667,-21.971667
Trichothraupis_melanops,2006,,,-47.446516,-23.833638
Trichothraupis_melanops,2013,80,,-49.405145,-28.599546
Trichothraupis_melanops,2006,,,-47.46575,-23.903054
Trichothraupis_melanops,2005,81,,-47.684,-23.915
Trichothraupis_melanops,2008,84.3,,-48.541493,-25.587558
Trichothraupis_melanops,2005,,,-47.377344,-23.957743
Trichothraupis_melanops,2006,,,-47.452334,-23.920014
Trichothraupis_melanops,2006,,,-47.396673,-23.947513
Trichothraupis_melanops,2013,77,9,-50.6967,-24.1431
Trichothraupis_melanops,1999,,,-48.364722,-24.304722
Trichothraupis_melanops,2015,82,,-47.245302,-24.06865
Trichothraupis_melanops,2014,75,,-48.541493,-25.587558
Trichothraupis_melanops,2017,79,,-47.245302,-24.06865
Trichothraupis_melanops,2012,82,9.4,-50.6967,-24.1431
Trichothraupis_melanops,2013,80,,-49.405145,-28.599546
Trichothraupis_melanops,2008,80.7,,-48.541493,-25.587558
Trichothraupis_melanops,2001,86.4,8.8,-48.52396,-27.71722
Trichothraupis_melanops,2006,,,-47.48322,-23.886254
Trichothraupis_melanops,2006,82,,-48.541493,-25.587558
Trichothraupis_melanops,2004,79,6.6,-42.737667,-22.4084
Trichothraupis_melanops,2016,,,-54.487792,-25.619635
Trichothraupis_melanops,2001,84.6,9.8,-48.52396,-27.71722
Trichothraupis_melanops,2000,,7.3,-48.416666,-24.316666
Trichothraupis_melanops,2007,81,5.63,-48.054843,-20.091019
Trichothraupis_melanops,2015,71,,-47.198404,-24.045634
Trichothraupis_melanops,2015,75,,-47.245302,-24.06865
Trichothraupis_melanops,1996,,,-44.202778,-23.175
Trichothraupis_melanops,2003,77.5,6.96,-40.816667,-15.366667
Trichothraupis_melanops,2013,82,7.3,-41.74221111,-20.49504444
Trichothraupis_melanops,2006,,,-47.478972,-23.893093
Trichothraupis_melanops,2011,,,-50.6967,-24.1431
Trichothraupis_melanops,2006,,,-47.436016,-23.880844
Trichothraupis_melanops,2010,77,,-46.016667,-23.033333
Trichothraupis_melanops,2000,,,-48.416666,-24.316666
Trichothraupis_melanops,2007,,,-44.202778,-23.175
Trichothraupis_melanops,2017,74,,-47.245302,-24.06865
Trichothraupis_melanops,1999,,,-48.364722,-24.304722
Trichothraupis_melanops,1996,86,6.6,-44.204194,-23.183073
Trichothraupis_melanops,2006,,,-47.480162,-23.913781
Trichothraupis_melanops,2006,80,,-47.81,-23.95
Trichothraupis_melanops,2003,84,,-48.541493,-25.587558
Trichothraupis_melanops,2012,83,,-49.405145,-28.599546
Trichothraupis_melanops,1996,88,,-44.202778,-23.175
Trichothraupis_melanops,2017,76.1,,-48.541493,-25.587558
Trichothraupis_melanops,2006,,,-47.81,-23.95
Trichothraupis_melanops,1999,78,,-47.841667,-21.971667
Trichothraupis_melanops,2006,,,-47.490814,-23.873765
Trichothraupis_melanops,2001,,8,-48.40777778,-24.278333
Trichothraupis_melanops,2001,,8.5,-48.416666,-24.316666
Trichothraupis_melanops,2017,,,-47.198404,-24.045634
Trichothraupis_melanops,2005,,,-47.453913,-23.907938
Trichothraupis_melanops,2008,85.1,,-48.541493,-25.587558
Trichothraupis_melanops,2010,75.4,,-48.541493,-25.587558
Trichothraupis_melanops,2011,84.6,,-54.487792,-25.619635
Trichothraupis_melanops,2006,,,-47.446516,-23.833638
Trichothraupis_melanops,2005,80,5.9,-44.120167,-22.990433
Trichothraupis_melanops,2007,,,-47.443783,-23.867903
Trichothraupis_melanops,2005,80,,-45.982,-23.633
Trichothraupis_melanops,2013,75.4,,-54.487792,-25.619635
Trichothraupis_melanops,2012,84,,-49.405145,-28.599546
Trichothraupis_melanops,2000,,8.8,-48.416666,-24.316666
Trichothraupis_melanops,2017,79,,-47.253177,-24.086093
Trichothraupis_melanops,2000,,,-48.416666,-24.316666
Trichothraupis_melanops,2012,,,-50.6967,-24.1431
Trichothraupis_melanops,2017,82.2,,-48.541493,-25.587558
Trichothraupis_melanops,1999,77,,-47.841667,-21.971667
Trichothraupis_melanops,2013,80,7,-41.74221111,-20.49504444
Trichothraupis_melanops,2005,,,-47.452334,-23.920014
Trichothraupis_melanops,2000,,7.8,-48.416666,-24.316666
Trichothraupis_melanops,2000,,9.3,-48.416666,-24.316666
Trichothraupis_melanops,2001,,,-48.541493,-25.587558
Trichothraupis_melanops,1999,79,,-47.841667,-21.971667
Trichothraupis_melanops,2013,78.6,,-54.487792,-25.619635
Trichothraupis_melanops,2012,,,-50.6967,-24.1431
Trichothraupis_melanops,2008,77,6.2,-48.054843,-20.091019
Trichothraupis_melanops,2002,83,13.2,-49.15,-27.016667
Trichothraupis_melanops,2007,,,-47.449187,-23.854583
Trichothraupis_melanops,2013,78.6,,-54.487792,-25.619635
Trichothraupis_melanops,2015,82.3,,-48.541493,-25.587558
Trichothraupis_melanops,1999,,,-48.364722,-24.304722
Trichothraupis_melanops,2013,76,,-54.487792,-25.619635
Trichothraupis_melanops,1996,86,,-44.204194,-23.183073
Trichothraupis_melanops,2006,,,-47.446516,-23.833638
Trichothraupis_melanops,2006,84,,-46.028,-22.977
Trichothraupis_melanops,2002,81,7.29,-48.566667,-23.716667
Trichothraupis_melanops,2000,,8.5,-48.416666,-24.316666
Trichothraupis_melanops,2000,,7.7,-48.416666,-24.316666
Trichothraupis_melanops,2010,78.5,,-46.016667,-23.033333
Trichothraupis_melanops,2006,84,,-46.02,-23.039
Trichothraupis_melanops,2003,76.2,,-48.541493,-25.587558
Trichothraupis_melanops,2015,,,-46.369417,-23.842417
Trichothraupis_melanops,2013,80,,-47.0125,-23.963889
Trichothraupis_melanops,2006,,,-47.446516,-23.833638
Trichothraupis_melanops,2014,79.1,,-54.487792,-25.619635
Trichothraupis_melanops,2012,79.2,,-54.487792,-25.619635
Trichothraupis_melanops,2006,,,-47.436016,-23.880844
Trichothraupis_melanops,1999,87,,-47.841667,-21.971667
Trichothraupis_melanops,2007,76,7.1,-48.054843,-20.091019
Trichothraupis_melanops,2006,,,-47.48322,-23.886254
Trichothraupis_melanops,2011,82.8,,-54.487792,-25.619635
Trichothraupis_melanops,2010,81,,-46.016667,-23.033333
Trichothraupis_melanops,2012,88,,-47.949986,-24.16386
Trichothraupis_melanops,2001,80.5,7.68,-46.416667,-23.8
Trichothraupis_melanops,2014,81,8.9,-49.398056,-22.530694
Trichothraupis_melanops,2017,77.1,,-48.675863,-25.301518
Trichothraupis_melanops,1999,82,,-47.841667,-21.971667
Trichothraupis_melanops,2006,,,-47.449187,-23.854583
Trichothraupis_melanops,2007,,,-47.410015,-23.951935
Trichothraupis_melanops,2001,80,9.3,-48.474789,-27.585696
Trichothraupis_melanops,2017,80,,-47.245302,-24.06865
Trichothraupis_melanops,2010,79,,-46.016667,-23.033333
Trichothraupis_melanops,1996,,,-44.202778,-23.175
Trichothraupis_melanops,2015,80,,-46.340917,-23.855861
Trichothraupis_melanops,2004,81.6,,-48.541493,-25.587558
Trichothraupis_melanops,2006,,,-47.480381,-23.876407
Trichothraupis_melanops,2012,,,-50.6967,-24.1431
Trichothraupis_melanops,2013,80,,-48.892222,-25.985278
Trichothraupis_melanops,2013,78,,-49.405145,-28.599546
Trichothraupis_melanops,2006,85,,-47.81,-23.95
Trichothraupis_melanops,1999,78,,-47.841667,-21.971667
Trichothraupis_melanops,2004,75,8.1,-42.98,-22.41
Trichothraupis_melanops,2013,83,,-48.895407,-25.97896
Trichothraupis_melanops,2012,,,-47.59842,-22.21617
Trichothraupis_melanops,2010,78,11.4,-50.6967,-24.1431
Trichothraupis_melanops,2000,,7.5,-48.416666,-24.316666
Trichothraupis_melanops,2001,83.5,9,-48.474789,-27.585696
Trichothraupis_melanops,2011,83,8.35,-40.05,-16.4
Trichothraupis_melanops,2017,82,7.3,-49.398056,-22.530694
Trichothraupis_melanops,2006,74.3,,-47,-23.833333
Trichothraupis_melanops,2002,83.1,,-48.541493,-25.587558
Trichothraupis_melanops,1999,88,,-47.841667,-21.971667
Trichothraupis_melanops,2001,,,-48.40777778,-24.278333
Trichothraupis_melanops,2005,,,-47.449741,-23.843869
Trichothraupis_melanops,2006,79.6,,-47,-23.833333
Trichothraupis_melanops,2006,,,-47.446516,-23.833638
Trichothraupis_melanops,1996,80,7.35,-45.883333,-23.65
Trichothraupis_melanops,2002,80,14.8,-42.38333,-22.5
Trichothraupis_melanops,2011,76,7.62,-45.883333,-23.65
Trichothraupis_melanops,2010,84,,-48.433333,-23.266667
Trichothraupis_melanops,2017,81,,-47.245302,-24.06865
Trichothraupis_melanops,2010,76,,-46.016667,-23.033333
Trichothraupis_melanops,2007,85,5.35,-49.241106,-25.442986
Trichothraupis_melanops,2007,81.5,8,-48.533333,-21.616667
Trichothraupis_melanops,1999,83,,-47.841667,-21.971667
Trichothraupis_melanops,1999,82,,-47.841667,-21.971667
Trichothraupis_melanops,2000,,,-48.416666,-24.316666
Trichothraupis_melanops,2009,,,-44.45,-20.1422
Trichothraupis_melanops,2017,78.75,,-48.681405,-25.29377
Trichothraupis_melanops,1999,,,-48.364722,-24.304722
Trichothraupis_melanops,1991,,,-53.95,-27.25
Trichothraupis_melanops,2012,84.7,,-48.541493,-25.587558
Trichothraupis_melanops,2017,80,,-47.245302,-24.06865
Trichothraupis_melanops,2017,80.35,,-48.673631,-25.304749
Trichothraupis_melanops,2010,81,,-46.016667,-23.033333
Trichothraupis_melanops,2012,84.5,,-48.541493,-25.587558
Trichothraupis_melanops,2008,79.9,,-48.541493,-25.587558
Trichothraupis_melanops,2006,80,,-47.81,-23.95
Trichothraupis_melanops,2004,79.3,,-48.541493,-25.587558
Trichothraupis_melanops,2017,80,,-47.245302,-24.06865
Trichothraupis_melanops,2010,77,,-46.016667,-23.033333
Trichothraupis_melanops,2007,80.9,6.2,-49.308679,-25.42167
Trichothraupis_melanops,2007,81,7.22,-48.533333,-21.616667
Trichothraupis_melanops,2002,80,5.3,-51.952041,-23.893635
Trichothraupis_melanops,1991,,,-53.95,-27.25
Trichothraupis_melanops,2006,,,-47.422488,-23.857596
Trichothraupis_melanops,2010,81,12.7,-50.6967,-24.1431
Trichothraupis_melanops,2006,79,,-47,-23.833333
Trichothraupis_melanops,2011,73.7,,-54.487792,-25.619635
Trichothraupis_melanops,2004,78,,-48.541493,-25.587558
Trichothraupis_melanops,2005,,,-46.028,-22.977
Trichothraupis_melanops,2006,,,-47.471961,-23.867741
Trichothraupis_melanops,2013,,,-48.892222,-25.985278
Trichothraupis_melanops,1997,77.1,,-48.422847,-25.356797
Trichothraupis_melanops,2006,,,-47.48322,-23.886254
Trichothraupis_melanops,2014,77.6,,-54.487792,-25.619635
Trichothraupis_melanops,2005,,,-47.452334,-23.920014
Trichothraupis_melanops,1999,,,-48.364722,-24.304722
Trichothraupis_melanops,2006,,,-47.475802,-23.851386
Trichothraupis_melanops,2013,83,,-49.671408,-28.649798
Trichothraupis_melanops,1999,,7.4,-48.364722,-24.304722
Trichothraupis_melanops,2005,76,,-46.400954,-23.843052
Trichothraupis_melanops,2006,,,-47.436016,-23.880844
Trichothraupis_melanops,2017,73,,-50.178935,-29.482103
Trichothraupis_melanops,2011,79,8.54,-40.05,-16.4
Trichothraupis_melanops,2000,,9,-48.416666,-24.316666
Trichothraupis_melanops,2013,75,7,-41.84374722,-20.41793889
Trichothraupis_melanops,2006,,,-47.449187,-23.854583
Trichothraupis_melanops,2015,77,8.3,-49.402289,-22.529975
Trichothraupis_melanops,2012,80,11.2,-50.6973,-24.1445
Trichothraupis_melanops,2002,,7.8,-48.40777778,-24.278333
Trichothraupis_melanops,2001,80,11,-42.38333,-22.5
Trichothraupis_melanops,2017,78.1,,-48.541493,-25.587558
Trichothraupis_melanops,1999,,,-48.364722,-24.304722
Trichothraupis_melanops,2006,,,-47.475802,-23.851386
Trichothraupis_melanops,2000,,,-48.416666,-24.316666
Trichothraupis_melanops,2002,84.3,,-45.427917,-23.593222
Trichothraupis_melanops,2000,75,8.9,-46.971111,-23.666389
Trichothraupis_melanops,2001,80.6,9.3,-48.474789,-27.585696
Trichothraupis_melanops,2007,79.5,7.38,-48.533333,-21.616667
Trichothraupis_melanops,2017,74.3,,-48.673631,-25.304749
Trichothraupis_melanops,2006,82,,-47.684,-23.915
Trichothraupis_melanops,2009,,,-44.45,-20.1422
Trichothraupis_melanops,2006,75,,-46.02,-23.039
Trichothraupis_melanops,2006,,,-47.453913,-23.907938
Trichothraupis_melanops,1999,,,-48.364722,-24.304722
Trichothraupis_melanops,2006,83,,-47.81,-23.95
Trichothraupis_melanops,2010,86,,-48.433333,-23.266667
Trichothraupis_melanops,2012,84.4,,-44.4081,-19.8761
Trichothraupis_melanops,1996,83,6.8,-44.204194,-23.183073
Trichothraupis_melanops,2014,80,8.4,-49.398056,-22.530694
Trichothraupis_melanops,2013,80,9.25,-47.949986,-24.16386
Trichothraupis_melanops,2006,81,,-47.81,-23.95
Trichothraupis_melanops,2006,78.1,,-48.541493,-25.587558
Trichothraupis_melanops,2010,83,,-44.607931,-22.452726
Trichothraupis_melanops,2012,87,,-49.405145,-28.599546
Trichothraupis_melanops,2010,75,,-46.016667,-23.033333
Trichothraupis_melanops,2011,78.5,,-48.541493,-25.587558
Trichothraupis_melanops,2001,86.1,,-48.541493,-25.587558
Trichothraupis_melanops,2006,84,5.7,-44.583333,-22.366667
Trichothraupis_melanops,2012,84,6.4,-47.949986,-24.16386
Trichothraupis_melanops,2014,65,9.2,-41.74221111,-20.49504444
Trichothraupis_melanops,1999,,,-48.364722,-24.304722
Trichothraupis_melanops,2010,82,,-46.016667,-23.033333
Trichothraupis_melanops,2015,82,,-48.541493,-25.587558
Trichothraupis_melanops,2006,,,-47.480381,-23.876407
Trichothraupis_melanops,2006,80,,-47.81,-23.95
Trichothraupis_melanops,1997,80.8,,-48.422847,-25.356797
Trichothraupis_melanops,2006,77,5.8,-51.952041,-23.893635
Trichothraupis_melanops,2006,,,-47.460382,-23.851281
Trichothraupis_melanops,2003,74.9,,-48.541493,-25.587558
Trichothraupis_melanops,2000,,,-48.416666,-24.316666
Trichothraupis_melanops,2017,85,,-48.541493,-25.587558
Trichothraupis_melanops,2005,,,-47.453913,-23.907938
Trichothraupis_melanops,2006,81.3,,-47,-23.833333
Trichothraupis_melanops,2014,77.5,,-54.487792,-25.619635
Trichothraupis_melanops,2005,86,,-47.684,-23.915
Trichothraupis_melanops,1999,,,-48.364722,-24.304722
Trichothraupis_melanops,2005,,,-47.449741,-23.843869
Trichothraupis_melanops,2013,87,,-49.671408,-28.649798
Trichothraupis_melanops,2012,88,10.3,-41.74221111,-20.49504444
Trichothraupis_melanops,2001,86,10,-42.38333,-22.5
Trichothraupis_melanops,2007,,,-47.410015,-23.951935
Trichothraupis_melanops,1999,,8,-48.364722,-24.304722
Trichothraupis_melanops,2006,,,-47.471961,-23.867741
Trichothraupis_melanops,2007,,,-49.308679,-25.42167
Trichothraupis_melanops,1999,86,,-47.841667,-21.971667
Trichothraupis_melanops,2017,85,8.2,-49.398056,-22.530694
Trichothraupis_melanops,2004,88,9,-42.98,-22.41
Trichothraupis_melanops,2000,,6.8,-48.416666,-24.316666
Trichothraupis_melanops,2016,82.3,,-48.541493,-25.587558
Trichothraupis_melanops,1999,84,,-47.841667,-21.971667
Trichothraupis_melanops,2006,,,-47.449187,-23.854583
Trichothraupis_melanops,2013,80.2,,-44.4114,-19.8886
Trichothraupis_melanops,2014,79,7.7,-49.398056,-22.530694
Trichothraupis_melanops,2010,81,,-48.433333,-23.266667
Trichothraupis_melanops,2001,,,-48.40777778,-24.278333
Trichothraupis_melanops,1999,84,,-47.841667,-21.971667
Trichothraupis_melanops,2006,,,-47.460382,-23.851281
Trichothraupis_melanops,2006,80,,-47.81,-23.95
Trichothraupis_melanops,2015,76.4,,-48.541493,-25.587558
Trichothraupis_melanops,2010,81,10.9,-50.6973,-24.1445
Trichothraupis_melanops,2004,78.5,8.17,-44.366667,-22.8
Trichothraupis_melanops,2001,82.2,8.7,-48.474789,-27.585696
Trichothraupis_melanops,2006,,,-45.982,-23.633
Trichothraupis_melanops,2005,,,-47.480162,-23.913781
Trichothraupis_melanops,2013,79,7,-41.74221111,-20.49504444
Trichothraupis_melanops,2006,,,-47.446516,-23.833638
Trichothraupis_melanops,2005,,,-47.410015,-23.951935
Trichothraupis_melanops,2005,81,,-46.02,-23.039
Trichothraupis_melanops,2006,78,,-47.684,-23.915
Trichothraupis_melanops,2004,79,9.4,-42.98,-22.41
Trichothraupis_melanops,2007,,,-47.478972,-23.893093
Trichothraupis_melanops,2014,79.1,,-48.541493,-25.587558
Trichothraupis_melanops,2017,78.3,,-48.673631,-25.304749
Trichothraupis_melanops,2004,74.5,7.59,-46.316667,-23.783333
Trichothraupis_melanops,1996,82,7.1,-44.204194,-23.183073
Trichothraupis_melanops,2007,79.3,,-47,-23.833333
Trichothraupis_melanops,2010,73.4,,-46.016667,-23.033333
Trichothraupis_melanops,2014,79.6,,-54.487792,-25.619635
Trichothraupis_melanops,2006,,,-47.480381,-23.876407
Trichothraupis_melanops,2005,,,-47.405913,-23.96164
Trichothraupis_melanops,1999,,,-48.364722,-24.304722
Trichothraupis_melanops,2016,87.7,,-48.541493,-25.587558
Trichothraupis_melanops,2005,,,-47.446516,-23.833638
Trichothraupis_melanops,1999,84,,-47.841667,-21.971667
Trichothraupis_melanops,2006,,,-47.436016,-23.880844
Trichothraupis_melanops,2013,,,-48.892222,-25.985278
Trichothraupis_melanops,2002,79,10.3,-42.38333,-22.5
Trichothraupis_melanops,2006,75,7.91,-46.95,-23.716667
Trichothraupis_melanops,2012,73.7,,-54.487792,-25.619635
Trichothraupis_melanops,2006,95,,-45.982,-23.633
Trichothraupis_melanops,2002,81,,-48.541493,-25.587558
Trichothraupis_melanops,2005,,,-47.377344,-23.957743
Trichothraupis_melanops,2004,72.5,7.73,-44.366667,-22.8
Trichothraupis_melanops,2006,,,-47.480381,-23.876407
Trichothraupis_melanops,2006,,,-47.684,-23.915
Trichothraupis_melanops,2005,76,6.3,-43.787333,-22.370933
Trichothraupis_melanops,1999,,,-48.364722,-24.304722
Trichothraupis_melanops,2006,84,,-48.541493,-25.587558
Trichothraupis_melanops,2009,84,7.91,-48.533333,-21.616667
Trichothraupis_melanops,2015,,,-43.5067,-20.08
Trichothraupis_melanops,2012,,,-48.992205,-25.49548
Trichothraupis_melanops,2015,,,-43.5067,-20.08
Trichothraupis_melanops,2015,,,-43.5067,-20.08
Trichothraupis_melanops,2009,,,-43.4697,-20.1558
Trichothraupis_melanops,2014,,,-43.4714,-19.9969
Trichothraupis_melanops,2012,,,-48.992205,-25.49548
Trichothraupis_melanops,2009,,,-43.5103,-20.1536
Trichothraupis_melanops,2012,,,-48.992205,-25.49548
Trichothraupis_melanops,2010,,,-42.9067,-21.9606
Trichothraupis_melanops,2012,,,-48.992205,-25.49548
Trichothraupis_melanops,2009,,,-43.5103,-20.1536
Trichothraupis_melanops,2014,,,-43.9519,-20.2658
Trichothraupis_melanops,2013,,,-40.6822,-20.3344
Trichothraupis_melanops,2015,87,,-51.2525,-23.4425
Trichothraupis_melanops,2015,,,-51.2525,-23.4425
Trichothraupis_melanops,2015,85,,-51.2525,-23.4425
Trichothraupis_melanops,2015,80,,-51.2525,-23.4425
Trichothraupis_melanops,2015,78,,-51.2525,-23.4425
Trichothraupis_melanops,2014,,,-43.4714,-19.9969
Trichothraupis_melanops,2014,,,-43.4714,-19.9975
Trichothraupis_melanops,2015,83,,-51.2525,-23.4425
Trichothraupis_melanops,2011,,,-43.9047,-20.1378
Trichothraupis_melanops,2012,,,-48.992205,-25.49548
Trichothraupis_melanops,2015,76,,-51.2525,-23.4425
Turdus_leucomelas,1999,106.19,11.15,-35.505556,-7.618194
Turdus_leucomelas,2013,120,10.4,-49.066667,-26.9
Turdus_leucomelas,2013,,,-46.740843,-22.963396
Turdus_leucomelas,2017,120,,-47.543972,-22.396028
Turdus_leucomelas,2012,,,-40.421322,-20.415332
Turdus_leucomelas,2015,118,14.38,-47.543972,-22.396028
Turdus_leucomelas,2015,116,15.19,-47.543972,-22.396028
Turdus_leucomelas,2015,118,11.5,-47.543972,-22.396028
Turdus_leucomelas,2017,118,,-47.543972,-22.396028
Turdus_leucomelas,2016,116,12.38,-47.543972,-22.396028
Turdus_leucomelas,2014,102.2,12.3,-47.543972,-22.396028
Turdus_leucomelas,2015,116,7.3,-47.543972,-22.396028
Turdus_leucomelas,2017,122,,-47.543972,-22.396028
Turdus_leucomelas,2010,,,-43.5103,-20.1536
Turdus_leucomelas,2010,,12.61,-39.54556,-15.41861
Turdus_leucomelas,2015,108,13.1,-47.543972,-22.396028
Turdus_leucomelas,2016,116,11.06,-47.543972,-22.396028
Turdus_leucomelas,2014,120,10.5,-47.543972,-22.396028
Turdus_leucomelas,2017,125,,-47.543972,-22.396028
Turdus_leucomelas,2017,113,,-47.543972,-22.396028
Turdus_leucomelas,2009,119,12.1,-52.583333,-27.233333
Turdus_leucomelas,2015,112,15.23,-47.543972,-22.396028
Turdus_leucomelas,2015,120,12.8,-47.543972,-22.396028
Turdus_leucomelas,2017,121,,-47.543972,-22.396028
Turdus_leucomelas,2015,112,13.1,-47.543972,-22.396028
Turdus_leucomelas,2011,114.9,11.8,-36.405802,-8.20199
Turdus_leucomelas,2017,122,,-47.543972,-22.396028
Turdus_leucomelas,2015,123,11.07,-47.543972,-22.396028
Turdus_leucomelas,2012,115,,-47.543972,-22.396028
Turdus_leucomelas,2017,121,,-47.543972,-22.396028
Turdus_leucomelas,2017,105,,-47.543972,-22.396028
Turdus_leucomelas,2016,123,,-47.543972,-22.396028
Turdus_leucomelas,2016,,,-42.6714,-15.9039
Turdus_leucomelas,2016,,,-43.4711,-20
Turdus_leucomelas,2015,116,12.86,-47.543972,-22.396028
Turdus_leucomelas,2017,127,,-47.543972,-22.396028
Turdus_leucomelas,2015,116,11.5,-47.543972,-22.396028
Turdus_leucomelas,2010,119.7,,-44.4136,-19.8808
Turdus_leucomelas,2015,119,10.39,-47.543972,-22.396028
Turdus_leucomelas,2012,,,-43.9925,-19.9192
Turdus_leucomelas,2016,115,13.8,-47.543972,-22.396028
Turdus_leucomelas,2014,116.1,15.3,-47.543972,-22.396028
Turdus_leucomelas,2007,,,-44.066667,-22.583333
Turdus_leucomelas,2000,105.59,10.15,-35.833333,-8.983333
Turdus_leucomelas,2015,116,12.79,-47.543972,-22.396028
Turdus_leucomelas,2016,114,14.28,-47.543972,-22.396028
Turdus_leucomelas,2014,115.3,12.3,-47.543972,-22.396028
Turdus_leucomelas,2010,109,10.3,-35.746496,-6.968757
Turdus_leucomelas,2015,116,11.78,-47.543972,-22.396028
Turdus_leucomelas,2017,111,,-47.543972,-22.396028
Turdus_leucomelas,2014,109.1,10.5,-47.543972,-22.396028
Turdus_leucomelas,2017,119,,-47.543972,-22.396028
Turdus_leucomelas,2009,125,11,-53.065153,-27.176864
Turdus_leucomelas,2016,120,11.2,-47.543972,-22.396028
Turdus_leucomelas,2013,,,-46.750972,-22.971141
Turdus_leucomelas,2007,120,11.4,-52.516667,-26.65
Turdus_leucomelas,2012,118.3,20.5,-35.712064,-8.545119
Turdus_leucomelas,2014,117,,-47.543972,-22.396028
Turdus_leucomelas,2017,118,,-47.543972,-22.396028
Turdus_leucomelas,2016,114,13.97,-47.543972,-22.396028
Turdus_leucomelas,2017,123,,-47.543972,-22.396028
Turdus_leucomelas,2016,114,8.8,-47.543972,-22.396028
Turdus_leucomelas,2015,123,14.66,-47.543972,-22.396028
Turdus_leucomelas,2017,120,,-47.543972,-22.396028
Turdus_leucomelas,2017,122,,-47.543972,-22.396028
Turdus_leucomelas,2017,125,,-47.543972,-22.396028
Turdus_leucomelas,2016,112,,-47.543972,-22.396028
Turdus_leucomelas,2017,122,,-47.543972,-22.396028
Turdus_leucomelas,1999,112.32,11.43,-35.833611,-8.710278
Turdus_leucomelas,2013,118.3,,-40.423167,-20.596611
Turdus_leucomelas,2017,122,,-47.543972,-22.396028
Turdus_leucomelas,2015,124,11.16,-47.543972,-22.396028
Turdus_leucomelas,2016,117,,-47.543972,-22.396028
Turdus_leucomelas,2010,120.3,,-44.4136,-19.8808
Turdus_leucomelas,2015,110.7,14.21,-47.543972,-22.396028
Turdus_leucomelas,2015,117,7.6,-47.543972,-22.396028
Turdus_leucomelas,2016,114,8.69,-47.543972,-22.396028
Turdus_leucomelas,2016,112,14.19,-47.543972,-22.396028
Turdus_leucomelas,2009,,,-44.415,-20.1475
Turdus_leucomelas,2007,118,9.2,-52.516667,-26.65
Turdus_leucomelas,2007,,,-44.683333,-20.6
Turdus_leucomelas,2014,,,-43.4714,-19.9975
Turdus_leucomelas,2016,121,10.9,-47.543972,-22.396028
Turdus_leucomelas,2013,,,-46.750972,-22.971141
Turdus_leucomelas,2017,124,,-47.543972,-22.396028
Turdus_leucomelas,2017,118,,-47.543972,-22.396028
Turdus_leucomelas,2016,119,13.86,-47.543972,-22.396028
Turdus_leucomelas,2014,121.2,10.8,-47.543972,-22.396028
Turdus_leucomelas,2011,103.7,,-54.487792,-25.619635
Turdus_leucomelas,2011,113,13,-49.066667,-26.9
Turdus_leucomelas,2017,125,,-47.543972,-22.396028
Turdus_leucomelas,2015,116,13.96,-47.543972,-22.396028
Turdus_leucomelas,2010,119,10.5,-35.746496,-6.968757
Turdus_leucomelas,2017,125,,-47.543972,-22.396028
Turdus_leucomelas,2015,116,13.38,-47.543972,-22.396028
Turdus_leucomelas,2016,124,,-47.543972,-22.396028
Turdus_leucomelas,2016,,,-43.4711,-20
Turdus_leucomelas,2016,116,,-47.543972,-22.396028
Turdus_leucomelas,2017,115,,-47.543972,-22.396028
Turdus_leucomelas,2015,120,14.18,-47.543972,-22.396028
Turdus_leucomelas,2016,,,-42.6714,-15.9039
Turdus_leucomelas,2015,118,13.16,-47.543972,-22.396028
Turdus_leucomelas,2016,114,,-47.543972,-22.396028
Turdus_leucomelas,2017,118,,-47.543972,-22.396028
Turdus_leucomelas,2017,121,,-47.543972,-22.396028
Turdus_leucomelas,2015,126,,-47.543972,-22.396028
Turdus_leucomelas,2016,119,13.65,-47.543972,-22.396028
Turdus_leucomelas,2017,121,,-47.543972,-22.396028
Turdus_leucomelas,2011,112.4,10.65,-36.405802,-8.20199
Turdus_leucomelas,2017,,,-47.545152,-22.395381
Turdus_leucomelas,2016,119,,-47.543972,-22.396028
Turdus_leucomelas,2015,116,14.56,-47.543972,-22.396028
Turdus_leucomelas,2009,129,12.7,-52.583333,-27.233333
Turdus_leucomelas,2013,,,-46.740843,-22.963396
Turdus_leucomelas,2017,121,,-47.543972,-22.396028
Turdus_leucomelas,2015,116,13.9,-47.543972,-22.396028
Turdus_leucomelas,2017,119,,-47.543972,-22.396028
Turdus_leucomelas,2016,119,,-47.543972,-22.396028
Turdus_leucomelas,2011,110.4,9.5,-36.405802,-8.20199
Turdus_leucomelas,2015,124,7,-47.543972,-22.396028
Turdus_leucomelas,2016,112,13.94,-47.543972,-22.396028
Turdus_leucomelas,2015,118,13.3,-47.543972,-22.396028
Turdus_leucomelas,2016,116,11.87,-47.543972,-22.396028
Turdus_leucomelas,2007,,,-45.9,-23.350015
Turdus_leucomelas,2015,124,11.96,-47.543972,-22.396028
Turdus_leucomelas,2016,116,13.8,-47.543972,-22.396028
Turdus_leucomelas,2014,,,-46.749083,-22.950948
Turdus_leucomelas,2015,115,14.92,-47.543972,-22.396028
Turdus_leucomelas,2016,119,13.18,-47.543972,-22.396028
Turdus_leucomelas,2017,124,,-47.543972,-22.396028
Turdus_leucomelas,2017,124,,-47.543972,-22.396028
Turdus_leucomelas,2011,115,11.9,-47.205,-22.671111
Turdus_leucomelas,2009,,,-44.415,-20.1475
Turdus_leucomelas,2017,122,,-47.543972,-22.396028
Turdus_leucomelas,2014,122,,-47.543972,-22.396028
Turdus_leucomelas,2017,115,,-47.543972,-22.396028
Turdus_leucomelas,2015,117,12.99,-47.543972,-22.396028
Turdus_leucomelas,2015,119,14.54,-47.543972,-22.396028
Turdus_leucomelas,2015,119,11.2,-47.543972,-22.396028
Turdus_leucomelas,2017,126,,-47.543972,-22.396028
Turdus_leucomelas,2000,105.67,11.06,-35.833333,-8.983333
Turdus_leucomelas,2014,,,-46.749083,-22.950948
Turdus_leucomelas,2013,111.95,10.4,-35.154812,-7.042276
Turdus_leucomelas,2013,118.9,,-44.41,-19.8886
Turdus_leucomelas,2017,117,,-47.543972,-22.396028
Turdus_leucomelas,2012,118.4,17.3,-35.712064,-8.545119
Turdus_leucomelas,2015,118,13.39,-47.543972,-22.396028
Turdus_leucomelas,2017,,,-47.543972,-22.396028
Haplospiza_unicolor,2006,,,-47.469706,-23.918526
Haplospiza_unicolor,1999,,,-48.364722,-24.304722
Haplospiza_unicolor,2001,,6.8,-48.416666,-24.316666
Haplospiza_unicolor,2010,,,-46.016667,-23.033333
Haplospiza_unicolor,2006,68,,-47.81,-23.95
Haplospiza_unicolor,2001,,7.3,-48.416666,-24.316666
Haplospiza_unicolor,2010,60,,-46.016667,-23.033333
Haplospiza_unicolor,2006,62,,-47.81,-23.95
Haplospiza_unicolor,2005,66,,-47.81,-23.95
Haplospiza_unicolor,2013,60,,-50.901139,-28.007167
Haplospiza_unicolor,2001,,5.8,-48.416666,-24.316666
Haplospiza_unicolor,2010,64,,-46.016667,-23.033333
Haplospiza_unicolor,2010,64,,-46.016667,-23.033333
Haplospiza_unicolor,2006,,,-47.475802,-23.851386
Haplospiza_unicolor,2010,64,,-46.016667,-23.033333
Haplospiza_unicolor,2003,,,-43.29155,-22.449367
Haplospiza_unicolor,2017,52,,-50.162407,-29.472434
Haplospiza_unicolor,1999,,,-48.364722,-24.304722
Haplospiza_unicolor,2006,64,,-47.81,-23.95
Haplospiza_unicolor,2010,62.3,,-46.016667,-23.033333
Haplospiza_unicolor,2010,63.5,,-46.016667,-23.033333
Haplospiza_unicolor,2010,62,,-46.016667,-23.033333
Haplospiza_unicolor,2012,,,-47.949986,-24.16386
Haplospiza_unicolor,2003,65,5.2,-44.202778,-23.175
Haplospiza_unicolor,2010,63,,-48.433333,-23.266667
Haplospiza_unicolor,2001,,7.5,-48.416666,-24.316666
Haplospiza_unicolor,2006,,,-47.48322,-23.886254
Haplospiza_unicolor,2010,45,,-46.016667,-23.033333
Haplospiza_unicolor,2010,62,,-46.016667,-23.033333
Haplospiza_unicolor,2010,,,-46.016667,-23.033333
Haplospiza_unicolor,2002,64.4,,-49.356283,-25.583954
Haplospiza_unicolor,2010,66.5,,-48.433333,-23.266667
Haplospiza_unicolor,2010,65,,-46.016667,-23.033333
Haplospiza_unicolor,2006,66,,-47.81,-23.95
Haplospiza_unicolor,2009,63,8,-51.983333,-26.833333
Haplospiza_unicolor,2009,,,-44.415,-20.1475
Haplospiza_unicolor,2006,,,-47.449741,-23.843869
Haplospiza_unicolor,2000,,5.6,-48.416666,-24.316666
Haplospiza_unicolor,2001,,6.7,-48.40777778,-24.278333
Haplospiza_unicolor,2016,53,,-50.18545,-29.491353
Haplospiza_unicolor,2010,67,,-46.016667,-23.033333
Haplospiza_unicolor,2007,,,-43.45,-19.9667
Haplospiza_unicolor,2000,,5,-48.364722,-24.304722
Haplospiza_unicolor,2001,,6.7,-48.40777778,-24.278333
Haplospiza_unicolor,1999,,,-48.364722,-24.304722
Haplospiza_unicolor,2010,54,,-46.016667,-23.033333
Haplospiza_unicolor,2006,,,-47.469706,-23.918526
Haplospiza_unicolor,2012,66,8.4,-47.949986,-24.16386
Haplospiza_unicolor,2005,63,,-45.982,-23.633
Haplospiza_unicolor,2017,52.1,,-50.186006,-29.499814
Haplospiza_unicolor,2000,,5,-48.364722,-24.304722
Haplospiza_unicolor,2010,64,,-46.016667,-23.033333
Haplospiza_unicolor,2010,67,,-46.016667,-23.033333
Haplospiza_unicolor,2012,67,,-50.901139,-28.007167
Haplospiza_unicolor,2003,63,,-43.29155,-22.449367
Haplospiza_unicolor,2010,59,,-46.016667,-23.033333
Haplospiza_unicolor,2006,,,-47.48322,-23.886254
Haplospiza_unicolor,2006,,,-47.446516,-23.833638
Haplospiza_unicolor,2010,,,-46.016667,-23.033333
Haplospiza_unicolor,2006,,,-47.460382,-23.851281
Haplospiza_unicolor,2012,63,7.8,-50.6973,-24.1445
Haplospiza_unicolor,2011,58.4,,-49.356283,-25.583954
Haplospiza_unicolor,2007,,,-43.45,-19.9667
Haplospiza_unicolor,2010,67.5,,-46.016667,-23.033333
Haplospiza_unicolor,1999,,5,-48.364722,-24.304722
Haplospiza_unicolor,2002,,6.2,-48.40777778,-24.278333
Haplospiza_unicolor,2005,64,,-47.81,-23.95
Haplospiza_unicolor,2010,57.2,,-46.016667,-23.033333
Haplospiza_unicolor,2010,,,-42.8764,-21.9108
Haplospiza_unicolor,2013,65,6,-41.84374722,-20.41793889
Haplospiza_unicolor,2010,58.6,,-46.016667,-23.033333
Haplospiza_unicolor,2011,62,8.6,-50.6967,-24.1431
Haplospiza_unicolor,2010,62,,-46.016667,-23.033333
Haplospiza_unicolor,2007,,,-47.377344,-23.957743
Haplospiza_unicolor,2002,,6,-48.40777778,-24.278333
Haplospiza_unicolor,2012,67,7.05,-47.949986,-24.16386
Haplospiza_unicolor,2010,66,,-46.016667,-23.033333
Haplospiza_unicolor,2010,64,,-46.016667,-23.033333
Haplospiza_unicolor,2006,,,-47.48322,-23.886254
Haplospiza_unicolor,2007,,,-45.516693,-23.1
Haplospiza_unicolor,2007,,,-47.443783,-23.867903
Haplospiza_unicolor,2013,63,,-50.901139,-28.007167
Haplospiza_unicolor,2006,65,,-47.684,-23.915
Haplospiza_unicolor,2017,52,,-50.178935,-29.482103
Haplospiza_unicolor,2013,56,,-49.671408,-28.649798
Haplospiza_unicolor,2010,63,,-46.016667,-23.033333
Haplospiza_unicolor,2006,66,,-47.81,-23.95
Haplospiza_unicolor,2017,50,,-50.178935,-29.482103
Haplospiza_unicolor,2007,,,-45.516694,-23.1
Haplospiza_unicolor,2012,64,6.8,-47.949986,-24.16386
Haplospiza_unicolor,2006,,,-47.81,-23.95
Haplospiza_unicolor,2001,,7.5,-48.416666,-24.316666
Haplospiza_unicolor,2006,62,,-47.81,-23.95
Haplospiza_unicolor,2013,60.8,,-54.487792,-25.619635
Haplospiza_unicolor,2006,63,,-47.81,-23.95
Haplospiza_unicolor,2007,,,-45.516695,-23.1
Haplospiza_unicolor,2006,66,,-47.684,-23.915
Haplospiza_unicolor,2003,61,,-43.29155,-22.449367
Haplospiza_unicolor,2006,57,,-47.81,-23.95
Haplospiza_unicolor,2006,,,-47.480381,-23.876407
Haplospiza_unicolor,2009,,,-43.4881,-20.0978
Haplospiza_unicolor,2017,54,,-50.178935,-29.482103
Haplospiza_unicolor,2004,62.8,,-48.541493,-25.587558
Haplospiza_unicolor,2006,,,-47.48322,-23.886254
Haplospiza_unicolor,2001,,6.7,-48.416666,-24.316666
Haplospiza_unicolor,2006,62,,-47.81,-23.95
Haplospiza_unicolor,1999,,5.1,-48.364722,-24.304722
Haplospiza_unicolor,2006,61,,-47.81,-23.95
Haplospiza_unicolor,2006,66,,-47.81,-23.95
Haplospiza_unicolor,1999,,,-48.364722,-24.304722
Haplospiza_unicolor,2012,64,8.4,-50.6967,-24.1431
Haplospiza_unicolor,2010,61,,-46.016667,-23.033333
Haplospiza_unicolor,1999,,,-48.364722,-24.304722
Haplospiza_unicolor,2012,62,,-50.901139,-28.007167
Haplospiza_unicolor,2007,,,-43.45,-19.9667
Haplospiza_unicolor,2010,,,-46.016667,-23.033333
Haplospiza_unicolor,2006,68,,-47.81,-23.95
Haplospiza_unicolor,2017,52,,-50.186006,-29.499814
Haplospiza_unicolor,2006,,,-47.48322,-23.886254
Haplospiza_unicolor,2012,64,,-50.6967,-24.1431
Haplospiza_unicolor,2006,,,-47.478972,-23.893093
Haplospiza_unicolor,2010,67,,-46.016667,-23.033333
Haplospiza_unicolor,2012,66,6.6,-47.949986,-24.16386
Haplospiza_unicolor,2007,,,-45.9019,-22.6936
Haplospiza_unicolor,2013,65,7,-47.949986,-24.16386
Haplospiza_unicolor,2006,62,,-47.81,-23.95
Haplospiza_unicolor,2012,64,6.9,-47.949986,-24.16386
Haplospiza_unicolor,2001,,5.5,-48.416666,-24.316666
Haplospiza_unicolor,2007,,,-47.449187,-23.854583
Haplospiza_unicolor,2012,65,6.6,-47.949986,-24.16386
Haplospiza_unicolor,2010,65,,-46.016667,-23.033333
Haplospiza_unicolor,2007,,,-47.478972,-23.893093
Haplospiza_unicolor,2006,,,-47.471961,-23.867741
Haplospiza_unicolor,2017,48.5,,-50.178935,-29.482103
Haplospiza_unicolor,2010,,,-46.016667,-23.033333
Haplospiza_unicolor,2010,64,,-46.016667,-23.033333
Haplospiza_unicolor,2010,62,,-46.016667,-23.033333
Haplospiza_unicolor,2000,,5.5,-48.364722,-24.304722
Haplospiza_unicolor,2004,63,,-42.263883,-22.32395
Haplospiza_unicolor,2012,60,6.5,-47.949986,-24.16386
Haplospiza_unicolor,2010,67,,-46.016667,-23.033333
Haplospiza_unicolor,2012,62,6.65,-47.949986,-24.16386
Haplospiza_unicolor,2010,63,,-46.016667,-23.033333
Haplospiza_unicolor,2001,,6.1,-48.40777778,-24.278333
Haplospiza_unicolor,2007,,,-47.405913,-23.96164
Haplospiza_unicolor,2000,,5.5,-48.364722,-24.304722
Haplospiza_unicolor,2006,54,,-47.81,-23.95
Haplospiza_unicolor,2012,60,6.8,-47.949986,-24.16386
Haplospiza_unicolor,2010,69,,-48.433333,-23.266667
Haplospiza_unicolor,1992,,,-49.233333,-26.366667
Haplospiza_unicolor,2010,65,,-48.433333,-23.266667
Haplospiza_unicolor,2001,,6.7,-48.416666,-24.316666
Haplospiza_unicolor,2010,,,-46.016667,-23.033333
Haplospiza_unicolor,2013,65,,-50.851889,-28.031444
Haplospiza_unicolor,2000,,7.5,-48.416666,-24.316666
Haplospiza_unicolor,2000,,5.3,-48.364722,-24.304722
Haplospiza_unicolor,2007,,,-47.410015,-23.951935
Haplospiza_unicolor,2010,63,,-46.016667,-23.033333
Haplospiza_unicolor,2010,60,,-46.016667,-23.033333
Haplospiza_unicolor,2012,64,6.85,-47.949986,-24.16386
Haplospiza_unicolor,2000,,5.5,-48.364722,-24.304722
Haplospiza_unicolor,2010,67,,-48.433333,-23.266667
Haplospiza_unicolor,1998,58,,-51.09,-30.1
Haplospiza_unicolor,2002,,6,-48.40777778,-24.278333
Haplospiza_unicolor,2004,,,-41.816667,-20.466667
Haplospiza_unicolor,2010,63,,-46.016667,-23.033333
Haplospiza_unicolor,2013,61,7.6,-50.6967,-24.1431
Haplospiza_unicolor,1999,,,-48.364722,-24.304722
Haplospiza_unicolor,2000,,,-48.364722,-24.304722
Haplospiza_unicolor,2013,64,,-50.901139,-28.007167
Haplospiza_unicolor,1999,,5.2,-48.364722,-24.304722
Haplospiza_unicolor,2017,52,,-50.162407,-29.472434
Haplospiza_unicolor,2001,,5.5,-48.416666,-24.316666
Haplospiza_unicolor,1999,,5.2,-48.364722,-24.304722
Haplospiza_unicolor,2013,63,6.65,-47.949986,-24.16386
Haplospiza_unicolor,2007,,,-45.51669,-23.1
Haplospiza_unicolor,2012,65,,-50.901139,-28.007167
Haplospiza_unicolor,2002,,6.4,-48.40777778,-24.278333
Haplospiza_unicolor,2006,61,,-47.81,-23.95
Haplospiza_unicolor,2006,68,,-47.684,-23.915
Haplospiza_unicolor,2007,,,-47.377344,-23.957743
Haplospiza_unicolor,2010,63,,-46.016667,-23.033333
Haplospiza_unicolor,1999,,5,-48.364722,-24.304722
Haplospiza_unicolor,1999,,4.8,-48.364722,-24.304722
Haplospiza_unicolor,2007,,,-45.516691,-23.1
Haplospiza_unicolor,2004,,,-41.816667,-20.466667
Haplospiza_unicolor,2013,65,,-49.405145,-28.599546
Haplospiza_unicolor,2007,,,-47.443783,-23.867903
Haplospiza_unicolor,2013,,6.8,-47.949986,-24.16386
Haplospiza_unicolor,2010,68,,-46.016667,-23.033333
Haplospiza_unicolor,2011,,,-41.3736,-15.8722
Haplospiza_unicolor,2006,,,-47.452334,-23.920014
Haplospiza_unicolor,2006,,,-47.490814,-23.873765
Haplospiza_unicolor,2010,61,,-48.433333,-23.266667
Haplospiza_unicolor,2010,63,,-46.016667,-23.033333
Haplospiza_unicolor,2006,64,,-47.81,-23.95
Haplospiza_unicolor,1999,,5,-48.364722,-24.304722
Haplospiza_unicolor,2007,,,-47.453913,-23.907938
Haplospiza_unicolor,2006,64,,-47.81,-23.95
Haplospiza_unicolor,2010,58,,-46.016667,-23.033333
Haplospiza_unicolor,2013,60,,-49.671408,-28.649798
Haplospiza_unicolor,1993,,,-49.6042,-28.6838
Haplospiza_unicolor,2013,61,7.2,-50.6967,-24.1431
Haplospiza_unicolor,2006,65,,-47.81,-23.95
Haplospiza_unicolor,2006,57,,-47.81,-23.95
Haplospiza_unicolor,1998,59,,-51.09,-30.1
Haplospiza_unicolor,2000,,5,-48.364722,-24.304722
Haplospiza_unicolor,2017,51.5,,-50.186006,-29.499814
Haplospiza_unicolor,2010,62,,-46.016667,-23.033333
Haplospiza_unicolor,2014,61,,-50.851889,-28.031444
Haplospiza_unicolor,2010,66,,-46.016667,-23.033333
Haplospiza_unicolor,2010,,,-46.016667,-23.033333
Haplospiza_unicolor,2011,,,-43.8839,-20.1694
Haplospiza_unicolor,2006,68,,-47.684,-23.915
Haplospiza_unicolor,2010,63,6.5,-44.607931,-22.452726
Haplospiza_unicolor,2006,65,,-47.81,-23.95
Haplospiza_unicolor,2000,,5.5,-48.364722,-24.304722
Haplospiza_unicolor,2006,65,,-47.81,-23.95
Haplospiza_unicolor,2012,64,,-50.851889,-28.031444
Haplospiza_unicolor,2017,48.5,,-50.178935,-29.482103
Haplospiza_unicolor,2006,66,,-47.81,-23.95
Haplospiza_unicolor,2000,,7,-48.416666,-24.316666
Haplospiza_unicolor,2006,61,,-47.81,-23.95
Haplospiza_unicolor,2010,65,,-46.016667,-23.033333
Haplospiza_unicolor,2010,,,-46.016667,-23.033333
Haplospiza_unicolor,2010,,,-46.016667,-23.033333
Haplospiza_unicolor,2013,,,-48.992205,-25.49548
Haplospiza_unicolor,2012,84,6.65,-47.949986,-24.16386
Haplospiza_unicolor,2017,48.5,,-50.178935,-29.482103
Haplospiza_unicolor,2006,64,,-47.684,-23.915
Haplospiza_unicolor,2006,63,,-47.81,-23.95
Haplospiza_unicolor,2013,62,6.9,-50.6967,-24.1431
Haplospiza_unicolor,2017,48,,-50.178935,-29.482103
Haplospiza_unicolor,2010,63,,-46.016667,-23.033333
Haplospiza_unicolor,2000,,5.4,-48.364722,-24.304722
Haplospiza_unicolor,2001,,6.1,-48.416666,-24.316666
Haplospiza_unicolor,2006,62,,-47.81,-23.95
Haplospiza_unicolor,2006,65,,-47.81,-23.95
Haplospiza_unicolor,2010,66.4,,-48.541493,-25.587558
Haplospiza_unicolor,2006,,,-47.48322,-23.886254
Haplospiza_unicolor,2013,62,7.15,-47.949986,-24.16386
Haplospiza_unicolor,2010,60,,-46.016667,-23.033333
Haplospiza_unicolor,2001,,5.5,-48.416666,-24.316666
Haplospiza_unicolor,2008,63.8,,-48.541493,-25.587558
Haplospiza_unicolor,2007,,,-47.449187,-23.854583
Haplospiza_unicolor,2013,63,7.2,-50.6967,-24.1431
Haplospiza_unicolor,2013,66,6.7,-47.949986,-24.16386
Haplospiza_unicolor,2010,,,-46.016667,-23.033333
Haplospiza_unicolor,2001,,5.7,-48.40777778,-24.278333
Haplospiza_unicolor,2001,,6.3,-48.416666,-24.316666
Haplospiza_unicolor,2010,66,7,-50.6967,-24.1431
Haplospiza_unicolor,2006,65,,-47.81,-23.95
Haplospiza_unicolor,2006,60,,-48.46,-23.29
Haplospiza_unicolor,2013,66,,-49.671408,-28.649798
Haplospiza_unicolor,2001,,6,-48.416666,-24.316666
Haplospiza_unicolor,2010,64,,-46.016667,-23.033333
Haplospiza_unicolor,2013,60,6.75,-47.949986,-24.16386
Haplospiza_unicolor,2000,,5,-48.364722,-24.304722
Haplospiza_unicolor,1999,,,-48.364722,-24.304722
Haplospiza_unicolor,2010,57.4,,-46.016667,-23.033333
Haplospiza_unicolor,2013,60,7.9,-50.6967,-24.1431
Haplospiza_unicolor,2002,,6.8,-48.40777778,-24.278333
Haplospiza_unicolor,2002,60.8,,-49.356283,-25.583954
Haplospiza_unicolor,2010,64,,-46.016667,-23.033333
Haplospiza_unicolor,1999,,,-48.364722,-24.304722
Haplospiza_unicolor,2010,63,,-46.016667,-23.033333
Haplospiza_unicolor,1999,,,-48.364722,-24.304722
Haplospiza_unicolor,2006,64,,-47.81,-23.95
Haplospiza_unicolor,2007,,,-45.516696,-23.1
Haplospiza_unicolor,2012,66,,-51.136167,-27.7955
Haplospiza_unicolor,2010,67,,-46.016667,-23.033333
Haplospiza_unicolor,1999,,,-48.364722,-24.304722
Haplospiza_unicolor,2000,,4.8,-48.364722,-24.304722
Haplospiza_unicolor,2017,50.1,,-50.186006,-29.499814
Haplospiza_unicolor,1999,,4.8,-48.364722,-24.304722
Haplospiza_unicolor,2000,,6,-48.364722,-24.304722
Haplospiza_unicolor,2006,,,-47.480381,-23.876407
Haplospiza_unicolor,2013,63,6.85,-47.949986,-24.16386
Haplospiza_unicolor,2001,,6,-48.416666,-24.316666
Haplospiza_unicolor,2013,53,,-50.851889,-28.031444
Haplospiza_unicolor,2010,66,,-46.016667,-23.033333
Haplospiza_unicolor,2010,63,,-46.016667,-23.033333
Haplospiza_unicolor,2006,,,-47.48322,-23.886254
Haplospiza_unicolor,2006,68,5,-44.202778,-23.175
Haplospiza_unicolor,2006,,,-47.460399,-23.88904
Haplospiza_unicolor,2010,66,,-46.016667,-23.033333
Haplospiza_unicolor,2010,57,,-46.016667,-23.033333
Haplospiza_unicolor,1999,,,-48.364722,-24.304722
Haplospiza_unicolor,2011,63.2,,-48.541493,-25.587558
Haplospiza_unicolor,2006,62,,-48.541493,-25.587558
Haplospiza_unicolor,2001,64,7.3,-48.812205,-27.768275
Haplospiza_unicolor,2010,,,-42.8764,-21.9108
Haplospiza_unicolor,1999,,,-48.364722,-24.304722
Haplospiza_unicolor,2007,,,-45.9614,-22.7797
Haplospiza_unicolor,2013,60,,-49.403256,-28.600583
Haplospiza_unicolor,2011,66,8.7,-50.6967,-24.1431
Haplospiza_unicolor,2001,,7.1,-48.416666,-24.316666
Haplospiza_unicolor,2013,65,,-49.671408,-28.649798
Haplospiza_unicolor,2003,64.3,,-48.541493,-25.587558
Haplospiza_unicolor,2010,69,,-46.016667,-23.033333
Haplospiza_unicolor,2006,,,-47.436016,-23.880844
Haplospiza_unicolor,2000,,7,-48.364722,-24.304722
Haplospiza_unicolor,2006,62,,-47.81,-23.95
Haplospiza_unicolor,2004,62.7,7.8,-49.15,-27.016667
Haplospiza_unicolor,2006,,,-47.460382,-23.851281
Haplospiza_unicolor,2010,64,,-44.607931,-22.452726
Haplospiza_unicolor,2017,53,,-50.186006,-29.499814
Haplospiza_unicolor,2006,62,,-47.684,-23.915
Haplospiza_unicolor,2010,66,,-48.433333,-23.266667
Haplospiza_unicolor,2010,62,,-46.016667,-23.033333
Haplospiza_unicolor,2006,64,,-47.81,-23.95
Haplospiza_unicolor,2017,44,,-50.186006,-29.499814
Haplospiza_unicolor,2017,52.5,,-50.186006,-29.499814
Haplospiza_unicolor,2017,53,,-50.162407,-29.472434
Haplospiza_unicolor,2010,65,,-46.016667,-23.033333
Haplospiza_unicolor,2006,,,-47.460382,-23.851281
Haplospiza_unicolor,2013,63,7,-50.6967,-24.1431
Haplospiza_unicolor,2010,67,,-46.016667,-23.033333
Haplospiza_unicolor,2006,,,-47.478972,-23.893093
Haplospiza_unicolor,2010,56,,-46.016667,-23.033333
Haplospiza_unicolor,2006,63,,-47.684,-23.915
Haplospiza_unicolor,2012,66,6.55,-47.949986,-24.16386
Haplospiza_unicolor,2006,,,-47.475802,-23.851386
Haplospiza_unicolor,1999,,5.2,-48.364722,-24.304722
Haplospiza_unicolor,2010,61,,-46.016667,-23.033333
Haplospiza_unicolor,2010,,,-46.016667,-23.033333
Haplospiza_unicolor,2006,64,,-47.81,-23.95
Haplospiza_unicolor,2006,66,,-47.684,-23.915
Haplospiza_unicolor,1999,,5.2,-48.364722,-24.304722
Haplospiza_unicolor,2010,,,-46.016667,-23.033333
Haplospiza_unicolor,2017,45,,-50.186006,-29.499814
Haplospiza_unicolor,2006,67,,-47.81,-23.95
Haplospiza_unicolor,2004,,,-42.2,-20.566667
Haplospiza_unicolor,2017,46,,-50.186006,-29.499814
Haplospiza_unicolor,2006,61,,-47.684,-23.915
Haplospiza_unicolor,2010,58.5,,-46.016667,-23.033333
Haplospiza_unicolor,2006,65,,-47.81,-23.95
Haplospiza_unicolor,2000,,6,-48.364722,-24.304722
Haplospiza_unicolor,2013,69,,-49.671408,-28.649798
Haplospiza_unicolor,2016,50.05,,-50.178935,-29.482103
Haplospiza_unicolor,2012,,7.9,-50.6967,-24.1431
Haplospiza_unicolor,2004,,,-41.816667,-20.466667
Haplospiza_unicolor,2010,66,,-48.433333,-23.266667
Haplospiza_unicolor,2010,63,,-46.016667,-23.033333
Haplospiza_unicolor,2006,65,,-47.684,-23.915
Haplospiza_unicolor,2010,58,,-46.016667,-23.033333
Haplospiza_unicolor,2010,,,-46.016667,-23.033333
Haplospiza_unicolor,2010,,,-46.016667,-23.033333
Haplospiza_unicolor,1992,,,-49.066667,-27.15
Haplospiza_unicolor,1999,,,-48.364722,-24.304722
Haplospiza_unicolor,2006,57,,-47.81,-23.95
Haplospiza_unicolor,2002,65,7.3,-42.38333,-22.5
Haplospiza_unicolor,2010,65,7.7,-44.607931,-22.452726
Haplospiza_unicolor,2017,50.5,,-50.186006,-29.499814
Haplospiza_unicolor,1999,,5.6,-48.364722,-24.304722
Haplospiza_unicolor,2010,,,-46.016667,-23.033333
Haplospiza_unicolor,1999,,5.2,-48.364722,-24.304722
Haplospiza_unicolor,2010,64,,-46.016667,-23.033333
Haplospiza_unicolor,2000,,4.9,-48.364722,-24.304722
Haplospiza_unicolor,2009,61,7.1,-51.983333,-26.833333
Haplospiza_unicolor,2013,62,,-49.671408,-28.649798
Haplospiza_unicolor,2002,,5,-48.40777778,-24.278333
Haplospiza_unicolor,2010,66,,-46.016667,-23.033333
Haplospiza_unicolor,1999,,,-48.364722,-24.304722
Haplospiza_unicolor,2012,66,6.9,-47.949986,-24.16386
Haplospiza_unicolor,2013,69,,-47.7,-23.883333
Haplospiza_unicolor,2010,65,,-46.016667,-23.033333
Haplospiza_unicolor,2002,,5.7,-48.40777778,-24.278333
Haplospiza_unicolor,2006,,,-43.483,-20.0963
Haplospiza_unicolor,2001,,6.4,-48.40777778,-24.278333
Haplospiza_unicolor,2010,57,,-46.016667,-23.033333
Haplospiza_unicolor,2010,67,,-46.016667,-23.033333
Haplospiza_unicolor,2010,62,,-46.016667,-23.033333
Haplospiza_unicolor,2004,59,6.9,-42.98,-22.41
Haplospiza_unicolor,2010,,,-48.433333,-23.266667
Haplospiza_unicolor,2006,,,-47.48322,-23.886254
Haplospiza_unicolor,2010,61.6,,-46.016667,-23.033333
Haplospiza_unicolor,2017,56,,-50.178935,-29.482103
Haplospiza_unicolor,2010,62,8.9,-50.6967,-24.1431
Haplospiza_unicolor,2012,62,8.2,-50.6967,-24.1431
Haplospiza_unicolor,2011,,,-43.4714,-19.9972
Haplospiza_unicolor,2000,,6.5,-48.364722,-24.304722
Haplospiza_unicolor,2010,,,-46.016667,-23.033333
Haplospiza_unicolor,2006,64,,-47.684,-23.915
Haplospiza_unicolor,2000,,6,-48.416666,-24.316666
Haplospiza_unicolor,2000,,5.8,-48.364722,-24.304722
Haplospiza_unicolor,2006,,,-47.478972,-23.893093
Haplospiza_unicolor,2014,62,10.7,-41.84374722,-20.41793889
Haplospiza_unicolor,2013,64,,-49.671408,-28.649798
Haplospiza_unicolor,2001,,6,-48.416666,-24.316666
Haplospiza_unicolor,2010,66,,-46.016667,-23.033333
Haplospiza_unicolor,1999,,,-48.364722,-24.304722
Haplospiza_unicolor,2006,66,,-47.81,-23.95
Haplospiza_unicolor,2000,,5,-48.364722,-24.304722
Haplospiza_unicolor,2010,61,,-46.016667,-23.033333
Haplospiza_unicolor,1999,,6,-48.364722,-24.304722
Haplospiza_unicolor,2010,63,,-46.016667,-23.033333
Haplospiza_unicolor,2014,63,,-49.636667,-28.160833
Haplospiza_unicolor,2017,50,,-50.178935,-29.482103
Haplospiza_unicolor,2017,52.5,,-50.186006,-29.499814
Haplospiza_unicolor,2012,64,6.9,-47.949986,-24.16386
Haplospiza_unicolor,2001,,6.7,-48.416666,-24.316666
Haplospiza_unicolor,2013,60,6.5,-47.949986,-24.16386
Haplospiza_unicolor,2006,63,,-47.81,-23.95
Haplospiza_unicolor,1999,,5,-48.364722,-24.304722
Haplospiza_unicolor,2010,64,,-48.433333,-23.266667
Haplospiza_unicolor,2013,66,6.7,-47.949986,-24.16386
Haplospiza_unicolor,2006,65,,-47.684,-23.915
Haplospiza_unicolor,2010,,,-46.016667,-23.033333
Haplospiza_unicolor,2010,62,,-46.016667,-23.033333
Haplospiza_unicolor,1999,,,-48.364722,-24.304722
Haplospiza_unicolor,2013,65,,-50.851889,-28.031444
Haplospiza_unicolor,2010,63,,-46.016667,-23.033333
Haplospiza_unicolor,2010,62,,-46.016667,-23.033333
Haplospiza_unicolor,2010,,,-46.016667,-23.033333
Haplospiza_unicolor,2001,,,-48.416666,-24.316666
Haplospiza_unicolor,2013,63,,-49.671408,-28.649798
Haplospiza_unicolor,2003,61.5,,-49.348803,-25.589976
Haplospiza_unicolor,2006,64,,-47.684,-23.915
Haplospiza_unicolor,2015,60,,-49.636667,-28.160833
Haplospiza_unicolor,2000,,5,-48.416666,-24.316666
Haplospiza_unicolor,2013,66,,-50.851889,-28.031444
Haplospiza_unicolor,2006,62,,-48.46,-23.29
Haplospiza_unicolor,2006,64,,-47.684,-23.915
Haplospiza_unicolor,2010,59.5,,-46.016667,-23.033333
Haplospiza_unicolor,2000,,7,-48.416666,-24.316666
Haplospiza_unicolor,2006,65,,-47.81,-23.95
Haplospiza_unicolor,2007,,,-47.436016,-23.880844
Haplospiza_unicolor,2012,67,,-50.901139,-28.007167
Haplospiza_unicolor,2007,,,-43.4932,-20.1026
Haplospiza_unicolor,2006,,,-47.478972,-23.893093
Haplospiza_unicolor,2006,63.7,,-48.541493,-25.587558
Haplospiza_unicolor,1999,,4.9,-48.364722,-24.304722
Haplospiza_unicolor,2013,62,7.6,-50.6967,-24.1431
Haplospiza_unicolor,2006,,,-47.460399,-23.88904
Haplospiza_unicolor,2000,,4.8,-48.364722,-24.304722
Haplospiza_unicolor,2010,58,,-46.016667,-23.033333
Haplospiza_unicolor,2010,,,-43.5103,-20.1536
Haplospiza_unicolor,2010,66,,-46.016667,-23.033333
Haplospiza_unicolor,2001,,7,-48.40777778,-24.278333
Haplospiza_unicolor,2006,,,-47.475802,-23.851386
Haplospiza_unicolor,2006,57,,-47.81,-23.95
Haplospiza_unicolor,2001,,6.55,-48.40777778,-24.278333
Haplospiza_unicolor,2012,64,7.7,-50.6967,-24.1431
Haplospiza_unicolor,2000,,,-48.364722,-24.304722
Haplospiza_unicolor,2010,59,,-46.016667,-23.033333
Haplospiza_unicolor,2013,66,6.65,-47.949986,-24.16386
Haplospiza_unicolor,2003,,,-43.29155,-22.449367
Haplospiza_unicolor,2010,63,,-46.016667,-23.033333
Haplospiza_unicolor,1998,63,,-51.09,-30.1
Haplospiza_unicolor,1999,,,-48.364722,-24.304722
Haplospiza_unicolor,2001,,6,-48.416666,-24.316666
Haplospiza_unicolor,1999,,,-48.364722,-24.304722
Haplospiza_unicolor,2006,97,,-47.684,-23.915
Haplospiza_unicolor,1999,,5.2,-48.364722,-24.304722
Haplospiza_unicolor,2006,,,-47.480381,-23.876407
Haplospiza_unicolor,2010,64,,-46.016667,-23.033333
Haplospiza_unicolor,2012,66,6.9,-50.6967,-24.1431
Haplospiza_unicolor,2000,,6.3,-48.364722,-24.304722
Haplospiza_unicolor,2002,62.9,,-49.356283,-25.583954
Haplospiza_unicolor,2011,,,-41.3736,-15.8722
Haplospiza_unicolor,2000,,6,-48.364722,-24.304722
Haplospiza_unicolor,1999,,5.2,-48.364722,-24.304722
Haplospiza_unicolor,2010,69,,-46.016667,-23.033333
Haplospiza_unicolor,2010,67,,-46.016667,-23.033333
Haplospiza_unicolor,2010,67,,-46.016667,-23.033333
Haplospiza_unicolor,2000,,6.5,-48.364722,-24.304722
Haplospiza_unicolor,2013,65,,-49.671408,-28.649798
Haplospiza_unicolor,2010,,,-46.016667,-23.033333
Haplospiza_unicolor,1999,,,-48.364722,-24.304722
Haplospiza_unicolor,2005,63,,-46.02,-23.039
Haplospiza_unicolor,2006,67,,-47.81,-23.95
Haplospiza_unicolor,2001,,7.5,-48.416666,-24.316666
Haplospiza_unicolor,2012,66,6.65,-47.949986,-24.16386
Haplospiza_unicolor,2017,52,,-50.186006,-29.499814
Haplospiza_unicolor,2000,,4,-48.416666,-24.316666
Haplospiza_unicolor,2010,66,,-46.016667,-23.033333
Haplospiza_unicolor,2007,,,-45.516692,-23.1
Haplospiza_unicolor,2010,,,-46.016667,-23.033333
Haplospiza_unicolor,2017,49.75,,-50.178935,-29.482103
Haplospiza_unicolor,2012,65,6.2,-47.949986,-24.16386
Haplospiza_unicolor,2010,64,,-46.016667,-23.033333
Haplospiza_unicolor,2010,,,-46.016667,-23.033333
Haplospiza_unicolor,2002,64.4,,-45.427917,-23.593222
Haplospiza_unicolor,2006,,,-47.449741,-23.843869
Haplospiza_unicolor,2002,65,6.7,-42.38333,-22.5
Haplospiza_unicolor,1999,,,-48.364722,-24.304722
Haplospiza_unicolor,2013,63,,-49.405145,-28.599546
Haplospiza_unicolor,1999,,5,-48.364722,-24.304722
Haplospiza_unicolor,2006,,,-47.81,-23.95
Haplospiza_unicolor,2014,62,,-50.851889,-28.031444
Haplospiza_unicolor,2007,67,,-48.541493,-25.587558
Haplospiza_unicolor,2010,59.6,,-46.016667,-23.033333
Haplospiza_unicolor,2013,63,,-49.671408,-28.649798
Haplospiza_unicolor,2012,65,,-50.901139,-28.007167
Haplospiza_unicolor,2000,,7,-48.416666,-24.316666
Haplospiza_unicolor,2010,67,,-46.016667,-23.033333
Haplospiza_unicolor,2003,65,,-41.664975,-22.276078
Haplospiza_unicolor,2006,69,,-47.684,-23.915
Haplospiza_unicolor,2006,63,,-47.684,-23.915
Haplospiza_unicolor,2012,62,7.2,-47.949986,-24.16386
Haplospiza_unicolor,2010,61,,-46.016667,-23.033333
Haplospiza_unicolor,2017,48,,-50.186006,-29.499814
Haplospiza_unicolor,2007,,,-45.516689,-23.1
Haplospiza_unicolor,2010,63,,-46.016667,-23.033333
Haplospiza_unicolor,2006,66,,-47.81,-23.95
Haplospiza_unicolor,2001,59.4,6.7,-48.810668,-27.73223
Haplospiza_unicolor,2006,69,,-47.81,-23.95
Haplospiza_unicolor,2010,,,-46.016667,-23.033333
Haplospiza_unicolor,2013,65,6.9,-47.949986,-24.16386
Haplospiza_unicolor,1999,,5.2,-48.364722,-24.304722
Haplospiza_unicolor,2010,62.1,,-49.356283,-25.583954
Haplospiza_unicolor,1999,,,-48.364722,-24.304722
Haplospiza_unicolor,2017,51.5,,-50.186006,-29.499814
Haplospiza_unicolor,2007,,,-47.443783,-23.867903
Haplospiza_unicolor,2006,63,,-47.684,-23.915
Haplospiza_unicolor,2010,60,,-46.016667,-23.033333
Haplospiza_unicolor,2010,57,,-46.016667,-23.033333
Haplospiza_unicolor,2012,67,6.9,-47.949986,-24.16386
Haplospiza_unicolor,2013,62,,-50.901139,-28.007167
Haplospiza_unicolor,2009,65,9.2,-53.065153,-27.176864
Haplospiza_unicolor,2007,,,-47.478972,-23.893093
Haplospiza_unicolor,2017,51,,-50.178935,-29.482103
Haplospiza_unicolor,2016,54,,-50.18545,-29.491353
Haplospiza_unicolor,2010,61.5,,-46.016667,-23.033333
Haplospiza_unicolor,1993,,,-49.6042,-28.6838
Haplospiza_unicolor,1999,,,-48.364722,-24.304722
Haplospiza_unicolor,2010,66,,-46.016667,-23.033333
Haplospiza_unicolor,2010,67,,-46.016667,-23.033333
Haplospiza_unicolor,2014,51,10.7,-41.84374722,-20.41793889
Haplospiza_unicolor,2010,62,,-46.016667,-23.033333
Haplospiza_unicolor,2006,,,-47.460382,-23.851281
Haplospiza_unicolor,2013,61,8.3,-50.6967,-24.1431
Haplospiza_unicolor,2010,62,,-46.016667,-23.033333
Haplospiza_unicolor,2010,61.5,,-46.016667,-23.033333
Haplospiza_unicolor,2006,66,,-41.919983,-21.878417
Haplospiza_unicolor,2010,60,,-46.016667,-23.033333
Haplospiza_unicolor,2002,66,,-49.356283,-25.583954
Haplospiza_unicolor,2007,,,-43.45,-19.9667
Haplospiza_unicolor,2012,63,6.3,-47.949986,-24.16386
Haplospiza_unicolor,2013,60,,-50.851889,-28.031444
Haplospiza_unicolor,2006,65,,-47.81,-23.95
Haplospiza_unicolor,2000,,5.5,-48.364722,-24.304722
Haplospiza_unicolor,2006,63,,-47.81,-23.95
Haplospiza_unicolor,2007,,,-43.4932,-20.1026
Haplospiza_unicolor,2006,66,,-47.684,-23.915
Haplospiza_unicolor,2006,,,-43.483,-20.0963
Haplospiza_unicolor,2006,,,-47.478972,-23.893093
Haplospiza_unicolor,2017,50.5,,-50.178935,-29.482103
Haplospiza_unicolor,2014,63,,-49.636667,-28.160833
Haplospiza_unicolor,2006,63,,-47.81,-23.95
Haplospiza_unicolor,2007,,,-47.490814,-23.873765
Haplospiza_unicolor,2006,63,,-47.81,-23.95
Haplospiza_unicolor,2013,60,8,-47.949986,-24.16386
Haplospiza_unicolor,2010,60,,-46.016667,-23.033333
Haplospiza_unicolor,2001,,6.5,-48.40777778,-24.278333
Haplospiza_unicolor,2014,60,,-49.671408,-28.649798
Haplospiza_unicolor,1999,,5,-48.364722,-24.304722
Haplospiza_unicolor,2013,39,,-50.901139,-28.007167
Haplospiza_unicolor,2001,,7,-48.416666,-24.316666
Haplospiza_unicolor,2007,,,-43.4932,-20.1026
Haplospiza_unicolor,2010,,,-43.5103,-20.1536
Haplospiza_unicolor,2006,67,,-47.684,-23.915
Haplospiza_unicolor,2017,50,,-50.178935,-29.482103
Haplospiza_unicolor,2012,62,7.05,-47.949986,-24.16386
Haplospiza_unicolor,2010,64,,-46.016667,-23.033333
Haplospiza_unicolor,2010,67,,-46.016667,-23.033333
Haplospiza_unicolor,2006,,,-43.483,-20.0963
Haplospiza_unicolor,2004,,,-41.816667,-20.466667
Haplospiza_unicolor,2004,59,,-42.263883,-22.32395
Haplospiza_unicolor,2001,61,6.8,-48.810668,-27.73223
Haplospiza_unicolor,2006,64,,-47.81,-23.95
Haplospiza_unicolor,2006,,,-47.453913,-23.907938
Haplospiza_unicolor,2017,51,,-50.186006,-29.499814
Haplospiza_unicolor,2000,,5.4,-48.364722,-24.304722
Haplospiza_unicolor,2007,,,-47.460399,-23.88904
Haplospiza_unicolor,2000,,,-48.364722,-24.304722
Haplospiza_unicolor,2006,62,,-47.81,-23.95
Haplospiza_unicolor,2010,65,,-46.016667,-23.033333
Haplospiza_unicolor,2000,,5.5,-48.364722,-24.304722
Haplospiza_unicolor,2000,,5.8,-48.416666,-24.316666
Haplospiza_unicolor,2017,48,,-50.178935,-29.482103
Haplospiza_unicolor,2017,59,,-50.178935,-29.482103
Haplospiza_unicolor,2017,52,,-50.178935,-29.482103
Haplospiza_unicolor,2002,,6.7,-48.40777778,-24.278333
Haplospiza_unicolor,2002,58.4,,-49.348803,-25.589976
Haplospiza_unicolor,2017,52,,-50.186006,-29.499814
Haplospiza_unicolor,2010,63,7.3,-44.607931,-22.452726
Haplospiza_unicolor,2001,,7.5,-48.40777778,-24.278333
Haplospiza_unicolor,2012,68,7.4,-50.6973,-24.1445
Haplospiza_unicolor,2010,69,,-46.016667,-23.033333
Haplospiza_unicolor,2006,64,,-47.684,-23.915
Haplospiza_unicolor,2002,63,7,-42.38333,-22.5
Haplospiza_unicolor,2010,64.3,,-46.016667,-23.033333
Haplospiza_unicolor,2010,71,,-46.016667,-23.033333
Haplospiza_unicolor,2000,,6.5,-48.416666,-24.316666
Haplospiza_unicolor,2001,,,-48.416666,-24.316666
Haplospiza_unicolor,2001,,5,-48.416666,-24.316666
Haplospiza_unicolor,2000,,6.5,-48.364722,-24.304722
Haplospiza_unicolor,2006,61,,-47.81,-23.95
Haplospiza_unicolor,2010,61.5,,-46.016667,-23.033333
Haplospiza_unicolor,1999,,,-48.364722,-24.304722
Haplospiza_unicolor,2001,,,-48.416666,-24.316666
Haplospiza_unicolor,2010,65,,-46.016667,-23.033333
Haplospiza_unicolor,2000,,5.5,-48.364722,-24.304722
Haplospiza_unicolor,2006,62,,-47.81,-23.95
Haplospiza_unicolor,2010,59,,-46.016667,-23.033333
Haplospiza_unicolor,2000,,5,-48.364722,-24.304722
Haplospiza_unicolor,2006,69,,-47.684,-23.915
Haplospiza_unicolor,2013,65,6.9,-47.949986,-24.16386
Haplospiza_unicolor,2006,66,,-47.81,-23.95
Haplospiza_unicolor,2010,63.5,,-46.016667,-23.033333
Haplospiza_unicolor,2003,63,6.3,-44.202778,-23.175
Haplospiza_unicolor,2010,64,,-46.016667,-23.033333
Haplospiza_unicolor,2001,,6.5,-48.416666,-24.316666
Haplospiza_unicolor,1999,,4.8,-48.364722,-24.304722
Haplospiza_unicolor,2010,64.5,,-48.433333,-23.266667
Haplospiza_unicolor,1999,,,-48.364722,-24.304722
Haplospiza_unicolor,2010,64,,-46.016667,-23.033333
Haplospiza_unicolor,2010,,,-46.016667,-23.033333
Haplospiza_unicolor,2006,61,,-47.81,-23.95
Haplospiza_unicolor,2002,,6.9,-48.40777778,-24.278333
Haplospiza_unicolor,1999,,,-48.364722,-24.304722
Haplospiza_unicolor,1999,,5.3,-48.364722,-24.304722
Haplospiza_unicolor,2006,,,-47.480162,-23.913781
Haplospiza_unicolor,2010,,,-46.016667,-23.033333
Haplospiza_unicolor,2017,51,,-50.162407,-29.472434
Haplospiza_unicolor,2001,,6.9,-48.40777778,-24.278333
Haplospiza_unicolor,2010,68,,-46.016667,-23.033333
Haplospiza_unicolor,2007,,,-43.4932,-20.1026
Haplospiza_unicolor,2001,,7.3,-48.416666,-24.316666
Haplospiza_unicolor,2001,,6.9,-48.416666,-24.316666
Haplospiza_unicolor,2006,,,-47.436016,-23.880844
Haplospiza_unicolor,2017,48,,-50.178935,-29.482103
Haplospiza_unicolor,2006,,,-47.478972,-23.893093
Haplospiza_unicolor,1992,,,-49.233333,-26.366667
Haplospiza_unicolor,2013,65,,-49.405145,-28.599546
Haplospiza_unicolor,2002,61.8,,-45.427917,-23.593222
Haplospiza_unicolor,2013,65,,-50.851889,-28.031444
Haplospiza_unicolor,2012,66,6.8,-47.949986,-24.16386
Haplospiza_unicolor,2013,65,,-49.671408,-28.649798
Haplospiza_unicolor,2000,,6.3,-48.364722,-24.304722
Haplospiza_unicolor,2014,60.9,,-48.541493,-25.587558
Haplospiza_unicolor,2006,65,,-47.684,-23.915
Haplospiza_unicolor,2000,,5,-48.364722,-24.304722
Haplospiza_unicolor,2001,,5.9,-48.416666,-24.316666
Haplospiza_unicolor,2010,,,-46.016667,-23.033333
Haplospiza_unicolor,2010,61,,-46.016667,-23.033333
Haplospiza_unicolor,2006,,,-47.46575,-23.903054
Haplospiza_unicolor,2006,62,,-47.684,-23.915
Haplospiza_unicolor,2007,,,-43.4932,-20.1026
Haplospiza_unicolor,2010,60,,-46.016667,-23.033333
Haplospiza_unicolor,2006,67,,-47.684,-23.915
Haplospiza_unicolor,2006,66,,-47.684,-23.915
Haplospiza_unicolor,2013,63,,-49.403256,-28.600583
Haplospiza_unicolor,2010,61.5,,-46.016667,-23.033333
Haplospiza_unicolor,2010,,,-43.5103,-20.1536
Haplospiza_unicolor,2007,,,-45.9019,-22.6936
Haplospiza_unicolor,2010,,,-43.5103,-20.1536
Haplospiza_unicolor,2006,51,,-51.302929,-30.051014
Haplospiza_unicolor,2012,64,8.3,-50.6973,-24.1445
Haplospiza_unicolor,2006,68,,-47.81,-23.95
Haplospiza_unicolor,2010,65,,-46.016667,-23.033333
Haplospiza_unicolor,2001,,5.7,-48.40777778,-24.278333
Haplospiza_unicolor,2011,64,7,-50.6967,-24.1431
Haplospiza_unicolor,2010,56,,-46.016667,-23.033333
Haplospiza_unicolor,2013,61,,-47.012778,-23.964444
Haplospiza_unicolor,2010,,,-43.5103,-20.1536
Haplospiza_unicolor,2006,63,,-47.81,-23.95
Haplospiza_unicolor,2013,61,8.5,-50.6967,-24.1431
Haplospiza_unicolor,2006,65,,-47.81,-23.95
Haplospiza_unicolor,2010,61,,-46.016667,-23.033333
Haplospiza_unicolor,1999,,,-48.364722,-24.304722
Haplospiza_unicolor,2010,,,-43.5103,-20.1536
Haplospiza_unicolor,1999,,5.8,-48.364722,-24.304722
Haplospiza_unicolor,2013,62,7,-41.84374722,-20.41793889
Haplospiza_unicolor,2000,,5,-48.364722,-24.304722
Haplospiza_unicolor,2000,,6,-48.416666,-24.316666
Haplospiza_unicolor,2010,65,,-46.016667,-23.033333
Haplospiza_unicolor,2001,,6.2,-48.40777778,-24.278333
Haplospiza_unicolor,2010,64,,-46.016667,-23.033333
Haplospiza_unicolor,2016,53,,-50.171519,-29.478818
Haplospiza_unicolor,2012,60,,-50.851889,-28.031444
Haplospiza_unicolor,2001,,6.5,-48.416666,-24.316666
Haplospiza_unicolor,2010,,,-46.016667,-23.033333
Haplospiza_unicolor,2010,64,,-48.433333,-23.266667
Haplospiza_unicolor,2000,,4.9,-48.364722,-24.304722
Haplospiza_unicolor,2010,61,,-46.016667,-23.033333
Haplospiza_unicolor,2016,,,-50.18545,-29.491353
Haplospiza_unicolor,2002,,7,-48.40777778,-24.278333
Haplospiza_unicolor,2006,,,-47.48322,-23.886254
Haplospiza_unicolor,2012,66.3,5.7,-47.949986,-24.16386
Haplospiza_unicolor,2001,,6.9,-48.416666,-24.316666
Platyrinchus_mystaceus,2015,54,9,-50.6967,-24.1431
Platyrinchus_mystaceus,2006,,,-45.982,-23.633
Platyrinchus_mystaceus,2006,,,-47.46575,-23.903054
Platyrinchus_mystaceus,2006,,,-47.446516,-23.833638
Platyrinchus_mystaceus,2006,,,-47.449187,-23.854583
Platyrinchus_mystaceus,2013,56,8.4,-47.949986,-24.16386
Platyrinchus_mystaceus,2016,58,,-49.672487,-22.37698
Platyrinchus_mystaceus,2010,59,,-38.79888,-12.55468
Platyrinchus_mystaceus,2006,,,-45.982,-23.633
Platyrinchus_mystaceus,2006,,,-47.469706,-23.918526
Platyrinchus_mystaceus,2010,,,-48.433333,-23.266667
Platyrinchus_mystaceus,2006,,,-47.452334,-23.920014
Platyrinchus_mystaceus,2006,,,-47.446516,-23.833638
Platyrinchus_mystaceus,2015,49,,-47.245302,-24.06865
Platyrinchus_mystaceus,2013,,8.9,-47.949986,-24.16386
Platyrinchus_mystaceus,2009,,,-44.4336,-20.1306
Platyrinchus_mystaceus,2006,,,-47.480162,-23.913781
Platyrinchus_mystaceus,2001,58,10.4,-42.38333,-22.5
Platyrinchus_mystaceus,2005,,,-47.452334,-23.920014
Platyrinchus_mystaceus,2016,56,,-47.253177,-24.086093
Platyrinchus_mystaceus,2012,50,8.2,-47.949986,-24.16386
Platyrinchus_mystaceus,2010,,,-48.433333,-23.266667
Platyrinchus_mystaceus,2005,,,-47.452334,-23.920014
Platyrinchus_mystaceus,2015,53,,-46.369417,-23.842417
Platyrinchus_mystaceus,2012,56,8.8,-47.949986,-24.16386
Platyrinchus_mystaceus,2016,,,-50.171519,-29.478818
Platyrinchus_mystaceus,2006,53,,-47.684,-23.915
Platyrinchus_mystaceus,2012,52,8.9,-47.949986,-24.16386
Platyrinchus_mystaceus,2006,,,-47.471961,-23.867741
Platyrinchus_mystaceus,2015,,,-50.6967,-24.1431
Platyrinchus_mystaceus,2002,52,9.3,-42.38333,-22.5
Platyrinchus_mystaceus,2005,,,-47.480162,-23.913781
Platyrinchus_mystaceus,2002,56,10.4,-42.38333,-22.5
Platyrinchus_mystaceus,2001,58,10,-42.38333,-22.5
Platyrinchus_mystaceus,2006,,,-47.410015,-23.951935
Platyrinchus_mystaceus,2006,48,,-47.81,-23.95
Platyrinchus_mystaceus,1999,50,,-51.09,-30.1
Platyrinchus_mystaceus,2007,,,-45.9,-23.350007
Platyrinchus_mystaceus,2007,,,-47.396673,-23.947513
Platyrinchus_mystaceus,2006,,,-47.81,-23.95
Platyrinchus_mystaceus,2005,,,-47.396673,-23.947513
Platyrinchus_mystaceus,2005,,,-47.452334,-23.920014
Platyrinchus_mystaceus,2012,,,-50.6967,-24.1431
Platyrinchus_mystaceus,2010,,,-46.016667,-23.033333
Platyrinchus_mystaceus,2006,,,-48.46,-23.29
Platyrinchus_mystaceus,2012,54,7.8,-47.949986,-24.16386
Platyrinchus_mystaceus,2006,,,-47.460382,-23.851281
Platyrinchus_mystaceus,2006,,,-47.405913,-23.96164
Platyrinchus_mystaceus,2013,,8.6,-47.949986,-24.16386
Platyrinchus_mystaceus,2007,,,-47.460399,-23.88904
Platyrinchus_mystaceus,2012,,8.25,-47.949986,-24.16386
Platyrinchus_mystaceus,2012,,,-47.949986,-24.16386
Platyrinchus_mystaceus,2001,52.2,9.3,-48.512518,-27.531353
Platyrinchus_mystaceus,2012,,9.4,-47.949986,-24.16386
Platyrinchus_mystaceus,2012,57,7.9,-47.949986,-24.16386
Platyrinchus_mystaceus,2006,,,-47.469706,-23.918526
Platyrinchus_mystaceus,2009,,10.1,-47.55,-22.416667
Platyrinchus_mystaceus,2001,53.2,8.4,-48.52396,-27.71722
Platyrinchus_mystaceus,2007,,,-47.453913,-23.907938
Platyrinchus_mystaceus,2017,54,,-49.254528,-28.137139
Platyrinchus_mystaceus,1999,55.74,9.13,-35.833611,-8.710278
Platyrinchus_mystaceus,2011,,,-43.4086,-19.1033
Platyrinchus_mystaceus,2010,58,,-48.433333,-23.266667
Platyrinchus_mystaceus,2006,,,-47.449741,-23.843869
Platyrinchus_mystaceus,2012,51,8.7,-47.949986,-24.16386
Platyrinchus_mystaceus,2006,54,,-47.81,-23.95
Platyrinchus_mystaceus,2006,56,,-47.684,-23.915
Platyrinchus_mystaceus,2005,,,-47.410015,-23.951935
Platyrinchus_mystaceus,1999,53.97,9.65,-35.505556,-7.588889
Platyrinchus_mystaceus,2006,,,-47.471961,-23.867741
Platyrinchus_mystaceus,2010,,,-48.433333,-23.266667
Platyrinchus_mystaceus,2007,,,-47.460399,-23.88904
Platyrinchus_mystaceus,2010,,,-48.433333,-23.266667
Platyrinchus_mystaceus,2006,,,-47.478972,-23.893093
Platyrinchus_mystaceus,2010,,,-46.016667,-23.033333
Platyrinchus_mystaceus,2006,55,,-46.02,-23.039
Platyrinchus_mystaceus,2012,54,8.7,-47.949986,-24.16386
Platyrinchus_mystaceus,2010,52.5,,-48.433333,-23.266667
Platyrinchus_mystaceus,2009,,,-44.4336,-20.1306
Platyrinchus_mystaceus,2015,54,,-46.369417,-23.842417
Platyrinchus_mystaceus,2010,51,,-48.433333,-23.266667
Platyrinchus_mystaceus,2012,55.35,9.5,-35.715593,-8.515442
Platyrinchus_mystaceus,2013,52,,-48.884167,-26.002222
Platyrinchus_mystaceus,2006,,,-47.405913,-23.96164
Platyrinchus_mystaceus,2010,52,,-48.433333,-23.266667
Platyrinchus_mystaceus,2013,53,,-50.901139,-28.007167
Platyrinchus_mystaceus,2002,57,8.8,-42.38333,-22.5
Platyrinchus_mystaceus,2001,50,9,-42.38333,-22.5
Platyrinchus_mystaceus,2007,,,-47.460382,-23.851281
Platyrinchus_mystaceus,2006,,,-47.48322,-23.886254
Platyrinchus_mystaceus,2006,,,-47.446516,-23.833638
Platyrinchus_mystaceus,2017,51,,-47.245302,-24.06865
Platyrinchus_mystaceus,2013,50,,-50.901139,-28.007167
Platyrinchus_mystaceus,1998,56.19,9.21,-42.95,-19.966667
Platyrinchus_mystaceus,2010,,,-48.433333,-23.266667
Platyrinchus_mystaceus,2012,56,9.4,-50.6967,-24.1431
Platyrinchus_mystaceus,2006,,,-47.469706,-23.918526
Platyrinchus_mystaceus,2006,56,,-47.81,-23.95
Platyrinchus_mystaceus,2006,52,,-48.46,-23.29
Platyrinchus_mystaceus,2011,,,-43.5067,-20.08
Platyrinchus_mystaceus,2015,50,,-47.245302,-24.06865
Platyrinchus_mystaceus,2013,,,-50.6967,-24.1431
Platyrinchus_mystaceus,2006,,,-47.480162,-23.913781
Platyrinchus_mystaceus,2009,52.8,8.6,-49.15,-27.1
Platyrinchus_mystaceus,2006,51,,-47.81,-23.95
Platyrinchus_mystaceus,2007,52,8.31,-48.918185,-21.220465
Platyrinchus_mystaceus,2006,,,-47.377344,-23.957743
Platyrinchus_mystaceus,2010,57,,-48.573806,-27.426111
Platyrinchus_mystaceus,2005,55,,-48.46,-23.29
Platyrinchus_mystaceus,2014,55,,-51.136167,-27.7955
Platyrinchus_mystaceus,2013,54,8.5,-47.949986,-24.16386
Platyrinchus_mystaceus,2009,,,-44.4336,-20.1306
Platyrinchus_mystaceus,2017,,,-47.253177,-24.086093
Platyrinchus_mystaceus,2009,,,-43.5103,-20.1536
Platyrinchus_mystaceus,2005,,,-47.396673,-23.947513
Platyrinchus_mystaceus,2010,,,-48.433333,-23.266667
Platyrinchus_mystaceus,2008,53,6.64,-48.054843,-20.091019
Platyrinchus_mystaceus,2010,52,,-48.573806,-27.426111
Platyrinchus_mystaceus,2006,,,-47.452334,-23.920014
Platyrinchus_mystaceus,2006,,,-47.471961,-23.867741
Platyrinchus_mystaceus,2006,,,-47.453913,-23.907938
Platyrinchus_mystaceus,2012,53,10.6,-47.949986,-24.16386
Platyrinchus_mystaceus,2006,,,-47.471961,-23.867741
Platyrinchus_mystaceus,2006,,,-45.982,-23.633
Platyrinchus_mystaceus,2001,55,11.2,-42.38333,-22.5
Platyrinchus_mystaceus,2007,,,-47.453913,-23.907938
Platyrinchus_mystaceus,2009,49,9.6,-37.052089,-10.531875
Platyrinchus_mystaceus,2006,,,-47.377344,-23.957743
Platyrinchus_mystaceus,2012,54,7.5,-47.949986,-24.16386
Platyrinchus_mystaceus,2014,53,,-51.136167,-27.7955
Platyrinchus_mystaceus,1999,51.12,9.88,-35.505556,-7.588889
Platyrinchus_mystaceus,2006,,,-47.475802,-23.851386
Platyrinchus_mystaceus,2010,,,-48.433333,-23.266667
Platyrinchus_mystaceus,2006,,,-47.471961,-23.867741
Platyrinchus_mystaceus,2006,,,-47.469706,-23.918526
Platyrinchus_mystaceus,2006,,,-47.480381,-23.876407
Platyrinchus_mystaceus,2012,,9,-47.949986,-24.16386
Platyrinchus_mystaceus,2006,59,,-47.684,-23.915
Platyrinchus_mystaceus,2005,58,,-48.46,-23.29
Platyrinchus_mystaceus,2013,55,,-47.7,-23.883333
Platyrinchus_mystaceus,2013,58,,-47.7,-23.883333
Platyrinchus_mystaceus,2017,57,,-49.313417,-28.093417
Platyrinchus_mystaceus,2015,55,,-46.369417,-23.842417
Platyrinchus_mystaceus,2006,,,-47.377344,-23.957743
Platyrinchus_mystaceus,2010,57,,-48.433333,-23.266667
Platyrinchus_mystaceus,2006,,,-47.471961,-23.867741
Platyrinchus_mystaceus,2015,54,,-47.245302,-24.06865
Platyrinchus_mystaceus,2006,,,-47.471961,-23.867741
Platyrinchus_mystaceus,2007,,,-47.436016,-23.880844
Platyrinchus_mystaceus,2010,,,-46.016667,-23.033333
Platyrinchus_mystaceus,2013,,,-48.892222,-25.985278
Platyrinchus_mystaceus,2012,53,5.4,-47.949986,-24.16386
Platyrinchus_mystaceus,2015,55,,-46.509514,-23.977439
Platyrinchus_mystaceus,1997,56,7.4,-44.204194,-23.183073
Platyrinchus_mystaceus,2006,,,-47.452334,-23.920014
Platyrinchus_mystaceus,2006,,,-45.982,-23.633
Platyrinchus_mystaceus,2012,57,8.7,-47.949986,-24.16386
Platyrinchus_mystaceus,2007,,,-47.443783,-23.867903
Platyrinchus_mystaceus,2006,,,-47.480162,-23.913781
Platyrinchus_mystaceus,2013,57,,-50.901139,-28.007167
Platyrinchus_mystaceus,2012,,9,-47.949986,-24.16386
Platyrinchus_mystaceus,2010,51,,-48.433333,-23.266667
Platyrinchus_mystaceus,2013,46,10.5,-50.6967,-24.1431
Platyrinchus_mystaceus,2001,55,9.5,-42.38333,-22.5
Platyrinchus_mystaceus,2005,49,,-48.46,-23.29
Platyrinchus_mystaceus,2005,,,-47.452334,-23.920014
Platyrinchus_mystaceus,2016,52,8,-48.633333,-26.233333
Platyrinchus_mystaceus,2010,52,,-48.433333,-23.266667
Platyrinchus_mystaceus,2006,,,-47.490814,-23.873765
Platyrinchus_mystaceus,2012,57,8.5,-47.949986,-24.16386
Platyrinchus_mystaceus,2006,56,,-46.02,-23.039
Platyrinchus_mystaceus,1996,,,-44.202778,-23.175
Platyrinchus_mystaceus,2015,52,,-46.289722,-23.90525
Platyrinchus_mystaceus,2010,,,-48.433333,-23.266667
Platyrinchus_mystaceus,2010,55,,-48.433333,-23.266667
Platyrinchus_mystaceus,2006,,,-47.452334,-23.920014
Platyrinchus_mystaceus,2014,,,-50.6967,-24.1431
Platyrinchus_mystaceus,2002,55,9.1,-42.38333,-22.5
Platyrinchus_mystaceus,2006,,,-47.480381,-23.876407
Platyrinchus_mystaceus,2006,,,-47.436016,-23.880844
Platyrinchus_mystaceus,2012,58,8.9,-47.949986,-24.16386
Platyrinchus_mystaceus,2012,52,,-50.851889,-28.031444
Platyrinchus_mystaceus,2013,56,9.3,-47.949986,-24.16386
Platyrinchus_mystaceus,2013,50,,-50.901139,-28.007167
Platyrinchus_mystaceus,2017,58,,-47.245302,-24.06865
Platyrinchus_mystaceus,2007,49,11.4,-35.884722,-9.216667
Platyrinchus_mystaceus,2007,,,-44.683333,-20.6
Platyrinchus_mystaceus,2005,50,,-46.02,-23.039
Platyrinchus_mystaceus,2006,,,-47.480381,-23.876407
Platyrinchus_mystaceus,2009,,,-44.3856,-20.1614
Platyrinchus_mystaceus,2013,56,,-50.901139,-28.007167
Platyrinchus_mystaceus,2006,55,,-47.684,-23.915
Platyrinchus_mystaceus,2007,56,10.3,-35.884722,-9.216667
Platyrinchus_mystaceus,2012,56,9.2,-50.6967,-24.1431
Platyrinchus_mystaceus,2004,56,8.24,-49.066667,-27
Platyrinchus_mystaceus,2008,53,7.7,-48.054843,-20.091019
Platyrinchus_mystaceus,2016,,,-47.245302,-24.06865
Platyrinchus_mystaceus,2012,50,7.4,-47.949986,-24.16386
Platyrinchus_mystaceus,2012,54,8.5,-47.949986,-24.16386
Platyrinchus_mystaceus,2010,55,,-48.433333,-23.266667
Platyrinchus_mystaceus,2012,,,-50.6967,-24.1431
Platyrinchus_mystaceus,2006,51,,-47.684,-23.915
Platyrinchus_mystaceus,2012,55,8.1,-47.949986,-24.16386
Platyrinchus_mystaceus,2010,,,-48.433333,-23.266667
Platyrinchus_mystaceus,2010,57,,-48.433333,-23.266667
Platyrinchus_mystaceus,2010,,,-48.433333,-23.266667
Platyrinchus_mystaceus,2006,,,-47.475802,-23.851386
Platyrinchus_mystaceus,2011,,,-43.5067,-20.08
Platyrinchus_mystaceus,2010,50.5,,-48.433333,-23.266667
Platyrinchus_mystaceus,2010,,,-48.433333,-23.266667
Platyrinchus_mystaceus,2005,55,,-46.02,-23.039
Platyrinchus_mystaceus,2005,,,-47.449741,-23.843869
Platyrinchus_mystaceus,2001,51.4,8.3,-48.474789,-27.585696
Platyrinchus_mystaceus,2015,55,,-46.340917,-23.855861
Platyrinchus_mystaceus,2007,,,-47.443783,-23.867903
Platyrinchus_mystaceus,2010,55,,-48.433333,-23.266667
Platyrinchus_mystaceus,2006,,,-47.480162,-23.913781
Platyrinchus_mystaceus,2010,,,-48.433333,-23.266667
Platyrinchus_mystaceus,2015,52,,-46.289722,-23.90525
Platyrinchus_mystaceus,2008,54,7.57,-48.054843,-20.091019
Platyrinchus_mystaceus,2015,53,,-47.198404,-24.045634
Platyrinchus_mystaceus,2000,50.62,9.72,-35.414247,-8.685619
Platyrinchus_mystaceus,2006,,,-47.480381,-23.876407
Platyrinchus_mystaceus,2012,,8.5,-47.949986,-24.16386
Platyrinchus_mystaceus,2017,,,-47.198404,-24.045634
Platyrinchus_mystaceus,2015,,,-43.3958,-18.8556
Platyrinchus_mystaceus,2002,55,9,-42.38333,-22.5
Platyrinchus_mystaceus,2010,,,-48.433333,-23.266667
Platyrinchus_mystaceus,2006,59,,-46.02,-23.039
Platyrinchus_mystaceus,2010,54.5,,-48.433333,-23.266667
Platyrinchus_mystaceus,2000,54.76,8.75,-35.864361,-8.98225
Platyrinchus_mystaceus,2013,,8.7,-47.949986,-24.16386
Platyrinchus_mystaceus,2014,,,-50.6967,-24.1431
Platyrinchus_mystaceus,2013,54,9,-47.949986,-24.16386
Platyrinchus_mystaceus,2006,,,-47.684,-23.915
Platyrinchus_mystaceus,2010,54,,-48.433333,-23.266667
Platyrinchus_mystaceus,2006,,,-47.480381,-23.876407
Platyrinchus_mystaceus,2012,,8.4,-47.949986,-24.16386
Platyrinchus_mystaceus,2012,53,7.9,-47.949986,-24.16386
Platyrinchus_mystaceus,2015,51,,-46.369417,-23.842417
Platyrinchus_mystaceus,2006,55,,-47.684,-23.915
Platyrinchus_mystaceus,2010,,,-46.016667,-23.033333
Platyrinchus_mystaceus,2006,,,-47.446516,-23.833638
Platyrinchus_mystaceus,2012,50,8.85,-47.949986,-24.16386
Platyrinchus_mystaceus,2009,49,,-39.500511,-15.314456
Platyrinchus_mystaceus,2010,56,,-46.016667,-23.033333
Platyrinchus_mystaceus,2006,55,,-47.684,-23.915
Platyrinchus_mystaceus,2010,,,-38.79888,-12.55468
Platyrinchus_mystaceus,1999,55,,-51.09,-30.1
Platyrinchus_mystaceus,1999,56.21,9.71,-35.833611,-8.710278
Platyrinchus_mystaceus,2005,,,-45.982,-23.633
Platyrinchus_mystaceus,2010,,,-46.016667,-23.033333
Platyrinchus_mystaceus,2010,,,-48.433333,-23.266667
Platyrinchus_mystaceus,2013,55.6,9.65,-35.154812,-7.042276
Platyrinchus_mystaceus,2006,,,-47.460382,-23.851281
Platyrinchus_mystaceus,2015,52,,-46.369417,-23.842417
Platyrinchus_mystaceus,2008,55,7.44,-48.054843,-20.091019
Platyrinchus_mystaceus,2012,55,9.2,-47.949986,-24.16386
Platyrinchus_mystaceus,2011,,,-43.5067,-20.08
Platyrinchus_mystaceus,2002,56,9.1,-42.38333,-22.5
Platyrinchus_mystaceus,2010,59,,-38.79888,-12.55468
Platyrinchus_mystaceus,2006,51,,-48.46,-23.29
Platyrinchus_mystaceus,2006,,,-47.436016,-23.880844
Platyrinchus_mystaceus,2012,57,7.1,-47.949986,-24.16386
Platyrinchus_mystaceus,2006,,,-47.471961,-23.867741
Platyrinchus_mystaceus,2006,52,,-45.982,-23.633
Platyrinchus_mystaceus,2005,51,,-47.684,-23.915
Platyrinchus_mystaceus,2005,,,-47.449741,-23.843869
Platyrinchus_mystaceus,2012,,7.6,-47.949986,-24.16386
Platyrinchus_mystaceus,2008,50,8.14,-48.054843,-20.091019
Platyrinchus_mystaceus,2010,,,-48.433333,-23.266667
Platyrinchus_mystaceus,2002,55,9.3,-42.38333,-22.5
Platyrinchus_mystaceus,2010,55,,-48.433333,-23.266667
Platyrinchus_mystaceus,2006,50,9.7,-49.066667,-27
Platyrinchus_mystaceus,2006,,,-46.028,-22.977
Platyrinchus_mystaceus,2012,54,8.3,-47.949986,-24.16386
Platyrinchus_mystaceus,2006,,,-47.446516,-23.833638
Platyrinchus_mystaceus,2000,55.36,9.88,-35.864361,-8.98225
Platyrinchus_mystaceus,2006,,,-47.436016,-23.880844
Platyrinchus_mystaceus,2006,,,-45.982,-23.633
Platyrinchus_mystaceus,2012,56,,-50.901139,-28.007167
Platyrinchus_mystaceus,2007,,,-47.460399,-23.88904
Platyrinchus_mystaceus,2012,52,8.8,-50.6967,-24.1431
Platyrinchus_mystaceus,2006,55,,-46.02,-23.039
Platyrinchus_mystaceus,2007,,,-44.683333,-20.6
Platyrinchus_mystaceus,2006,,,-47.449187,-23.854583
Platyrinchus_mystaceus,2002,55.68,9.62,-35.050111,-8.239361
Platyrinchus_mystaceus,1996,56,7.5,-44.202778,-23.175
Platyrinchus_mystaceus,2006,,,-47.449741,-23.843869
Platyrinchus_mystaceus,2009,,,-43.4428,-18.5303
Platyrinchus_mystaceus,2017,,,-50.186006,-29.499814
Platyrinchus_mystaceus,2006,,,-47.452334,-23.920014
Platyrinchus_mystaceus,2006,55,,-47.81,-23.95
Platyrinchus_mystaceus,2012,54,,-50.901139,-28.007167
Platyrinchus_mystaceus,2006,,,-47.480162,-23.913781
Platyrinchus_mystaceus,2005,,,-47.446516,-23.833638
Platyrinchus_mystaceus,2002,55,9.4,-42.38333,-22.5
Platyrinchus_mystaceus,2006,,,-47.452334,-23.920014
Platyrinchus_mystaceus,2006,,,-45.982,-23.633
Platyrinchus_mystaceus,2009,51,,-48.433333,-23.266667
Platyrinchus_mystaceus,2010,51,,-48.433333,-23.266667
Platyrinchus_mystaceus,2010,,,-48.433333,-23.266667
Platyrinchus_mystaceus,2015,47,,-46.369417,-23.842417
Platyrinchus_mystaceus,2009,55,8.4,-51.958402,-26.758381
Platyrinchus_mystaceus,2012,55.8,7.5,-47.949986,-24.16386
Platyrinchus_mystaceus,2006,,,-47.46575,-23.903054
Platyrinchus_mystaceus,2005,56,,-47.684,-23.915
Platyrinchus_mystaceus,2012,50,8.2,-47.949986,-24.16386
Platyrinchus_mystaceus,2006,,,-46.02,-23.039
Platyrinchus_mystaceus,2009,56.5,,-48.433333,-23.266667
Platyrinchus_mystaceus,2007,,,-47.453913,-23.907938
Platyrinchus_mystaceus,2015,52,,-46.369417,-23.842417
Platyrinchus_mystaceus,2006,,,-47.471961,-23.867741
Platyrinchus_mystaceus,2006,,,-47.453913,-23.907938
Platyrinchus_mystaceus,2013,53,,-50.901139,-28.007167
Platyrinchus_mystaceus,2007,,,-47.453913,-23.907938
Platyrinchus_mystaceus,2012,,,-50.6967,-24.1431
Platyrinchus_mystaceus,2010,,,-48.433333,-23.266667
Platyrinchus_mystaceus,2005,,,-47.480162,-23.913781
Platyrinchus_mystaceus,2007,56,11.3,-35.884722,-9.216667
Platyrinchus_mystaceus,2013,,8.9,-47.949986,-24.16386
Platyrinchus_mystaceus,2006,,,-47.480162,-23.913781
Platyrinchus_mystaceus,2010,49,,-48.573806,-27.426111
Platyrinchus_mystaceus,2010,52,,-48.433333,-23.266667
Platyrinchus_mystaceus,2013,49,,-50.901139,-28.007167
Platyrinchus_mystaceus,2015,,,-47.245302,-24.06865
Platyrinchus_mystaceus,2002,53,8.8,-42.38333,-22.5
Platyrinchus_mystaceus,2005,56,,-48.46,-23.29
Platyrinchus_mystaceus,2005,,,-45.982,-23.633
Platyrinchus_mystaceus,1999,51,,-51.09,-30.1
Platyrinchus_mystaceus,2001,56,9.2,-42.38333,-22.5
Platyrinchus_mystaceus,2012,54,9.2,-47.949986,-24.16386
Platyrinchus_mystaceus,2012,53,8.65,-47.949986,-24.16386
Platyrinchus_mystaceus,2001,55.1,8.4,-48.512518,-27.531353
Platyrinchus_mystaceus,2013,,9.35,-47.949986,-24.16386
Platyrinchus_mystaceus,2006,,,-47.480162,-23.913781
Platyrinchus_mystaceus,2005,56,,-47.684,-23.915
Platyrinchus_mystaceus,2005,54,,-47.81,-23.95
Platyrinchus_mystaceus,2010,57,,-48.433333,-23.266667
Platyrinchus_mystaceus,2013,52,8.1,-49.076722,-22.775
Platyrinchus_mystaceus,2015,55,,-46.369417,-23.842417
Platyrinchus_mystaceus,2008,,,-43.4022,-19.3975
Platyrinchus_mystaceus,2013,57,9.1,-47.949986,-24.16386
Platyrinchus_mystaceus,2010,,,-48.433333,-23.266667
Platyrinchus_mystaceus,2013,49,,-50.901139,-28.007167
Platyrinchus_mystaceus,1999,58.57,9.71,-35.505556,-7.588889
Platyrinchus_mystaceus,2005,55,,-45.982,-23.633
Platyrinchus_mystaceus,2006,,,-47.480162,-23.913781
Platyrinchus_mystaceus,2005,51,,-48.46,-23.29
Platyrinchus_mystaceus,2006,,,-47.436016,-23.880844
Platyrinchus_mystaceus,2010,,,-48.433333,-23.266667
Platyrinchus_mystaceus,2016,67,,-49.672487,-22.37698
Platyrinchus_mystaceus,2005,,,-47.475802,-23.851386
Platyrinchus_mystaceus,2006,,,-47.460382,-23.851281
Platyrinchus_mystaceus,2015,,,-47.198404,-24.045634
Platyrinchus_mystaceus,2012,,8.35,-47.949986,-24.16386
Platyrinchus_mystaceus,2006,,,-48.46,-23.29
Platyrinchus_mystaceus,2005,51,,-46.028,-22.977
Platyrinchus_mystaceus,2013,,9.4,-47.949986,-24.16386
Platyrinchus_mystaceus,2015,52,,-46.369417,-23.842417
Platyrinchus_mystaceus,2013,51,,-50.901139,-28.007167
Platyrinchus_mystaceus,2010,,,-48.433333,-23.266667
Platyrinchus_mystaceus,2010,,,-48.433333,-23.266667
Platyrinchus_mystaceus,2006,52,,-45.982,-23.633
Platyrinchus_mystaceus,2006,57,,-47.684,-23.915
Platyrinchus_mystaceus,2010,57,,-48.573806,-27.426111
Platyrinchus_mystaceus,2010,,,-48.433333,-23.266667
Platyrinchus_mystaceus,2006,,,-47.471961,-23.867741
Platyrinchus_mystaceus,2010,49,,-48.433333,-23.266667
Platyrinchus_mystaceus,2007,57,9,-35.884722,-9.216667
Platyrinchus_mystaceus,2005,,,-47.410015,-23.951935
Platyrinchus_mystaceus,1999,57.11,9.09,-35.369722,-7.595278
Platyrinchus_mystaceus,2005,57,,-48.46,-23.29
Platyrinchus_mystaceus,2006,57,,-47.81,-23.95
Platyrinchus_mystaceus,2002,58.02,10.04,-35.050111,-8.239361
Platyrinchus_mystaceus,2015,55,,-47.198404,-24.045634
Platyrinchus_mystaceus,2005,,,-45.982,-23.633
Platyrinchus_mystaceus,2006,,,-47.471961,-23.867741
Platyrinchus_mystaceus,2007,,,-47.490814,-23.873765
Platyrinchus_mystaceus,2005,59,,-45.982,-23.633
Platyrinchus_mystaceus,2012,52,9,-47.949986,-24.16386
Platyrinchus_mystaceus,2006,,,-47.396673,-23.947513
Platyrinchus_mystaceus,2005,,,-47.475802,-23.851386
Platyrinchus_mystaceus,2006,52,,-47.81,-23.95
Platyrinchus_mystaceus,2008,56,6.23,-48.054843,-20.091019
Platyrinchus_mystaceus,2006,,,-47.480162,-23.913781
Platyrinchus_mystaceus,2012,55,8.5,-47.949986,-24.16386
Platyrinchus_mystaceus,2001,55,11.8,-42.38333,-22.5
Platyrinchus_mystaceus,2005,55,,-47.81,-23.95
Platyrinchus_mystaceus,2005,58,,-47.684,-23.915
Platyrinchus_mystaceus,2006,,,-47.410015,-23.951935
Platyrinchus_mystaceus,2006,,,-47.452334,-23.920014
Platyrinchus_mystaceus,2015,50,,-47.245302,-24.06865
Platyrinchus_mystaceus,2007,55,7.93,-48.918185,-21.220465
Platyrinchus_mystaceus,2005,,,-47.449741,-23.843869
Platyrinchus_mystaceus,2000,,8.5,-48.416666,-24.316666
Platyrinchus_mystaceus,2006,,,-47.410015,-23.951935
Platyrinchus_mystaceus,2013,,,-50.6967,-24.1431
Platyrinchus_mystaceus,2005,,,-45.982,-23.633
Platyrinchus_mystaceus,2014,,,-43.4714,-19.9975
Platyrinchus_mystaceus,2006,,,-47.469706,-23.918526
Platyrinchus_mystaceus,2006,,,-47.469706,-23.918526
Platyrinchus_mystaceus,2006,,,-47.410015,-23.951935
Platyrinchus_mystaceus,2000,54.21,9.24,-35.864361,-8.98225
Platyrinchus_mystaceus,2002,53,9.7,-42.38333,-22.5
Platyrinchus_mystaceus,2009,,,-43.5103,-20.1536
Platyrinchus_mystaceus,2006,,,-47.480162,-23.913781
Platyrinchus_mystaceus,2005,,,-47.377344,-23.957743
Platyrinchus_mystaceus,2006,,,-47.81,-23.95
Platyrinchus_mystaceus,2012,,,-50.6967,-24.1431
Platyrinchus_mystaceus,2012,,8.85,-47.949986,-24.16386
Platyrinchus_mystaceus,2006,,,-47.460382,-23.851281
Platyrinchus_mystaceus,2006,51,,-47.684,-23.915
Platyrinchus_mystaceus,2005,,,-47.475802,-23.851386
Platyrinchus_mystaceus,2014,49,,-50.901139,-28.007167
Platyrinchus_mystaceus,2005,55,,-43.787333,-22.370933
Platyrinchus_mystaceus,2009,,,-44.3856,-20.1614
Platyrinchus_mystaceus,2013,51,,-50.851889,-28.031444
Platyrinchus_mystaceus,2005,,,-47.449741,-23.843869
Platyrinchus_mystaceus,2002,54,9.4,-42.38333,-22.5
Platyrinchus_mystaceus,2006,,,-47.449741,-23.843869
Platyrinchus_mystaceus,2002,58.21,9.41,-35.050111,-8.239361
Platyrinchus_mystaceus,2010,,,-48.433333,-23.266667
Platyrinchus_mystaceus,2015,52,,-46.369417,-23.842417
Platyrinchus_mystaceus,2006,,,-47.449741,-23.843869
Platyrinchus_mystaceus,2006,,,-47.453913,-23.907938
Platyrinchus_mystaceus,2006,,,-47.471961,-23.867741
Platyrinchus_mystaceus,2006,,,-47.410015,-23.951935
Platyrinchus_mystaceus,2012,,8.5,-47.949986,-24.16386
Platyrinchus_mystaceus,2010,51,,-48.433333,-23.266667
Platyrinchus_mystaceus,2013,55,8.5,-47.949986,-24.16386
Platyrinchus_mystaceus,2013,49,,-50.851889,-28.031444
Platyrinchus_mystaceus,2006,,,-45.982,-23.633
Platyrinchus_mystaceus,2010,48,,-48.433333,-23.266667
Platyrinchus_mystaceus,2005,55,,-47.684,-23.915
Platyrinchus_mystaceus,2014,,,-50.6967,-24.1431
Platyrinchus_mystaceus,2008,55,6.31,-48.054843,-20.091019
Platyrinchus_mystaceus,2000,57.47,9.5,-35.414417,-8.685639
Platyrinchus_mystaceus,2005,,,-47.452334,-23.920014
Platyrinchus_mystaceus,2012,50,7.6,-47.949986,-24.16386
Platyrinchus_mystaceus,2005,,,-47.475802,-23.851386
Platyrinchus_mystaceus,2012,54,8.3,-47.949986,-24.16386
Platyrinchus_mystaceus,2012,,8.6,-47.949986,-24.16386
Platyrinchus_mystaceus,2017,49,,-49.254528,-28.137139
Platyrinchus_mystaceus,2015,,,-50.6967,-24.1431
Platyrinchus_mystaceus,2005,,,-47.475802,-23.851386
Platyrinchus_mystaceus,2006,54,,-46.028,-22.977
Platyrinchus_mystaceus,2006,57,,-46.028,-22.977
Platyrinchus_mystaceus,2002,50,9,-42.38333,-22.5
Platyrinchus_mystaceus,2012,49.5,9.5,-47.949986,-24.16386
Platyrinchus_mystaceus,2015,50,,-46.289722,-23.90525
Platyrinchus_mystaceus,2006,,,-47.460382,-23.851281
Platyrinchus_mystaceus,2010,,,-48.433333,-23.266667
Platyrinchus_mystaceus,2002,57,9.3,-42.38333,-22.5
Platyrinchus_mystaceus,2013,,8.9,-47.949986,-24.16386
Platyrinchus_mystaceus,2006,,,-47.449187,-23.854583
Platyrinchus_mystaceus,2005,50,,-48.46,-23.29
Platyrinchus_mystaceus,2006,57,,-47.684,-23.915
Platyrinchus_mystaceus,2006,,,-47.469706,-23.918526
Platyrinchus_mystaceus,2013,54.65,8.65,-35.154812,-7.042276
Platyrinchus_mystaceus,2012,53.95,9,-35.712064,-8.545119
Platyrinchus_mystaceus,2006,,,-47.436016,-23.880844
Platyrinchus_mystaceus,2013,51,,-50.851889,-28.031444
Platyrinchus_mystaceus,2006,,,-48.46,-23.29
Platyrinchus_mystaceus,2007,,,-47.443783,-23.867903
Platyrinchus_mystaceus,1999,56.43,9.29,-35.505556,-7.588889
Platyrinchus_mystaceus,2013,,8.9,-47.949986,-24.16386
Platyrinchus_mystaceus,2006,51.2,,-47,-23.833333
Platyrinchus_mystaceus,2013,,9,-47.949986,-24.16386
Platyrinchus_mystaceus,2002,55,,-42.38333,-22.5
Platyrinchus_mystaceus,2015,50,,-51.2525,-23.4425
Platyrinchus_mystaceus,2006,,,-47.475802,-23.851386
Platyrinchus_mystaceus,2010,53,,-48.433333,-23.266667
Platyrinchus_mystaceus,2008,50,7.14,-48.054843,-20.091019
Platyrinchus_mystaceus,2015,48,,-46.340917,-23.855861
Platyrinchus_mystaceus,2006,,,-47.48322,-23.886254
Platyrinchus_mystaceus,2005,51,,-47.684,-23.915
Platyrinchus_mystaceus,2011,52.8,,-49.356283,-25.583954
Platyrinchus_mystaceus,1999,55.18,9.68,-35.505556,-7.588889
Platyrinchus_mystaceus,2010,,,-48.433333,-23.266667
Platyrinchus_mystaceus,2010,,,-48.433333,-23.266667
Platyrinchus_mystaceus,2012,55,7.9,-47.949986,-24.16386
Platyrinchus_mystaceus,2012,,7.8,-47.949986,-24.16386
Platyrinchus_mystaceus,2017,,,-50.162407,-29.472434
Platyrinchus_mystaceus,2000,57.34,9.48,-35.864361,-8.98225
Platyrinchus_mystaceus,2010,,,-48.433333,-23.266667
Platyrinchus_mystaceus,2006,,,-47.396673,-23.947513
Platyrinchus_mystaceus,2013,,,-50.6967,-24.1431
Platyrinchus_mystaceus,2010,,,-48.433333,-23.266667
Platyrinchus_mystaceus,2010,53,,-46.016667,-23.033333
Platyrinchus_mystaceus,2005,51,,-47.684,-23.915
Platyrinchus_mystaceus,2006,,,-47.48322,-23.886254
Platyrinchus_mystaceus,2006,,,-47.48322,-23.886254
Platyrinchus_mystaceus,2013,54,,-47.012778,-23.964444
Platyrinchus_mystaceus,2006,,,-47.81,-23.95
Platyrinchus_mystaceus,2013,48,,-47.012778,-23.964444
Platyrinchus_mystaceus,2005,,,-45.982,-23.633
Platyrinchus_mystaceus,2014,56,,-47.0125,-23.963889
Platyrinchus_mystaceus,2013,55,,-47.012778,-23.964444
Platyrinchus_mystaceus,2014,55,,-47.012778,-23.964444
Platyrinchus_mystaceus,2012,,,-47.949986,-24.16386
Platyrinchus_mystaceus,2012,,,-43.3925,-18.8531
Platyrinchus_mystaceus,2006,52,,-48.46,-23.29
Platyrinchus_mystaceus,2005,,,-45.982,-23.633
Platyrinchus_mystaceus,2010,52,,-48.573806,-27.426111
Platyrinchus_mystaceus,2006,,,-45.982,-23.633
Chiroxiphia_caudata,1992,,,-48.716667,-26.066667
Chiroxiphia_caudata,2017,,,-47.253177,-24.086093
Chiroxiphia_caudata,2018,75,8.2,-49.402289,-22.529975
Chiroxiphia_caudata,2001,,,-48.541493,-25.587558
Chiroxiphia_caudata,2006,,,-47.46575,-23.903054
Chiroxiphia_caudata,2011,73.4,,-48.541493,-25.587558
Chiroxiphia_caudata,2005,,,-47.377344,-23.957743
Chiroxiphia_caudata,2006,71,,-48.541493,-25.587558
Chiroxiphia_caudata,2006,,,-47.490814,-23.873765
Chiroxiphia_caudata,2015,68,,-45.072347,-23.394822
Chiroxiphia_caudata,2001,,7,-48.40777778,-24.278333
Chiroxiphia_caudata,2001,,,-48.541493,-25.587558
Chiroxiphia_caudata,2006,,,-47.48322,-23.886254
Chiroxiphia_caudata,2001,75.5,10,-48.810668,-27.73223
Chiroxiphia_caudata,2004,78.7,11.4,-47.964139,-24.069889
Chiroxiphia_caudata,2015,76.8,,-48.541493,-25.587558
Chiroxiphia_caudata,2002,73.2,,-48.541493,-25.587558
Chiroxiphia_caudata,2006,,,-45.982,-23.633
Chiroxiphia_caudata,2004,,,-43.716667,-20.783333
Chiroxiphia_caudata,2006,74.1,,-48.541493,-25.587558
Chiroxiphia_caudata,2006,,,-47.475802,-23.851386
Chiroxiphia_caudata,2017,71.6,,-48.981171,-25.49618
Chiroxiphia_caudata,2004,77.7,11.7,-48.728,-24.534778
Chiroxiphia_caudata,2013,70,11.1,-47.949986,-24.16386
Chiroxiphia_caudata,2012,72,8.15,-47.949986,-24.16386
Chiroxiphia_caudata,2002,70,10.7,-42.38333,-22.5
Chiroxiphia_caudata,2004,78.2,11.2,-48.687917,-24.541833
Chiroxiphia_caudata,2006,,,-47.471961,-23.867741
Chiroxiphia_caudata,2017,71.5,,-48.673631,-25.304749
Chiroxiphia_caudata,2001,77,9.7,-42.38333,-22.5
Chiroxiphia_caudata,2015,54.42,,-48.981171,-25.49618
Chiroxiphia_caudata,2013,,,-48.992205,-25.49548
Chiroxiphia_caudata,2012,74,5.7,-47.949986,-24.16386
Chiroxiphia_caudata,2001,,,-48.541493,-25.587558
Chiroxiphia_caudata,2001,,,-48.541493,-25.587558
Chiroxiphia_caudata,2001,,,-48.541493,-25.587558
Chiroxiphia_caudata,2012,,,-43.4744,-19.9967
Chiroxiphia_caudata,2010,78,,-48.433333,-23.266667
Chiroxiphia_caudata,2003,72.8,9.3,-49.079622,-26.982686
Chiroxiphia_caudata,2012,75,5.8,-47.949986,-24.16386
Chiroxiphia_caudata,2006,74,,-45.982,-23.633
Chiroxiphia_caudata,2004,80.2,10.5,-48.687917,-24.541833
Chiroxiphia_caudata,1996,78,5.6,-44.202778,-23.175
Chiroxiphia_caudata,2006,72,,-48.541493,-25.587558
Chiroxiphia_caudata,2014,74.25,11.17,-48.981171,-25.49618
Chiroxiphia_caudata,2012,,,-48.992205,-25.49548
Chiroxiphia_caudata,2003,75.8,,-48.541493,-25.587558
Chiroxiphia_caudata,2006,73.1,,-48.541493,-25.587558
Chiroxiphia_caudata,2005,,,-47.452334,-23.920014
Chiroxiphia_caudata,2006,,,-47.81,-23.95
Chiroxiphia_caudata,2010,64,,-48.433333,-23.266667
Chiroxiphia_caudata,2006,,,-47.449741,-23.843869
Chiroxiphia_caudata,2000,,8.3,-48.416666,-24.316666
Chiroxiphia_caudata,2013,80,13,-49.068057,-25.314492
Chiroxiphia_caudata,2006,,,-48.46,-23.29
Chiroxiphia_caudata,2002,73,,-47.931944,-25.096389
Chiroxiphia_caudata,2012,73,8.8,-47.949986,-24.16386
Chiroxiphia_caudata,2006,,,-47.449741,-23.843869
Chiroxiphia_caudata,2014,75.46,5.2,-48.34105,-25.14759
Chiroxiphia_caudata,2017,,,-48.981171,-25.49618
Chiroxiphia_caudata,2004,76.8,11.1,-48.687917,-24.541833
Chiroxiphia_caudata,2015,74,,-46.340917,-23.855861
Chiroxiphia_caudata,2017,70.85,,-48.673631,-25.304749
Chiroxiphia_caudata,2015,72,,-46.340917,-23.855861
Chiroxiphia_caudata,2003,71.2,,-48.541493,-25.587558
Chiroxiphia_caudata,2013,70,10.15,-47.949986,-24.16386
Chiroxiphia_caudata,2004,79.8,11.2,-47.946389,-24.061306
Chiroxiphia_caudata,2015,,,-43.5067,-20.08
Chiroxiphia_caudata,2000,72,,-46.971111,-23.666389
Chiroxiphia_caudata,2006,,,-47.449187,-23.854583
Chiroxiphia_caudata,2002,79.4,11.1,-44.850694,-23.358056
Chiroxiphia_caudata,2006,77,,-45.982,-23.633
Chiroxiphia_caudata,2016,72,,-49.672487,-22.37698
Chiroxiphia_caudata,2017,72.2,,-48.681405,-25.29377
Chiroxiphia_caudata,2015,62.2,,-48.981171,-25.49618
Chiroxiphia_caudata,2001,81,10.7,-42.38333,-22.5
Chiroxiphia_caudata,2004,78.7,10.4,-47.946389,-24.061306
Chiroxiphia_caudata,2005,78.8,11.6,-47.946389,-24.061306
Chiroxiphia_caudata,2002,73,10.1,-42.38333,-22.5
Chiroxiphia_caudata,2006,,,-47.443783,-23.867903
Chiroxiphia_caudata,2005,,,-47.480162,-23.913781
Chiroxiphia_caudata,2002,80,,-44.850694,-23.358056
Chiroxiphia_caudata,2015,78,,-46.509514,-23.977439
Chiroxiphia_caudata,2001,72.3,9.7,-48.474789,-27.585696
Chiroxiphia_caudata,2010,77,,-48.573806,-27.426111
Chiroxiphia_caudata,2004,82.1,11.6,-47.946389,-24.061306
Chiroxiphia_caudata,1993,,,-49.6042,-28.6838
Chiroxiphia_caudata,2017,72,12.5,-48.981171,-25.49618
Chiroxiphia_caudata,2002,78,8.3,-42.38333,-22.5
Chiroxiphia_caudata,2004,77.1,11.2,-48.728,-24.534778
Chiroxiphia_caudata,2006,75,,-47.81,-23.95
Chiroxiphia_caudata,2006,75,,-47.81,-23.95
Chiroxiphia_caudata,2004,75,9,-42.98,-22.41
Chiroxiphia_caudata,2006,,,-41.733333,-20.483333
Chiroxiphia_caudata,2006,79,,-45.982,-23.633
Chiroxiphia_caudata,2003,70.7,,-48.541493,-25.587558
Chiroxiphia_caudata,2006,,,-48.46,-23.29
Chiroxiphia_caudata,2013,74,,-50.851889,-28.031444
Chiroxiphia_caudata,1998,74,,-51.09,-30.1
Chiroxiphia_caudata,2006,,,-47.449187,-23.854583
Chiroxiphia_caudata,2017,75.9,,-48.981171,-25.49618
Chiroxiphia_caudata,2007,78,4.4,-48.918185,-21.220465
Chiroxiphia_caudata,2016,79,8.5,-49.076722,-22.775
Chiroxiphia_caudata,2004,78.9,11,-47.964139,-24.069889
Chiroxiphia_caudata,2005,74,,-45.982,-23.633
Chiroxiphia_caudata,2015,69,5.8,-49.402289,-22.529975
Chiroxiphia_caudata,2017,73.83,,-48.981171,-25.49618
Chiroxiphia_caudata,2005,,,-47.475802,-23.851386
Chiroxiphia_caudata,2006,,,-47.449741,-23.843869
Chiroxiphia_caudata,2010,79,,-48.573806,-27.426111
Chiroxiphia_caudata,2016,68,,-48.541493,-25.587558
Chiroxiphia_caudata,2006,,,-47.469706,-23.918526
Chiroxiphia_caudata,2001,,,-48.541493,-25.587558
Chiroxiphia_caudata,2006,,,-45.982,-23.633
Chiroxiphia_caudata,2006,74,,-49.356283,-25.583954
Chiroxiphia_caudata,2003,77,,-48.541493,-25.587558
Chiroxiphia_caudata,2004,74,11,-42.98,-22.41
Chiroxiphia_caudata,2015,72,,-46.340917,-23.855861
Chiroxiphia_caudata,2001,75.5,7.6,-48.812205,-27.768275
Chiroxiphia_caudata,2017,70,,-47.245302,-24.06865
Chiroxiphia_caudata,1996,,,-44.202778,-23.175
Chiroxiphia_caudata,2005,77,,-48.46,-23.29
Chiroxiphia_caudata,2005,,,-47.452334,-23.920014
Chiroxiphia_caudata,1992,,,-48.716667,-26.066667
Chiroxiphia_caudata,2000,80,10.4,-49.083333,-27.05
Chiroxiphia_caudata,2000,,,-48.416666,-24.316666
Chiroxiphia_caudata,2015,80,,-47.253177,-24.086093
Chiroxiphia_caudata,2013,78,9.5,-47.949986,-24.16386
Chiroxiphia_caudata,2013,71,5.9,-41.74221111,-20.49504444
Chiroxiphia_caudata,2000,74,9.1,-49.221108,-25.951109
Chiroxiphia_caudata,2014,72,12,-49.066667,-26.9
Chiroxiphia_caudata,2001,,,-48.541493,-25.587558
Chiroxiphia_caudata,2017,71.45,,-48.68104,-25.301984
Chiroxiphia_caudata,1998,75,9.8,-49.066667,-26.9
Chiroxiphia_caudata,1997,73.2,,-48.422847,-25.356797
Chiroxiphia_caudata,2006,87,,-46.02,-23.039
Chiroxiphia_caudata,2010,76.8,,-48.541493,-25.587558
Chiroxiphia_caudata,2017,70,10.3,-41.84374722,-20.41793889
Chiroxiphia_caudata,2005,,,-47.452334,-23.920014
Chiroxiphia_caudata,2006,72.5,,-48.541493,-25.587558
Chiroxiphia_caudata,2016,72,,-47.198404,-24.045634
Chiroxiphia_caudata,2002,79,10.7,-44.850694,-23.358056
Chiroxiphia_caudata,1999,78,,-47.841667,-21.971667
Chiroxiphia_caudata,2006,71,,-48.46,-23.29
Chiroxiphia_caudata,2002,79,12,-42.38333,-22.5
Chiroxiphia_caudata,2012,78,11.6,-47.949986,-24.16386
Chiroxiphia_caudata,2006,,,-45.982,-23.633
Chiroxiphia_caudata,2017,72.2,,-48.656101,-25.279147
Chiroxiphia_caudata,2017,71,,-47.253177,-24.086093
Chiroxiphia_caudata,2004,58.4,,-49.248873,-25.956569
Chiroxiphia_caudata,2004,81.3,11,-47.946389,-24.061306
Chiroxiphia_caudata,2017,73.95,,-48.664606,-25.283623
Chiroxiphia_caudata,2015,77,,-46.340917,-23.855861
Chiroxiphia_caudata,2006,76,,-45.982,-23.633
Chiroxiphia_caudata,2006,,,-47.443783,-23.867903
Chiroxiphia_caudata,2011,80,,-46.016667,-23.033333
Chiroxiphia_caudata,2006,,,-47.449187,-23.854583
Chiroxiphia_caudata,2007,,,-47.460399,-23.88904
Chiroxiphia_caudata,2017,72.6,,-48.981171,-25.49618
Chiroxiphia_caudata,2006,,,-47.471961,-23.867741
Chiroxiphia_caudata,2015,75.5,,-48.981171,-25.49618
Chiroxiphia_caudata,1996,76,,-44.202778,-23.175
Chiroxiphia_caudata,2014,75,8.7,-41.74221111,-20.49504444
Chiroxiphia_caudata,2006,,,-47.475802,-23.851386
Chiroxiphia_caudata,2001,,,-48.40777778,-24.278333
Chiroxiphia_caudata,2012,78,9.15,-47.949986,-24.16386
Chiroxiphia_caudata,2003,69.6,,-48.541493,-25.587558
Chiroxiphia_caudata,2001,,,-48.541493,-25.587558
Chiroxiphia_caudata,2010,72.2,,-48.541493,-25.587558
Chiroxiphia_caudata,1997,76,11.3,-49.05,-26.866667
Chiroxiphia_caudata,2010,93,10.6,-49.05,-26.866667
Chiroxiphia_caudata,2007,77,4.27,-48.054843,-20.091019
Chiroxiphia_caudata,1993,,,-49.833333,-29.083333
Chiroxiphia_caudata,2006,,,-47.471961,-23.867741
Chiroxiphia_caudata,2005,,,-46.02,-23.039
Chiroxiphia_caudata,2006,,,-47.449741,-23.843869
Chiroxiphia_caudata,2001,72.2,8.4,-48.52396,-27.71722
Chiroxiphia_caudata,2003,76.6,,-48.541493,-25.587558
Chiroxiphia_caudata,2001,,7.5,-48.40777778,-24.278333
Chiroxiphia_caudata,2011,68.9,,-48.541493,-25.587558
Chiroxiphia_caudata,2010,75,,-46.016667,-23.033333
Chiroxiphia_caudata,2006,,,-47.46575,-23.903054
Chiroxiphia_caudata,1999,,,-48.364722,-24.304722
Chiroxiphia_caudata,2016,78,,-47.245302,-24.06865
Chiroxiphia_caudata,2002,75.5,10.9,-44.850694,-23.358056
Chiroxiphia_caudata,2017,,,-47.198404,-24.045634
Chiroxiphia_caudata,2004,80.2,11,-46.491667,-23.901889
Chiroxiphia_caudata,2004,81,11.5,-42.98,-22.41
Chiroxiphia_caudata,2001,70.5,10.7,-48.474789,-27.585696
Chiroxiphia_caudata,2014,79.34,3.49,-48.992205,-25.49548
Chiroxiphia_caudata,2015,71,8.1,-49.402289,-22.529975
Chiroxiphia_caudata,2014,,,-43.4714,-19.9975
Chiroxiphia_caudata,1992,,,-49.066667,-27.15
Chiroxiphia_caudata,1999,78,,-47.841667,-21.971667
Chiroxiphia_caudata,2014,,5.02,-48.34105,-25.14759
Chiroxiphia_caudata,2005,,,-45.982,-23.633
Chiroxiphia_caudata,1996,80,5.5,-44.202778,-23.175
Chiroxiphia_caudata,2002,,,-48.541493,-25.587558
Chiroxiphia_caudata,2002,79.2,10.9,-44.850694,-23.358056
Chiroxiphia_caudata,2000,,8.5,-48.416666,-24.316666
Chiroxiphia_caudata,2006,79,,-46.02,-23.039
Chiroxiphia_caudata,2005,,,-47.410015,-23.951935
Chiroxiphia_caudata,2009,74.4,,-48.541493,-25.587558
Chiroxiphia_caudata,2006,77,,-46.02,-23.039
Chiroxiphia_caudata,2008,70.3,,-48.541493,-25.587558
Chiroxiphia_caudata,2006,77,,-47.684,-23.915
Chiroxiphia_caudata,2012,74,6.2,-47.949986,-24.16386
Chiroxiphia_caudata,2001,,,-48.541493,-25.587558
Chiroxiphia_caudata,1992,,,-49.183333,-27.316667
Chiroxiphia_caudata,2014,,,-43.5336,-20.2597
Chiroxiphia_caudata,2017,70,,-47.245302,-24.06865
Chiroxiphia_caudata,2007,70.3,,-48.541493,-25.587558
Chiroxiphia_caudata,2000,70.5,15.9,-49.17027,-26.77639
Chiroxiphia_caudata,2006,,,-41.733333,-20.483333
Chiroxiphia_caudata,2015,75,,-46.340917,-23.855861
Chiroxiphia_caudata,2017,78,,-48.4981,-27.4756
Chiroxiphia_caudata,2017,71,,-47.253177,-24.086093
Chiroxiphia_caudata,2002,78.7,11.4,-44.850694,-23.358056
Chiroxiphia_caudata,2004,80.1,12,-48.728,-24.538722
Chiroxiphia_caudata,2018,68,7.7,-49.402289,-22.529975
Chiroxiphia_caudata,2013,71,,-48.884167,-26.002222
Chiroxiphia_caudata,2006,,,-48.46,-23.29
Chiroxiphia_caudata,2017,75.75,,-48.68104,-25.301984
Chiroxiphia_caudata,2013,73,7.1,-41.84374722,-20.41793889
Chiroxiphia_caudata,2013,82,9.7,-47.949986,-24.16386
Chiroxiphia_caudata,2015,81.61,4.14,-48.992205,-25.49548
Chiroxiphia_caudata,2015,,,-46.4848,-23.94686
Chiroxiphia_caudata,2017,74,,-47.253177,-24.086093
Chiroxiphia_caudata,2013,74.2,,-48.884167,-26.002222
Chiroxiphia_caudata,2017,70,,-47.245302,-24.06865
Chiroxiphia_caudata,2012,,,-47.70173,-22.48051
Chiroxiphia_caudata,2005,,,-45.982,-23.633
Chiroxiphia_caudata,2005,,,-47.480381,-23.876407
Chiroxiphia_caudata,2006,,,-47.81,-23.95
Chiroxiphia_caudata,2001,74.1,10.5,-48.810668,-27.73223
Chiroxiphia_caudata,2001,77,12,-48.833333,-27.666667
Chiroxiphia_caudata,2004,75,9.7,-42.98,-22.41
Chiroxiphia_caudata,2016,71,,-48.541493,-25.587558
Chiroxiphia_caudata,2007,77,4.45,-48.054843,-20.091019
Chiroxiphia_caudata,2014,79.13,3.52,-48.992205,-25.49548
Chiroxiphia_caudata,1999,,,-48.364722,-24.304722
Chiroxiphia_caudata,2004,72.4,,-48.541493,-25.587558
Chiroxiphia_caudata,2010,70,12.5,-50.6973,-24.1445
Chiroxiphia_caudata,2001,,,-42.38333,-22.5
Chiroxiphia_caudata,2004,78.8,11,-47.964139,-24.068639
Chiroxiphia_caudata,2007,,,-47.422488,-23.857596
Chiroxiphia_caudata,2007,71,4.41,-48.054843,-20.091019
Chiroxiphia_caudata,2004,79,11.3,-47.964139,-24.068639
Chiroxiphia_caudata,2001,,,-42.38333,-22.5
Chiroxiphia_caudata,2006,,,-45.982,-23.633
Chiroxiphia_caudata,2015,,,-47.198404,-24.045634
Chiroxiphia_caudata,2015,73,,-46.509514,-23.977439
Chiroxiphia_caudata,2014,78.06,4.93,-48.34105,-25.14759
Chiroxiphia_caudata,2006,,,-45.982,-23.633
Chiroxiphia_caudata,2005,,,-47.480381,-23.876407
Chiroxiphia_caudata,2016,,,-47.245302,-24.06865
Chiroxiphia_caudata,2009,75.1,,-48.541493,-25.587558
Chiroxiphia_caudata,1998,77.1,,-48.422847,-25.356797
Chiroxiphia_caudata,2006,,,-47.48322,-23.886254
Chiroxiphia_caudata,2006,84,,-46.02,-23.039
Chiroxiphia_caudata,2005,74.2,11,-47.946389,-24.061306
Chiroxiphia_caudata,2001,77,10.1,-48.810668,-27.73223
Chiroxiphia_caudata,2006,,,-47.48322,-23.886254
Chiroxiphia_caudata,2015,72.54,4.27,-48.992205,-25.49548
Chiroxiphia_caudata,1992,,,-49.066667,-27.15
Chiroxiphia_caudata,2006,77,,-47.684,-23.915
Chiroxiphia_caudata,2015,,,-43.5067,-20.08
Chiroxiphia_caudata,2000,,7.9,-48.416666,-24.316666
Chiroxiphia_caudata,2010,79,,-46.016667,-23.033333
Chiroxiphia_caudata,2016,75.08,,-48.981171,-25.49618
Chiroxiphia_caudata,2016,72,,-47.253177,-24.086093
Chiroxiphia_caudata,2014,74.05,3.67,-48.992205,-25.49548
Chiroxiphia_caudata,2015,,,-47.253177,-24.086093
Chiroxiphia_caudata,2010,72.5,11,-49.066667,-27
Chiroxiphia_caudata,2006,,,-47.480162,-23.913781
Chiroxiphia_caudata,2006,80,11.7,-49.066667,-27
Chiroxiphia_caudata,2006,,,-46.02,-23.039
Chiroxiphia_caudata,2009,77,12.1,-51.983333,-26.833333
Chiroxiphia_caudata,2012,72.1,,-48.541493,-25.587558
Chiroxiphia_caudata,2002,75.6,,-49.356283,-25.583954
Chiroxiphia_caudata,2008,70.2,,-48.541493,-25.587558
Chiroxiphia_caudata,1993,,,-49.083333,-27.05
Chiroxiphia_caudata,2017,73.2,,-48.981171,-25.49618
Chiroxiphia_caudata,2014,77,7,-41.82306667,-20.49502778
Chiroxiphia_caudata,2005,83,,-47.684,-23.915
Chiroxiphia_caudata,2006,,,-41.733333,-20.483333
Chiroxiphia_caudata,2017,74.1,,-48.981171,-25.49618
Chiroxiphia_caudata,2016,71,,-49.672487,-22.37698
Chiroxiphia_caudata,2006,,,-47.452334,-23.920014
Chiroxiphia_caudata,2006,,,-48.46,-23.29
Chiroxiphia_caudata,2017,71.85,,-48.673631,-25.304749
Chiroxiphia_caudata,2016,70.9,,-48.541493,-25.587558
Chiroxiphia_caudata,2015,68.6,4.65,-48.992205,-25.49548
Chiroxiphia_caudata,2014,79.22,12.75,-48.981171,-25.49618
Chiroxiphia_caudata,2002,,8,-48.40777778,-24.278333
Chiroxiphia_caudata,2010,70.1,,-48.541493,-25.587558
Chiroxiphia_caudata,2001,85,12.4,-42.38333,-22.5
Chiroxiphia_caudata,2004,69.6,,-48.541493,-25.587558
Chiroxiphia_caudata,2016,69.5,,-48.541493,-25.587558
Chiroxiphia_caudata,2000,,8.8,-48.416666,-24.316666
Chiroxiphia_caudata,2016,73.5,,-48.541493,-25.587558
Chiroxiphia_caudata,2014,77.1,,-48.541493,-25.587558
Chiroxiphia_caudata,2001,71.8,9.6,-48.474789,-27.585696
Chiroxiphia_caudata,2012,,,-48.992205,-25.49548
Chiroxiphia_caudata,2006,,,-41.733333,-20.483333
Chiroxiphia_caudata,2011,,,-43.5067,-20.08
Chiroxiphia_caudata,2001,76,12.9,-42.38333,-22.5
Chiroxiphia_caudata,2013,74,7.4,-49.076722,-22.775
Chiroxiphia_caudata,2016,72,,-47.245302,-24.06865
Chiroxiphia_caudata,1992,,,-49.066667,-27.15
Chiroxiphia_caudata,2001,70.7,10.5,-48.810668,-27.73223
Chiroxiphia_caudata,1996,78,,-44.202778,-23.175
Chiroxiphia_caudata,2006,,,-41.733333,-20.483333
Chiroxiphia_caudata,2015,72,,-46.340917,-23.855861
Chiroxiphia_caudata,2016,76,5.1,-49.076722,-22.775
Chiroxiphia_caudata,2015,75.3,,-48.981171,-25.49618
Chiroxiphia_caudata,2006,76,,-45.982,-23.633
Chiroxiphia_caudata,2009,78,10.9,-52.583333,-27.233333
Chiroxiphia_caudata,2001,,,-48.541493,-25.587558
Chiroxiphia_caudata,2014,76.75,4.27,-48.34105,-25.14759
Chiroxiphia_caudata,2014,75.76,4.51,-48.34105,-25.14759
Chiroxiphia_caudata,2006,78,,-48.46,-23.29
Chiroxiphia_caudata,2014,76.38,4,-48.992205,-25.49548
Chiroxiphia_caudata,1992,,,-49.183333,-27.316667
Chiroxiphia_caudata,2017,55,,-50.178935,-29.482103
Chiroxiphia_caudata,2006,75,,-47.81,-23.95
Chiroxiphia_caudata,2013,74,9.8,-47.949986,-24.16386
Chiroxiphia_caudata,2004,79.7,11.3,-48.728,-24.538722
Chiroxiphia_caudata,1992,,,-49.183333,-27.316667
Chiroxiphia_caudata,2003,70,9.9,-42.38333,-22.5
Chiroxiphia_caudata,2016,75,,-47.245302,-24.06865
Chiroxiphia_caudata,2004,,,-48.541493,-25.587558
Chiroxiphia_caudata,2015,79,,-46.369417,-23.842417
Chiroxiphia_caudata,2006,,,-47.46575,-23.903054
Chiroxiphia_caudata,2010,82,10.8,-49.083333,-26.683333
Chiroxiphia_caudata,2014,74.2,,-48.541493,-25.587558
Chiroxiphia_caudata,2006,,,-47.471961,-23.867741
Chiroxiphia_caudata,2010,74,,-46.016667,-23.033333
Chiroxiphia_caudata,2001,,9.8,-42.38333,-22.5
Chiroxiphia_caudata,2017,70,,-48.673631,-25.304749
Chiroxiphia_caudata,1993,,,-49.016667,-26.283333
Chiroxiphia_caudata,2005,,,-45.982,-23.633
Chiroxiphia_caudata,2001,72.5,11.1,-42.38333,-22.5
Chiroxiphia_caudata,2001,76.5,9.7,-42.38333,-22.5
Chiroxiphia_caudata,1999,74.5,,-50.178935,-29.482103
Chiroxiphia_caudata,1993,,,-49.083333,-27.05
Chiroxiphia_caudata,2013,82,10,-41.84374722,-20.41793889
Chiroxiphia_caudata,2006,69,,-48.541493,-25.587558
Chiroxiphia_caudata,2002,76.5,11.7,-45.427917,-23.593222
Chiroxiphia_caudata,2002,79.3,10.9,-44.850694,-23.358056
Chiroxiphia_caudata,2014,74.35,4.61,-48.992205,-25.49548
Chiroxiphia_caudata,2006,,,-47.449741,-23.843869
Chiroxiphia_caudata,2005,,,-47.452334,-23.920014
Chiroxiphia_caudata,2010,,,-46.016667,-23.033333
Chiroxiphia_caudata,1992,,,-49.016667,-26.283333
Chiroxiphia_caudata,2006,68.7,,-48.541493,-25.587558
Chiroxiphia_caudata,2009,72,3.72,-48.054843,-20.091019
Chiroxiphia_caudata,2012,70,,-48.541493,-25.587558
Chiroxiphia_caudata,2001,75,12.1,-42.38333,-22.5
Chiroxiphia_caudata,2014,78.1,4.35,-48.992205,-25.49548
Chiroxiphia_caudata,2013,71.5,,-54.487792,-25.619635
Chiroxiphia_caudata,2005,,,-47.453913,-23.907938
Chiroxiphia_caudata,2006,,,-45.982,-23.633
Chiroxiphia_caudata,2016,69,,-48.541493,-25.587558
Chiroxiphia_caudata,2010,77,,-46.016667,-23.033333
Chiroxiphia_caudata,2006,,,-47.446516,-23.833638
Chiroxiphia_caudata,2013,71,9.5,-47.949986,-24.16386
Chiroxiphia_caudata,2013,74,,-49.671408,-28.649798
Chiroxiphia_caudata,2006,77,,-48.46,-23.29
Chiroxiphia_caudata,2015,76.82,4.55,-48.992205,-25.49548
Chiroxiphia_caudata,2013,76,11.3,-50.6967,-24.1431
Chiroxiphia_caudata,2006,,,-47.475802,-23.851386
Chiroxiphia_caudata,2006,74,,-47.684,-23.915
Chiroxiphia_caudata,1992,,,-49.183333,-27.316667
Chiroxiphia_caudata,2010,,,-46.016667,-23.033333
Chiroxiphia_caudata,2012,,,-50.6973,-24.1445
Chiroxiphia_caudata,2006,,,-47.471961,-23.867741
Chiroxiphia_caudata,2006,75,,-46.028,-22.977
Chiroxiphia_caudata,2016,63,,-50.18545,-29.491353
Chiroxiphia_caudata,2006,,,-47.460382,-23.851281
Chiroxiphia_caudata,2017,70.4,,-48.541493,-25.587558
Chiroxiphia_caudata,2012,75,11,-47.949986,-24.16386
Chiroxiphia_caudata,2006,,,-47.436016,-23.880844
Chiroxiphia_caudata,2010,,,-46.016667,-23.033333
Chiroxiphia_caudata,2016,73,,-47.245302,-24.06865
Chiroxiphia_caudata,2014,78.8,,-48.541493,-25.587558
Chiroxiphia_caudata,2017,72.2,,-48.673631,-25.304749
Chiroxiphia_caudata,1992,,,-49.066667,-27.15
Chiroxiphia_caudata,2004,,,-42.2,-20.566667
Chiroxiphia_caudata,2015,74,,-46.340917,-23.855861
Chiroxiphia_caudata,2004,78.5,11.2,-48.687917,-24.541833
Chiroxiphia_caudata,2004,,,-42.737667,-22.4084
Chiroxiphia_caudata,2005,,,-47.449741,-23.843869
Chiroxiphia_caudata,2014,69.19,3.83,-48.992205,-25.49548
Chiroxiphia_caudata,2013,76,,-51.136167,-27.7955
Chiroxiphia_caudata,2002,80.6,10.8,-44.850694,-23.358056
Chiroxiphia_caudata,2012,72.3,,-48.541493,-25.587558
Chiroxiphia_caudata,2006,,,-45.982,-23.633
Chiroxiphia_caudata,2005,,,-47.452334,-23.920014
Chiroxiphia_caudata,2002,77.3,11.6,-44.850694,-23.358056
Chiroxiphia_caudata,2016,73,8.6,-49.076722,-22.775
Chiroxiphia_caudata,2006,,,-47.490814,-23.873765
Chiroxiphia_caudata,2005,,,-47.449741,-23.843869
Chiroxiphia_caudata,2004,77.9,12.5,-48.713889,-24.543389
Chiroxiphia_caudata,2017,72,,-47.245302,-24.06865
Chiroxiphia_caudata,2013,78,,-49.671408,-28.649798
Chiroxiphia_caudata,2001,,,-48.541493,-25.587558
Chiroxiphia_caudata,2008,75,4.18,-48.054843,-20.091019
Chiroxiphia_caudata,2014,,,-43.4714,-19.9975
Chiroxiphia_caudata,2013,79,4.2,-41.84374722,-20.41793889
Chiroxiphia_caudata,2007,75.8,,-48.541493,-25.587558
Chiroxiphia_caudata,2012,75.3,,-48.541493,-25.587558
Chiroxiphia_caudata,2013,80,7.2,-49.076722,-22.775
Chiroxiphia_caudata,2017,77,,-49.313417,-28.093417
Chiroxiphia_caudata,2006,80,,-46.02,-23.039
Chiroxiphia_caudata,2013,72,5,-41.84374722,-20.41793889
Chiroxiphia_caudata,2006,,,-47.490814,-23.873765
Chiroxiphia_caudata,2011,,,-43.5067,-20.08
Chiroxiphia_caudata,1997,80,6.2,-44.204194,-23.183073
Chiroxiphia_caudata,2005,,,-47.480162,-23.913781
Chiroxiphia_caudata,2004,72.2,,-48.541493,-25.587558
Chiroxiphia_caudata,2010,76,11.1,-50.6967,-24.1431
Chiroxiphia_caudata,2018,79,8.4,-49.402289,-22.529975
Chiroxiphia_caudata,1996,80,6.2,-44.202778,-23.175
Chiroxiphia_caudata,2016,75,8,-49.076722,-22.775
Chiroxiphia_caudata,2001,70.5,,-48.541493,-25.587558
Chiroxiphia_caudata,1996,76,6.4,-44.202778,-23.175
Chiroxiphia_caudata,2006,70,,-45.982,-23.633
Chiroxiphia_caudata,2004,79,11.2,-42.98,-22.41
Chiroxiphia_caudata,2012,,11.9,-47.949986,-24.16386
Chiroxiphia_caudata,2002,78.3,11.1,-45.427917,-23.593222
Chiroxiphia_caudata,1998,71.56,9.06,-42.95,-19.966667
Chiroxiphia_caudata,2007,,,-47.490814,-23.873765
Chiroxiphia_caudata,2015,,,-47.253177,-24.086093
Chiroxiphia_caudata,2017,73,,-47.245302,-24.06865
Chiroxiphia_caudata,2005,,,-47.480162,-23.913781
Chiroxiphia_caudata,2014,70.6,,-48.541493,-25.587558
Chiroxiphia_caudata,2017,68.8,,-48.68104,-25.301984
Chiroxiphia_caudata,2007,,,-47.422488,-23.857596
Chiroxiphia_caudata,2016,70,8.4,-49.076722,-22.775
Chiroxiphia_caudata,2004,71.7,,-48.541493,-25.587558
Chiroxiphia_caudata,2004,,,-43.716667,-20.783333
Chiroxiphia_caudata,2015,77,,-47.253177,-24.086093
Chiroxiphia_caudata,2010,,,-50.6967,-24.1431
Chiroxiphia_caudata,2015,69,,-46.289722,-23.90525
Chiroxiphia_caudata,2017,71,,-47.245302,-24.06865
Chiroxiphia_caudata,2005,,,-47.480162,-23.913781
Chiroxiphia_caudata,2005,69.9,,-48.541493,-25.587558
Chiroxiphia_caudata,2017,74.1,,-48.681405,-25.29377
Chiroxiphia_caudata,2006,,,-45.982,-23.633
Chiroxiphia_caudata,2013,85,5.8,-41.84374722,-20.41793889
Chiroxiphia_caudata,1999,73,,-47.841667,-21.971667
Chiroxiphia_caudata,2014,79.01,5.02,-48.34105,-25.14759
Chiroxiphia_caudata,2004,78.9,10.5,-48.713889,-24.543389
Chiroxiphia_caudata,2000,72,9.8,-46.971111,-23.666389
Chiroxiphia_caudata,2006,,,-47.480381,-23.876407
Chiroxiphia_caudata,2002,77.5,10.9,-44.850694,-23.358056
Chiroxiphia_caudata,2017,64,,-50.186006,-29.499814
Chiroxiphia_caudata,2013,75,7,-49.076722,-22.775
Chiroxiphia_caudata,2002,,,-48.541493,-25.587558
Chiroxiphia_caudata,2001,,8.3,-48.40777778,-24.278333
Chiroxiphia_caudata,2015,75.4,,-48.981171,-25.49618
Chiroxiphia_caudata,2007,75,5.74,-48.054843,-20.091019
Chiroxiphia_caudata,2015,71,,-46.305028,-23.883583
Chiroxiphia_caudata,2014,76,13,-49.216667,-26.883333
Chiroxiphia_caudata,2005,,,-47.449741,-23.843869
Chiroxiphia_caudata,2002,80,11.3,-45.427917,-23.593222
Chiroxiphia_caudata,2002,,,-45.427917,-23.593222
Chiroxiphia_caudata,2001,74.6,,-48.541493,-25.587558
Chiroxiphia_caudata,2015,76.5,,-48.981171,-25.49618
Chiroxiphia_caudata,2013,68,8.3,-49.076722,-22.775
Chiroxiphia_caudata,2005,70.7,,-48.541493,-25.587558
Chiroxiphia_caudata,1992,,,-49.233333,-26.366667
Chiroxiphia_caudata,2004,70,,-48.541493,-25.587558
Chiroxiphia_caudata,2017,69.95,,-48.981171,-25.49618
Chiroxiphia_caudata,2006,,,-47.48322,-23.886254
Chiroxiphia_caudata,2010,,,-48.433333,-23.266667
Chiroxiphia_caudata,2014,73,,-48.541493,-25.587558
Chiroxiphia_caudata,2016,71.59,,-48.981171,-25.49618
Chiroxiphia_caudata,2000,,7.5,-48.416666,-24.316666
Chiroxiphia_caudata,1998,,,-48.422847,-25.356797
Chiroxiphia_caudata,2016,,,-47.253177,-24.086093
Chiroxiphia_caudata,2006,,,-47.446516,-23.833638
Chiroxiphia_caudata,2007,,,-45.9614,-22.7797
Chiroxiphia_caudata,1992,,,-49.016667,-26.283333
Chiroxiphia_caudata,2012,,,-43.4744,-19.9967
Chiroxiphia_caudata,2017,65,8.7,-41.84374722,-20.41793889
Chiroxiphia_caudata,1999,,,-48.364722,-24.304722
Chiroxiphia_caudata,2001,,8,-48.40777778,-24.278333
Chiroxiphia_caudata,2006,72,,-47.81,-23.95
Chiroxiphia_caudata,2014,72.84,3.61,-48.992205,-25.49548
Chiroxiphia_caudata,2006,,,-45.982,-23.633
Chiroxiphia_caudata,1999,69,,-47.841667,-21.971667
Chiroxiphia_caudata,2001,,,-48.810668,-27.73223
Chiroxiphia_caudata,2003,68.3,,-48.541493,-25.587558
Chiroxiphia_caudata,2004,69.1,,-48.541493,-25.587558
Chiroxiphia_caudata,2006,81,,-46.02,-23.039
Chiroxiphia_caudata,2010,,,-50.6973,-24.1445
Chiroxiphia_caudata,2015,71,,-46.305028,-23.883583
Chiroxiphia_caudata,2012,75,,-48.541493,-25.587558
Chiroxiphia_caudata,2004,,,-43.716667,-20.783333
Chiroxiphia_caudata,2014,78.09,14.36,-48.981171,-25.49618
Chiroxiphia_caudata,2009,77,4.68,-48.054843,-20.091019
Chiroxiphia_caudata,2010,,,-50.6967,-24.1431
Chiroxiphia_caudata,2017,73.95,12.42,-48.981171,-25.49618
Chiroxiphia_caudata,2001,73.5,9.6,-48.810668,-27.73223
Chiroxiphia_caudata,2015,,,-47.245302,-24.06865
Chiroxiphia_caudata,2006,,,-47.81,-23.95
Chiroxiphia_caudata,2009,,,-44.4336,-20.1306
Chiroxiphia_caudata,2006,,,-47.480162,-23.913781
Chiroxiphia_caudata,1992,,,-49.183333,-27.316667
Chiroxiphia_caudata,2014,81.32,5.07,-48.34105,-25.14759
Chiroxiphia_caudata,2015,73,5.2,-44.105278,-22.989722
Chiroxiphia_caudata,2009,73,,-48.541493,-25.587558
Chiroxiphia_caudata,2015,75.2,,-48.981171,-25.49618
Chiroxiphia_caudata,2012,,,-50.6967,-24.1431
Chiroxiphia_caudata,2007,,,-43.45,-19.9667
Chiroxiphia_caudata,2012,76,7.9,-47.949986,-24.16386
Chiroxiphia_caudata,2004,77,7.9,-42.98,-22.41
Chiroxiphia_caudata,2000,73,12.4,-46.971111,-23.666389
Chiroxiphia_caudata,2000,,7.5,-48.416666,-24.316666
Chiroxiphia_caudata,2014,78.38,11.81,-48.981171,-25.49618
Chiroxiphia_caudata,2000,,,-48.416666,-24.316666
Chiroxiphia_caudata,2013,74,9.5,-47.949986,-24.16386
Chiroxiphia_caudata,2010,80,,-48.573806,-27.426111
Chiroxiphia_caudata,2004,69.7,,-48.541493,-25.587558
Chiroxiphia_caudata,2015,81,,-47.198404,-24.045634
Chiroxiphia_caudata,2012,,,-48.992205,-25.49548
Chiroxiphia_caudata,2012,,,-50.6967,-24.1431
Chiroxiphia_caudata,2015,,,-48.981171,-25.49618
Chiroxiphia_caudata,2005,78,,-43.787333,-22.370933
Chiroxiphia_caudata,2010,72,,-48.541493,-25.587558
Chiroxiphia_caudata,2015,75,,-46.340917,-23.855861
Chiroxiphia_caudata,2005,,,-47.449741,-23.843869
Chiroxiphia_caudata,2001,,,-48.541493,-25.587558
Chiroxiphia_caudata,2006,,,-45.982,-23.633
Chiroxiphia_caudata,2006,,,-47.48322,-23.886254
Chiroxiphia_caudata,2010,76,,-48.433333,-23.266667
Chiroxiphia_caudata,2006,,,-47.449741,-23.843869
Chiroxiphia_caudata,2006,83,,-47.81,-23.95
Chiroxiphia_caudata,2007,69.1,,-48.541493,-25.587558
Chiroxiphia_caudata,2014,75.2,3.1,-48.992205,-25.49548
Chiroxiphia_caudata,2001,,,-48.541493,-25.587558
Chiroxiphia_caudata,2015,,,-47.253177,-24.086093
Chiroxiphia_caudata,2001,76.1,9.5,-48.512518,-27.531353
Chiroxiphia_caudata,2012,,,-48.992205,-25.49548
Chiroxiphia_caudata,2004,80.2,11.1,-47.99475,-24.059833
Chiroxiphia_caudata,2014,,,-48.981171,-25.49618
Chiroxiphia_caudata,2015,71,,-46.305028,-23.883583
Chiroxiphia_caudata,2006,,,-47.478972,-23.893093
Chiroxiphia_caudata,2001,73.9,9.5,-48.474789,-27.585696
Chiroxiphia_caudata,2012,79,8,-47.949986,-24.16386
Chiroxiphia_caudata,2008,72.6,,-48.541493,-25.587558
Chiroxiphia_caudata,2015,,,-47.245302,-24.06865
Chiroxiphia_caudata,2005,,,-46.02,-23.039
Chiroxiphia_caudata,2006,,,-47.469706,-23.918526
Chiroxiphia_caudata,2004,81,11.2,-47.946389,-24.061306
Chiroxiphia_caudata,2017,75,,-47.245302,-24.06865
Chiroxiphia_caudata,2010,75.9,,-48.541493,-25.587558
Chiroxiphia_caudata,2016,74,,-47.253177,-24.086093
Chiroxiphia_caudata,2011,,,-50.6973,-24.1445
Chiroxiphia_caudata,2002,79.1,11.2,-44.850694,-23.358056
Chiroxiphia_caudata,2001,74.5,9.1,-48.52396,-27.71722
Chiroxiphia_caudata,2009,,,-43.5103,-20.1536
Chiroxiphia_caudata,2004,76.8,,-48.541493,-25.587558
Chiroxiphia_caudata,2006,,,-47.446516,-23.833638
Chiroxiphia_caudata,2013,,,-43.8894,-20.4436
Chiroxiphia_caudata,2012,70.8,,-48.541493,-25.587558
Chiroxiphia_caudata,2015,74.5,,-48.981171,-25.49618
Chiroxiphia_caudata,2012,75,12,-49.066667,-27
Chiroxiphia_caudata,2005,,,-46.02,-23.039
Chiroxiphia_caudata,2017,70,,-47.253177,-24.086093
Chiroxiphia_caudata,2014,64.14,5.03,-48.34105,-25.14759
Chiroxiphia_caudata,2007,,,-44.216667,-21.616667
Chiroxiphia_caudata,2017,71.4,,-48.541493,-25.587558
Chiroxiphia_caudata,2016,76,6.1,-49.076722,-22.775
Chiroxiphia_caudata,1996,,,-44.202778,-23.175
Chiroxiphia_caudata,2002,79.3,12.1,-45.427917,-23.593222
Chiroxiphia_caudata,1993,,,-48.583333,-27.4
Chiroxiphia_caudata,2001,,,-48.541493,-25.587558
Chiroxiphia_caudata,2012,77,,-47.949986,-24.16386
Chiroxiphia_caudata,2004,78.7,11.1,-48.728,-24.538722
Chiroxiphia_caudata,2004,80.4,10,-46.491667,-23.901889
Chiroxiphia_caudata,2004,80,11.1,-46.491667,-23.823333
Chiroxiphia_caudata,2004,80.3,10.8,-46.487639,-23.904583
Chiroxiphia_caudata,2012,77,8.6,-47.949986,-24.16386
Chiroxiphia_caudata,2007,75.4,5.3,-49.308679,-25.42167
Chiroxiphia_caudata,2006,,,-47.446516,-23.833638
Chiroxiphia_caudata,2005,,,-47.453913,-23.907938
Chiroxiphia_caudata,2004,78.7,11,-48.728,-24.534778
Chiroxiphia_caudata,2003,77.5,,-48.541493,-25.587558
Chiroxiphia_caudata,2015,76.5,,-48.981171,-25.49618
Chiroxiphia_caudata,2006,,,-47.460382,-23.851281
Chiroxiphia_caudata,2006,,,-47.471961,-23.867741
Chiroxiphia_caudata,2001,71,11.8,-47.931944,-25.096389
Chiroxiphia_caudata,2006,75,,-47.81,-23.95
Chiroxiphia_caudata,2004,71,,-48.541493,-25.587558
Chiroxiphia_caudata,2003,72.3,,-48.541493,-25.587558
Chiroxiphia_caudata,1996,,,-44.202778,-23.175
Chiroxiphia_caudata,1993,,,-48.583333,-27.4
Chiroxiphia_caudata,2001,74,10.6,-47.931944,-25.096389
Chiroxiphia_caudata,2015,75.5,,-48.981171,-25.49618
Chiroxiphia_caudata,2001,,,-48.541493,-25.587558
Chiroxiphia_caudata,2016,79,,-47.245302,-24.06865
Chiroxiphia_caudata,2016,69.6,,-48.541493,-25.587558
Chiroxiphia_caudata,2010,,,-48.433333,-23.266667
Chiroxiphia_caudata,2017,73.05,,-48.658873,-25.291068
Chiroxiphia_caudata,2004,70,,-48.541493,-25.587558
Chiroxiphia_caudata,2005,75,,-45.982,-23.633
Chiroxiphia_caudata,2013,,,-50.6967,-24.1431
Chiroxiphia_caudata,2017,68.5,,-48.541493,-25.587558
Chiroxiphia_caudata,2011,,,-50.6967,-24.1431
Chiroxiphia_caudata,2001,70.6,9.5,-48.810668,-27.73223
Chiroxiphia_caudata,2013,75,,-49.671408,-28.649798
Chiroxiphia_caudata,2012,80,,-49.403256,-28.600583
Chiroxiphia_caudata,2006,,,-47.449741,-23.843869
Chiroxiphia_caudata,2005,,,-45.982,-23.633
Chiroxiphia_caudata,2007,75,4.9,-48.054843,-20.091019
Chiroxiphia_caudata,1999,,,-48.364722,-24.304722
Chiroxiphia_caudata,2017,70,,-48.541493,-25.587558
Chiroxiphia_caudata,1997,75,6,-44.204194,-23.183073
Chiroxiphia_caudata,2012,,,-50.6967,-24.1431
Chiroxiphia_caudata,2001,80,12,-42.38333,-22.5
Chiroxiphia_caudata,2001,76,11.7,-42.38333,-22.5
Chiroxiphia_caudata,2005,72,,-43.787333,-22.370933
Chiroxiphia_caudata,2017,,,-42.04351,-22.426354
Chiroxiphia_caudata,2013,75,,-49.671408,-28.649798
Chiroxiphia_caudata,1999,74,10,-49.066667,-27
Chiroxiphia_caudata,2011,,,-50.6967,-24.1431
Chiroxiphia_caudata,2016,68,7.9,-49.076722,-22.775
Chiroxiphia_caudata,2006,80,,-48.46,-23.29
Chiroxiphia_caudata,2006,70,,-48.46,-23.29
Chiroxiphia_caudata,2005,,,-47.480162,-23.913781
Chiroxiphia_caudata,1999,75,,-47.841667,-21.971667
Chiroxiphia_caudata,1993,,,-49.016667,-26.283333
Chiroxiphia_caudata,2017,57,,-50.186006,-29.499814
Chiroxiphia_caudata,2016,71,7,-49.076722,-22.775
Chiroxiphia_caudata,2005,,,-47.480162,-23.913781
Chiroxiphia_caudata,2006,,,-47.460382,-23.851281
Chiroxiphia_caudata,2007,75,5.44,-48.054843,-20.091019
Chiroxiphia_caudata,2014,72.79,4.45,-48.34105,-25.14759
Chiroxiphia_caudata,2002,80,10.9,-42.38333,-22.5
Chiroxiphia_caudata,1999,76,,-51.09,-30.1
Chiroxiphia_caudata,2003,,,-48.541493,-25.587558
Chiroxiphia_caudata,1992,,,-49.016667,-26.283333
Chiroxiphia_caudata,2006,73,,-47.684,-23.915
Chiroxiphia_caudata,2016,78,,-47.198404,-24.045634
Chiroxiphia_caudata,2005,,,-47.475802,-23.851386
Chiroxiphia_caudata,2010,72.7,,-48.541493,-25.587558
Chiroxiphia_caudata,2004,80,12.5,-48.713889,-24.543389
Chiroxiphia_caudata,2007,,,-45.516681,-23.1
Chiroxiphia_caudata,2010,,,-50.6973,-24.1445
Chiroxiphia_caudata,2010,74,,-48.884167,-26.002222
Chiroxiphia_caudata,2003,75.1,,-48.541493,-25.587558
Chiroxiphia_caudata,2017,53,,-49.412429,-28.713794
Chiroxiphia_caudata,2006,,,-47.460399,-23.88904
Chiroxiphia_caudata,2001,74.8,9.6,-48.474789,-27.585696
Chiroxiphia_caudata,2002,79,11.2,-42.38333,-22.5
Chiroxiphia_caudata,2006,70,,-45.982,-23.633
Chiroxiphia_caudata,2017,71,,-48.541493,-25.587558
Chiroxiphia_caudata,2017,78,,-49.412429,-28.713794
Chiroxiphia_caudata,2010,,,-50.6973,-24.1445
Chiroxiphia_caudata,2002,74,8.2,-42.38333,-22.5
Chiroxiphia_caudata,2013,78,,-49.671408,-28.649798
Chiroxiphia_caudata,2006,,,-47.475802,-23.851386
Chiroxiphia_caudata,2013,72,,-50.901139,-28.007167
Chiroxiphia_caudata,2009,76,,-48.433333,-23.266667
Chiroxiphia_caudata,2006,,,-47.460382,-23.851281
Chiroxiphia_caudata,2014,70.4,,-48.541493,-25.587558
Chiroxiphia_caudata,2006,,,-47.446516,-23.833638
Chiroxiphia_caudata,2010,76,,-46.016667,-23.033333
Chiroxiphia_caudata,2005,,,-47.480162,-23.913781
Chiroxiphia_caudata,2004,73,,-48.541493,-25.587558
Chiroxiphia_caudata,1999,,,-48.364722,-24.304722
Chiroxiphia_caudata,2015,75,,-47.198404,-24.045634
Chiroxiphia_caudata,2006,78,,-47.81,-23.95
Chiroxiphia_caudata,2016,71,,-49.672487,-22.37698
Chiroxiphia_caudata,2006,,,-47.460382,-23.851281
Chiroxiphia_caudata,2013,80,,-51.136167,-27.7955
Chiroxiphia_caudata,2006,75,,-48.46,-23.29
Chiroxiphia_caudata,2001,75,9.8,-48.810668,-27.73223
Chiroxiphia_caudata,2006,,,-45.982,-23.633
Chiroxiphia_caudata,2015,76.6,,-48.981171,-25.49618
Chiroxiphia_caudata,2010,76.2,,-48.541493,-25.587558
Chiroxiphia_caudata,2010,82,,-46.016667,-23.033333
Chiroxiphia_caudata,2014,76.08,4.67,-48.34105,-25.14759
Chiroxiphia_caudata,2014,85.3,4.29,-48.992205,-25.49548
Chiroxiphia_caudata,1999,80,,-51.09,-30.1
Chiroxiphia_caudata,1996,,,-44.204194,-23.183073
Chiroxiphia_caudata,2010,,,-43.5103,-20.1536
Chiroxiphia_caudata,2002,75.4,10.5,-44.850694,-23.358056
Chiroxiphia_caudata,2005,81,,-48.46,-23.29
Chiroxiphia_caudata,2016,72.5,,-48.681405,-25.29377
Chiroxiphia_caudata,2006,,,-41.003333,-20.4
Chiroxiphia_caudata,2001,80,11.3,-42.38333,-22.5
Chiroxiphia_caudata,2013,70,,-49.671408,-28.649798
Chiroxiphia_caudata,2001,81,10.9,-42.38333,-22.5
Chiroxiphia_caudata,2009,76,11.6,-52.583333,-27.233333
Chiroxiphia_caudata,2013,,,-48.992205,-25.49548
Chiroxiphia_caudata,2015,72.9,,-48.981171,-25.49618
Chiroxiphia_caudata,2004,71,,-48.541493,-25.587558
Chiroxiphia_caudata,2000,,,-46.971111,-23.666389
Chiroxiphia_caudata,2010,70,,-48.541493,-25.587558
Chiroxiphia_caudata,2009,69,,-48.433333,-23.266667
Chiroxiphia_caudata,2013,76,7,-41.84374722,-20.41793889
Chiroxiphia_caudata,2006,,,-47.446516,-23.833638
Chiroxiphia_caudata,2007,75,5.43,-48.054843,-20.091019
Chiroxiphia_caudata,2003,68,,-48.541493,-25.587558
Chiroxiphia_caudata,2006,,,-47.452334,-23.920014
Chiroxiphia_caudata,2016,75,8.4,-49.076722,-22.775
Chiroxiphia_caudata,2005,76.6,10.3,-47.946389,-24.061306
Chiroxiphia_caudata,2007,,,-47.460399,-23.88904
Chiroxiphia_caudata,2003,,,-48.541493,-25.587558
Chiroxiphia_caudata,2006,,,-45.982,-23.633
Chiroxiphia_caudata,2005,70,,-48.46,-23.29
Chiroxiphia_caudata,2012,,,-48.992205,-25.49548
Chiroxiphia_caudata,2006,,,-47.490814,-23.873765
Chiroxiphia_caudata,2016,73,7.2,-41.84374722,-20.41793889
Chiroxiphia_caudata,2012,69.4,,-48.541493,-25.587558
Chiroxiphia_caudata,2005,75,,-48.541493,-25.587558
Chiroxiphia_caudata,2015,78.72,4.47,-48.992205,-25.49548
Chiroxiphia_caudata,2006,,,-47.469706,-23.918526
Chiroxiphia_caudata,2005,72.3,,-48.541493,-25.587558
Chiroxiphia_caudata,2016,79,7,-49.076722,-22.775
Chiroxiphia_caudata,2016,65,,-47.245302,-24.06865
Chiroxiphia_caudata,2012,79,5.4,-47.949986,-24.16386
Chiroxiphia_caudata,2006,78,,-47.81,-23.95
Chiroxiphia_caudata,2006,,,-47.436016,-23.880844
Chiroxiphia_caudata,2006,,,-47.446516,-23.833638
Chiroxiphia_caudata,2014,75.68,12.35,-48.981171,-25.49618
Chiroxiphia_caudata,2016,74,,-49.672487,-22.37698
Chiroxiphia_caudata,2004,75,10,-42.98,-22.41
Chiroxiphia_caudata,2004,73.9,,-47.99475,-24.059833
Chiroxiphia_caudata,2010,78,,-46.016667,-23.033333
Chiroxiphia_caudata,2013,82,,-49.671408,-28.649798
Chiroxiphia_caudata,2004,76,9.6,-42.98,-22.41
Chiroxiphia_caudata,2006,,,-47.377344,-23.957743
Chiroxiphia_caudata,2001,72.1,5.1,-48.810668,-27.73223
Chiroxiphia_caudata,2006,,,-47.460382,-23.851281
Chiroxiphia_caudata,2006,72,,-48.46,-23.29
Chiroxiphia_caudata,2011,78,11.8,-49.066667,-27
Chiroxiphia_caudata,2006,76,,-48.46,-23.29
Chiroxiphia_caudata,1998,71.1,,-48.422847,-25.356797
Chiroxiphia_caudata,2006,75,,-48.46,-23.29
Chiroxiphia_caudata,2002,78.7,11.6,-44.850694,-23.358056
Chiroxiphia_caudata,2006,,,-47.449741,-23.843869
Chiroxiphia_caudata,2000,,8,-48.416666,-24.316666
Chiroxiphia_caudata,2001,,,-48.541493,-25.587558
Chiroxiphia_caudata,2014,74.63,5.38,-48.34105,-25.14759
Chiroxiphia_caudata,2015,76,,-46.509514,-23.977439
Chiroxiphia_caudata,2013,,,-50.6967,-24.1431
Chiroxiphia_caudata,2006,71.5,,-48.541493,-25.587558
Chiroxiphia_caudata,2015,,,-43.5067,-20.08
Chiroxiphia_caudata,2009,71.5,,-48.541493,-25.587558
Chiroxiphia_caudata,2004,79.6,10.9,-46.491667,-23.823333
Chiroxiphia_caudata,2004,81.4,11.6,-48.728,-24.538722
Chiroxiphia_caudata,2012,,,-47.949986,-24.16386
Chiroxiphia_caudata,2005,73,,-48.541493,-25.587558
Chiroxiphia_caudata,1999,,,-48.364722,-24.304722
Chiroxiphia_caudata,2006,,,-47.475802,-23.851386
Chiroxiphia_caudata,2005,,,-46.028,-22.977
Chiroxiphia_caudata,2004,,,-42.737667,-22.4084
Chiroxiphia_caudata,2001,,,-48.541493,-25.587558
Chiroxiphia_caudata,2004,76.7,,-46.491667,-23.901889
Chiroxiphia_caudata,2017,73.25,,-48.68104,-25.301984
Chiroxiphia_caudata,2005,,,-47.480162,-23.913781
Chiroxiphia_caudata,2004,75,11,-42.98,-22.41
Chiroxiphia_caudata,2005,,,-47.452334,-23.920014
Chiroxiphia_caudata,2011,74,,-40.601667,-19.936111
Chiroxiphia_caudata,2001,,,-48.40777778,-24.278333
Chiroxiphia_caudata,2016,69.63,,-48.981171,-25.49618
Chiroxiphia_caudata,2015,79.1,,-48.981171,-25.49618
Chiroxiphia_caudata,2006,,,-41.846883,-21.475533
Chiroxiphia_caudata,2000,75,10.5,-46.971111,-23.666389
Chiroxiphia_caudata,2010,82,,-48.433333,-23.266667
Chiroxiphia_caudata,2006,,,-47.405913,-23.96164
Chiroxiphia_caudata,2016,76.13,,-48.981171,-25.49618
Chiroxiphia_caudata,2000,,7.7,-48.416666,-24.316666
Chiroxiphia_caudata,2013,75,8.2,-49.076722,-22.775
Chiroxiphia_caudata,2004,72.4,,-48.541493,-25.587558
Chiroxiphia_caudata,1997,75,8.2,-49.083333,-27.05
Chiroxiphia_caudata,2006,75,,-47.81,-23.95
Chiroxiphia_caudata,2016,,,-47.245302,-24.06865
Chiroxiphia_caudata,2007,66.8,,-48.541493,-25.587558
Chiroxiphia_caudata,2002,81.4,10.8,-45.427917,-23.593222
Chiroxiphia_caudata,2014,62,7.2,-41.82306667,-20.49502778
Chiroxiphia_caudata,2016,75,8.5,-49.076722,-22.775
Chiroxiphia_caudata,2004,74,13.1,-49.066667,-27
Chiroxiphia_caudata,2006,,,-47.396673,-23.947513
Chiroxiphia_caudata,2010,75,,-48.892222,-25.985278
Chiroxiphia_caudata,2015,81,,-46.305028,-23.883583
Chiroxiphia_caudata,2006,,,-45.982,-23.633
Chiroxiphia_caudata,2005,,,-47.480162,-23.913781
Chiroxiphia_caudata,2006,,,-45.982,-23.633
Chiroxiphia_caudata,2013,78,,-50.851889,-28.031444
Chiroxiphia_caudata,2014,72.1,,-48.541493,-25.587558
Chiroxiphia_caudata,2017,71.35,,-48.658873,-25.291068
Chiroxiphia_caudata,2001,75.3,9.5,-48.474789,-27.585696
Chiroxiphia_caudata,2006,,,-47.684,-23.915
Chiroxiphia_caudata,2010,79,,-46.016667,-23.033333
Chiroxiphia_caudata,2016,74,,-48.541493,-25.587558
Chiroxiphia_caudata,2004,74,6.7,-42.737667,-22.4084
Chiroxiphia_caudata,2004,100,17.1,-49.133333,-27.033333
Chiroxiphia_caudata,2006,,,-44.583333,-22.366667
Chiroxiphia_caudata,2006,,,-47.81,-23.95
Chiroxiphia_caudata,2006,,,-48.46,-23.29
Chiroxiphia_caudata,2004,71,10.6,-42.98,-22.41
Chiroxiphia_caudata,2000,78,11.7,-46.971111,-23.666389
Chiroxiphia_caudata,2015,,,-43.9144,-20.4983
Chiroxiphia_caudata,2005,,,-47.396673,-23.947513
Chiroxiphia_caudata,2016,55,,-50.18545,-29.491353
Chiroxiphia_caudata,2002,73.7,10,-45.427917,-23.593222
Chiroxiphia_caudata,2004,79.8,11.7,-46.487639,-23.904583
Chiroxiphia_caudata,2007,,,-47.436016,-23.880844
Chiroxiphia_caudata,2007,,,-47.443783,-23.867903
Chiroxiphia_caudata,2012,72,9.5,-47.949986,-24.16386
Chiroxiphia_caudata,2015,71,,-46.289722,-23.90525
Chiroxiphia_caudata,2005,78,6,-43.790933,-22.372667
Chiroxiphia_caudata,2004,76.9,11.3,-46.487639,-23.904583
Chiroxiphia_caudata,2006,,,-47.449187,-23.854583
Chiroxiphia_caudata,2002,,,-48.541493,-25.587558
Chiroxiphia_caudata,2015,71,9,-49.402289,-22.529975
Chiroxiphia_caudata,2014,71.48,4.92,-48.34105,-25.14759
Chiroxiphia_caudata,2016,69.4,,-48.541493,-25.587558
Chiroxiphia_caudata,1998,80,,-51.09,-30.1
Chiroxiphia_caudata,2006,,,-47.452334,-23.920014
Chiroxiphia_caudata,2014,72,9.4,-41.82306667,-20.49502778
Chiroxiphia_caudata,2010,80,,-48.433333,-23.266667
Chiroxiphia_caudata,2004,78.9,11.4,-47.9515,-24.063639
Chiroxiphia_caudata,2006,75,,-47.81,-23.95
Chiroxiphia_caudata,2017,76,,-47.245302,-24.06865
Chiroxiphia_caudata,2015,81.26,3.85,-48.992205,-25.49548
Chiroxiphia_caudata,2015,72,,-46.289722,-23.90525
Chiroxiphia_caudata,2006,,,-47.446516,-23.833638
Chiroxiphia_caudata,2006,,,-47.446516,-23.833638
Chiroxiphia_caudata,2015,76.7,11.9,-48.981171,-25.49618
Chiroxiphia_caudata,2005,73,,-46.400954,-23.843052
Chiroxiphia_caudata,2001,70.4,10.5,-48.512518,-27.531353
Chiroxiphia_caudata,2006,,,-47.460382,-23.851281
Chiroxiphia_caudata,2014,72,4.25,-48.34105,-25.14759
Chiroxiphia_caudata,2000,70,11.4,-46.971111,-23.666389
Chiroxiphia_caudata,2015,78,,-47.198404,-24.045634
Chiroxiphia_caudata,2012,75,10.4,-49.066667,-27
Chiroxiphia_caudata,1999,74,,-51.09,-30.1
Chiroxiphia_caudata,2004,75,12,-49.066667,-27
Chiroxiphia_caudata,2016,76,7.7,-49.076722,-22.775
Chiroxiphia_caudata,2011,,,-43.5067,-20.08
Chiroxiphia_caudata,2004,,,-48.541493,-25.587558
Chiroxiphia_caudata,2017,72.55,,-48.68104,-25.301984
Chiroxiphia_caudata,1997,71.1,,-48.422847,-25.356797
Chiroxiphia_caudata,2012,,5.2,-47.949986,-24.16386
Chiroxiphia_caudata,2011,71.1,,-48.541493,-25.587558
Chiroxiphia_caudata,1999,,,-48.364722,-24.304722
Chiroxiphia_caudata,2006,,,-42.575483,-22.417983
Chiroxiphia_caudata,2017,,,-50.186006,-29.499814
Chiroxiphia_caudata,2013,80,6.6,-41.84374722,-20.41793889
Chiroxiphia_caudata,2016,72,,-47.245302,-24.06865
Chiroxiphia_caudata,2004,80.2,12,-46.491667,-23.901889
Chiroxiphia_caudata,2006,72,,-45.982,-23.633
Chiroxiphia_caudata,2010,,,-43.9378,-20.2903
Chiroxiphia_caudata,2015,75,7.2,-41.02029722,-20.39838889
Chiroxiphia_caudata,2003,73.9,,-48.541493,-25.587558
Chiroxiphia_caudata,2002,73,8.7,-42.38333,-22.5
Chiroxiphia_caudata,1999,77,,-47.841667,-21.971667
Chiroxiphia_caudata,2002,,,-48.541493,-25.587558
Chiroxiphia_caudata,2005,,,-47.405913,-23.96164
Chiroxiphia_caudata,2015,66.45,,-48.981171,-25.49618
Chiroxiphia_caudata,2004,71.1,,-48.541493,-25.587558
Chiroxiphia_caudata,2009,73.2,,-48.541493,-25.587558
Chiroxiphia_caudata,2015,,,-43.5067,-20.08
Chiroxiphia_caudata,2013,,,-49.076722,-22.775
Chiroxiphia_caudata,2006,75,,-48.541493,-25.587558
Chiroxiphia_caudata,2010,69,,-46.016667,-23.033333
Chiroxiphia_caudata,1999,71,,-47.841667,-21.971667
Chiroxiphia_caudata,2001,74,9.9,-48.812205,-27.768275
Chiroxiphia_caudata,2017,,,-48.981171,-25.49618
Chiroxiphia_caudata,2004,79.3,,-47.99475,-24.059833
Chiroxiphia_caudata,2008,71,4.61,-48.054843,-20.091019
Chiroxiphia_caudata,2002,76.9,11.5,-45.427917,-23.593222
Chiroxiphia_caudata,2008,,,-43.4022,-19.3975
Chiroxiphia_caudata,2002,,,-47.931944,-25.096389
Chiroxiphia_caudata,2010,74.5,,-48.433333,-23.266667
Chiroxiphia_caudata,2001,82,11,-47.931944,-25.096389
Chiroxiphia_caudata,2014,74.28,4.33,-48.34105,-25.14759
Chiroxiphia_caudata,2008,71.3,,-48.541493,-25.587558
Chiroxiphia_caudata,2000,71,11,-47.931944,-25.096389
Chiroxiphia_caudata,2004,,,-43.716667,-20.783333
Chiroxiphia_caudata,2002,,,-48.541493,-25.587558
Chiroxiphia_caudata,2004,75.7,10.9,-46.491667,-23.825222
Chiroxiphia_caudata,2016,75,,-49.672487,-22.37698
Chiroxiphia_caudata,2006,77,,-47.81,-23.95
Chiroxiphia_caudata,2017,70.15,10.24,-48.981171,-25.49618
Chiroxiphia_caudata,2008,72.2,,-48.541493,-25.587558
Chiroxiphia_caudata,2000,,8.7,-48.416666,-24.316666
Chiroxiphia_caudata,2005,,,-47.480162,-23.913781
Chiroxiphia_caudata,2006,79,,-45.982,-23.633
Chiroxiphia_caudata,2006,,,-47.490814,-23.873765
Chiroxiphia_caudata,2002,75.5,,-45.427917,-23.593222
Chiroxiphia_caudata,1999,,,-48.364722,-24.304722
Chiroxiphia_caudata,2004,81.7,11.4,-47.946389,-24.061306
Chiroxiphia_caudata,2006,,,-47.446516,-23.833638
Chiroxiphia_caudata,2005,,,-47.452334,-23.920014
Chiroxiphia_caudata,2006,,,-45.982,-23.633
Chiroxiphia_caudata,2005,,,-47.396673,-23.947513
Chiroxiphia_caudata,2004,69.9,,-48.541493,-25.587558
Chiroxiphia_caudata,2015,70,,-46.340917,-23.855861
Chiroxiphia_caudata,2012,,,-50.6967,-24.1431
Chiroxiphia_caudata,2006,,,-47.46575,-23.903054
Chiroxiphia_caudata,2004,74.6,,-48.541493,-25.587558
Chiroxiphia_caudata,2006,80,,-48.46,-23.29
Chiroxiphia_caudata,1996,,,-44.202778,-23.175
Chiroxiphia_caudata,2004,69.6,,-48.541493,-25.587558
Chiroxiphia_caudata,2014,73.14,9.97,-48.981171,-25.49618
Chiroxiphia_caudata,2002,71,9.5,-42.38333,-22.5
Chiroxiphia_caudata,2017,70.8,,-48.541493,-25.587558
Chiroxiphia_caudata,2017,54,,-50.162407,-29.472434
Chiroxiphia_caudata,2006,,,-47.81,-23.95
Chiroxiphia_caudata,2016,66,,-47.245302,-24.06865
Chiroxiphia_caudata,2015,69.5,,-48.981171,-25.49618
Chiroxiphia_caudata,2005,62.7,,-49.248873,-25.956569
Chiroxiphia_caudata,2003,72.7,,-48.541493,-25.587558
Chiroxiphia_caudata,2014,72.2,,-48.541493,-25.587558
Chiroxiphia_caudata,2004,,,-43.716667,-20.783333
Chiroxiphia_caudata,2005,,,-47.377344,-23.957743
Chiroxiphia_caudata,2017,76,,-49.412429,-28.713794
Chiroxiphia_caudata,2005,,,-47.480162,-23.913781
Chiroxiphia_caudata,2005,,,-47.480162,-23.913781
Chiroxiphia_caudata,1999,,5.1,-48.364722,-24.304722
Chiroxiphia_caudata,2017,71.45,,-48.673631,-25.304749
Chiroxiphia_caudata,2001,73,11.3,-42.38333,-22.5
Chiroxiphia_caudata,2006,77,,-45.982,-23.633
Chiroxiphia_caudata,2010,,,-50.6967,-24.1431
Chiroxiphia_caudata,2006,79,,-47.81,-23.95
Chiroxiphia_caudata,2015,76,11,-49.05,-26.866667
Conopophaga_lineata,2013,74,7.4,-49.076722,-22.775
Conopophaga_lineata,2010,74,,-48.433333,-23.266667
Conopophaga_lineata,2018,75,6.4,-49.402289,-22.529975
Conopophaga_lineata,2010,75,,-48.433333,-23.266667
Conopophaga_lineata,2005,75,,-46.02,-23.039
Conopophaga_lineata,2005,,,-47.446516,-23.833638
Conopophaga_lineata,2010,,,-48.433333,-23.266667
Conopophaga_lineata,2006,79,,-48.46,-23.29
Conopophaga_lineata,2013,68,11,-49.02,-25.31
Conopophaga_lineata,2006,73,,-47.684,-23.915
Conopophaga_lineata,2014,71,,-47.0125,-23.963889
Conopophaga_lineata,2015,,,-47.253177,-24.086093
Conopophaga_lineata,2006,,,-47.452334,-23.920014
Conopophaga_lineata,2012,,,-43.9364,-20.2953
Conopophaga_lineata,2006,,,-47.449741,-23.843869
Conopophaga_lineata,2014,75,7.4,-49.398056,-22.530694
Conopophaga_lineata,2014,70,7.6,-49.398056,-22.530694
Conopophaga_lineata,2014,70,7.3,-49.398056,-22.530694
Conopophaga_lineata,2010,,,-48.433333,-23.266667
Conopophaga_lineata,2007,,,-47.377344,-23.957743
Conopophaga_lineata,2016,72,,-49.618889,-28.1525
Conopophaga_lineata,2016,73,8.2,-49.076722,-22.775
Conopophaga_lineata,2014,74,7.1,-49.398056,-22.530694
Conopophaga_lineata,2000,69.5,5.5,-49.221108,-25.951109
Conopophaga_lineata,2016,70,7.7,-49.076722,-22.775
Conopophaga_lineata,2006,48,,-51.302929,-30.051014
Conopophaga_lineata,2016,68,,-49.672487,-22.37698
Conopophaga_lineata,2014,70,8,-49.398056,-22.530694
Conopophaga_lineata,1993,,,-49.6042,-28.6838
Conopophaga_lineata,2006,,,-47.480162,-23.913781
Conopophaga_lineata,2006,,,-47.46575,-23.903054
Conopophaga_lineata,2005,,,-47.377344,-23.957743
Conopophaga_lineata,2010,,,-48.433333,-23.266667
Conopophaga_lineata,2006,,,-47.446516,-23.833638
Conopophaga_lineata,2005,,,-47.452334,-23.920014
Conopophaga_lineata,2016,71,5.9,-49.076722,-22.775
Conopophaga_lineata,2006,,,-47.475802,-23.851386
Conopophaga_lineata,2008,,,-43.4381,-20.2067
Conopophaga_lineata,2017,,,-49.398056,-22.530694
Conopophaga_lineata,2005,71,,-47.684,-23.915
Conopophaga_lineata,2006,,,-47.449187,-23.854583
Conopophaga_lineata,2017,66,7.5,-49.398056,-22.530694
Conopophaga_lineata,2017,71,8,-49.398056,-22.530694
Conopophaga_lineata,2016,79,,-49.672487,-22.37698
Conopophaga_lineata,2017,,,-47.198404,-24.045634
Conopophaga_lineata,2010,71,,-48.433333,-23.266667
Conopophaga_lineata,2014,72,,-47.0125,-23.963889
Conopophaga_lineata,2014,72,6.6,-49.398056,-22.530694
Conopophaga_lineata,2006,,,-46.02,-23.039
Conopophaga_lineata,2006,,,-47.436016,-23.880844
Conopophaga_lineata,2010,70,,-48.433333,-23.266667
Conopophaga_lineata,2000,74,8.5,-49.221108,-25.951109
Conopophaga_lineata,2012,,,-48.992205,-25.49548
Conopophaga_lineata,2006,70,,-48.46,-23.29
Conopophaga_lineata,2006,71,,-46.02,-23.039
Conopophaga_lineata,2006,72,,-47.684,-23.915
Conopophaga_lineata,2006,,,-47.684,-23.915
Conopophaga_lineata,2004,,,-49.248873,-25.956569
Conopophaga_lineata,2008,,,-43.4381,-20.2067
Conopophaga_lineata,2006,,,-47.449741,-23.843869
Conopophaga_lineata,2002,69,8.5,-42.38333,-22.5
Conopophaga_lineata,2006,,,-47.460382,-23.851281
Conopophaga_lineata,2014,76,7.2,-49.398056,-22.530694
Conopophaga_lineata,2005,,,-47.449741,-23.843869
Conopophaga_lineata,2006,,,-47.460399,-23.88904
Conopophaga_lineata,2006,70,,-47.684,-23.915
Conopophaga_lineata,2010,,,-50.6967,-24.1431
Conopophaga_lineata,2014,70,7,-49.398056,-22.530694
Conopophaga_lineata,2006,,,-47.480162,-23.913781
Conopophaga_lineata,2014,72,7.2,-49.398056,-22.530694
Conopophaga_lineata,2013,71,7.8,-49.076722,-22.775
Conopophaga_lineata,2007,67,5.74,-48.054843,-20.091019
Conopophaga_lineata,2006,76,,-48.46,-23.29
Conopophaga_lineata,2012,72.4,,-44.4328,-19.8678
Conopophaga_lineata,2006,,,-47.446516,-23.833638
Conopophaga_lineata,2015,69,,-51.2525,-23.4425
Conopophaga_lineata,2007,,,-47.460382,-23.851281
Conopophaga_lineata,2016,68,12.1,-34.9532021832,-7.9964573463
Conopophaga_lineata,2005,,,-47.446516,-23.833638
Conopophaga_lineata,1992,,,-49.183333,-27.316667
Conopophaga_lineata,2015,64,8,-49.402289,-22.529975
Conopophaga_lineata,2013,70,10.6,-50.6967,-24.1431
Conopophaga_lineata,2005,70,,-46.02,-23.039
Conopophaga_lineata,2002,67.8,,-48.541493,-25.587558
Conopophaga_lineata,2009,69,7.3,-35.144167,-6.741389
Conopophaga_lineata,2014,69,6,-49.398056,-22.530694
Conopophaga_lineata,2006,71,10.7,-35.139925,-6.741965
Conopophaga_lineata,2005,,,-47.452334,-23.920014
Conopophaga_lineata,2001,,,-48.40777778,-24.278333
Conopophaga_lineata,2006,67,,-47.684,-23.915
Conopophaga_lineata,2017,69,7.4,-49.398056,-22.530694
Conopophaga_lineata,2007,67,6.23,-48.918185,-21.220465
Conopophaga_lineata,2017,68,,-48.541493,-25.587558
Conopophaga_lineata,2006,70,,-46.02,-23.039
Conopophaga_lineata,2017,75,6.9,-49.398056,-22.530694
Conopophaga_lineata,2014,72,7.7,-49.398056,-22.530694
Conopophaga_lineata,2014,71,7.5,-49.398056,-22.530694
Conopophaga_lineata,2017,,,-49.398056,-22.530694
Conopophaga_lineata,2014,65,7.6,-49.398056,-22.530694
Conopophaga_lineata,2011,68,,-47.590125,-23.431942
Conopophaga_lineata,2013,77,7,-41.84374722,-20.41793889
Conopophaga_lineata,2008,,,-43.4381,-20.2067
Conopophaga_lineata,2006,,,-47.460382,-23.851281
Conopophaga_lineata,2017,75,7.6,-49.398056,-22.530694
Conopophaga_lineata,2014,73,6.9,-49.398056,-22.530694
Conopophaga_lineata,2010,75,,-48.433333,-23.266667
Conopophaga_lineata,2017,68,7.3,-49.398056,-22.530694
Conopophaga_lineata,2007,74.3,5.3,-49.308679,-25.42167
Conopophaga_lineata,2017,75,7.7,-49.398056,-22.530694
Conopophaga_lineata,2014,76,,-47.012778,-23.964444
Conopophaga_lineata,2010,,,-43.8861,-20.1094
Conopophaga_lineata,2012,,,-48.992205,-25.49548
Conopophaga_lineata,2013,73,11,-49.078288,-24.938615
Conopophaga_lineata,2010,45,,-48.433333,-23.266667
Conopophaga_lineata,2014,70,7.5,-41.84374722,-20.41793889
Conopophaga_lineata,2010,,,-46.016667,-23.033333
Conopophaga_lineata,2008,66,5.5,-48.054843,-20.091019
Conopophaga_lineata,2004,67.2,,-49.348803,-25.589976
Conopophaga_lineata,2006,,,-46.02,-23.039
Conopophaga_lineata,2006,73,,-46.02,-23.039
Conopophaga_lineata,2006,,,-41.833333,-20.4
Conopophaga_lineata,2017,69,7.8,-49.398056,-22.530694
Conopophaga_lineata,2006,,,-47.396673,-23.947513
Conopophaga_lineata,2016,70,,-47.245302,-24.06865
Conopophaga_lineata,2006,,,-44.583333,-22.366667
Conopophaga_lineata,2016,74,,-49.672487,-22.37698
Conopophaga_lineata,2014,,,-43.4714,-19.9969
Conopophaga_lineata,2014,,,-43.4714,-19.9969
Conopophaga_lineata,2005,74,,-47.81,-23.95
Conopophaga_lineata,2012,,,-50.6967,-24.1431
Conopophaga_lineata,2014,68,,-49.641667,-28.153056
Conopophaga_lineata,2006,77,,-46.02,-23.039
Conopophaga_lineata,2007,75,5.17,-48.054843,-20.091019
Conopophaga_lineata,1993,,,-49.6042,-28.6838
Conopophaga_lineata,2011,,,-43.5067,-20.08
Conopophaga_lineata,2006,72,,-47.684,-23.915
Conopophaga_lineata,2006,,,-47.449741,-23.843869
Conopophaga_lineata,2017,,,-47.245302,-24.06865
Conopophaga_lineata,2009,70,11,-35.144167,-6.741389
Conopophaga_lineata,2014,66,,-50.6967,-24.1431
Conopophaga_lineata,2011,,,-43.5067,-20.08
Conopophaga_lineata,2015,71,7,-49.402289,-22.529975
Conopophaga_lineata,2014,67,6.6,-49.398056,-22.530694
Conopophaga_lineata,2012,70,5,-48.992205,-25.49548
Conopophaga_lineata,2014,,,-43.4714,-19.9975
Conopophaga_lineata,2000,74,5.65,-49.221108,-25.951109
Conopophaga_lineata,2005,,,-47.449741,-23.843869
Conopophaga_lineata,2014,70,8.4,-49.398056,-22.530694
Conopophaga_lineata,2012,70,8,-50.6967,-24.1431
Conopophaga_lineata,2016,72,,-47.198404,-24.045634
Conopophaga_lineata,2006,,,-47.471961,-23.867741
Conopophaga_lineata,2012,,,-43.7431,-20.4578
Conopophaga_lineata,2016,,,-47.245302,-24.06865
Conopophaga_lineata,2006,,,-47.449741,-23.843869
Conopophaga_lineata,1991,,,-53.95,-27.25
Conopophaga_lineata,2013,60,6,-41.74221111,-20.49504444
Conopophaga_lineata,2009,70,,-48.433333,-23.266667
Conopophaga_lineata,2002,71,10.2,-52.516667,-26.65
Conopophaga_lineata,2016,72,7,-49.076722,-22.775
Conopophaga_lineata,2008,,,-43.4022,-19.3975
Conopophaga_lineata,2015,71,7.5,-41.84374722,-20.41793889
Conopophaga_lineata,2006,,,-41.733333,-20.483333
Conopophaga_lineata,2006,,,-47.436016,-23.880844
Conopophaga_lineata,2014,70,7.6,-49.398056,-22.530694
Conopophaga_lineata,2006,70,10.2,-35.139925,-6.741965
Conopophaga_lineata,2006,,,-47.446516,-23.833638
Conopophaga_lineata,2002,73,9.6,-42.38333,-22.5
Conopophaga_lineata,2001,70,5.3,-49.221108,-25.951109
Conopophaga_lineata,2006,,,-45.982,-23.633
Conopophaga_lineata,2016,72,,-47.245302,-24.06865
Conopophaga_lineata,1991,,,-53.95,-27.25
Conopophaga_lineata,2009,75,5.52,-48.054843,-20.091019
Conopophaga_lineata,2015,70,8.3,-41.84374722,-20.41793889
Conopophaga_lineata,1991,,,-53.95,-27.25
Conopophaga_lineata,2006,67,,-47.81,-23.95
Conopophaga_lineata,2010,,,-48.433333,-23.266667
Conopophaga_lineata,2006,68,,-45.982,-23.633
Conopophaga_lineata,2014,73,6.6,-49.398056,-22.530694
Conopophaga_lineata,2016,73,9.3,-49.076722,-22.775
Conopophaga_lineata,2014,70,7,-49.398056,-22.530694
Conopophaga_lineata,2006,,,-41.833333,-20.4
Conopophaga_lineata,2006,,,-47.475802,-23.851386
Conopophaga_lineata,2012,66,9.9,-47.505278,-22.569167
Conopophaga_lineata,2014,69,7.2,-49.398056,-22.530694
Conopophaga_lineata,2006,,,-47.480381,-23.876407
Conopophaga_lineata,2005,,,-47.480162,-23.913781
Conopophaga_lineata,2013,69,,-47.0125,-23.963889
Conopophaga_lineata,2017,70,7.5,-49.398056,-22.530694
Conopophaga_lineata,2013,70,,-47.0125,-23.963889
Conopophaga_lineata,2015,71,9.3,-49.402289,-22.529975
Conopophaga_lineata,2006,,,-47.475802,-23.851386
Conopophaga_lineata,2002,73,10,-52.516667,-26.65
Conopophaga_lineata,2005,68,,-43.787333,-22.370933
Conopophaga_lineata,2001,73,5.1,-49.221108,-25.951109
Conopophaga_lineata,2016,66,,-49.672487,-22.37698
Conopophaga_lineata,2005,71,5.8,-43.787333,-22.370933
Conopophaga_lineata,2006,,,-47.48322,-23.886254
Conopophaga_lineata,2014,71,6.5,-49.398056,-22.530694
Conopophaga_lineata,2014,68,7.9,-49.398056,-22.530694
Conopophaga_lineata,2005,,,-47.446516,-23.833638
Conopophaga_lineata,2006,,,-47.446516,-23.833638
Conopophaga_lineata,2015,72,8.3,-49.402289,-22.529975
Conopophaga_lineata,2010,,,-48.433333,-23.266667
Conopophaga_lineata,2006,,,-47.446516,-23.833638
Conopophaga_lineata,2005,68,,-48.46,-23.29
Conopophaga_lineata,2008,70,5.08,-48.054843,-20.091019
Conopophaga_lineata,2017,75,7.2,-49.398056,-22.530694
Conopophaga_lineata,2006,,,-47.480381,-23.876407
Conopophaga_lineata,2000,70.2,6.4,-49.221108,-25.951109
Conopophaga_lineata,2006,,,-46.02,-23.039
Conopophaga_lineata,2011,,,-46.016667,-23.033333
Conopophaga_lineata,2016,71,8.3,-49.076722,-22.775
Conopophaga_lineata,2014,69,7.8,-49.398056,-22.530694
Conopophaga_lineata,2005,72,,-46.028,-22.977
Conopophaga_lineata,2016,64,,-49.672487,-22.37698
Conopophaga_lineata,2005,74,,-45.982,-23.633
Conopophaga_lineata,2016,75,,-49.672487,-22.37698
Conopophaga_lineata,2005,,,-47.446516,-23.833638
Conopophaga_lineata,2017,,,-47.253177,-24.086093
Conopophaga_lineata,2017,75,8.5,-49.398056,-22.530694
Conopophaga_lineata,2014,70,6.7,-49.398056,-22.530694
Conopophaga_lineata,2009,,6.6,-47.55,-22.416667
Conopophaga_lineata,2006,,,-47.452334,-23.920014
Conopophaga_lineata,2008,69,5.89,-48.054843,-20.091019
Conopophaga_lineata,2017,69,6.4,-49.398056,-22.530694
Conopophaga_lineata,2006,,,-47.475802,-23.851386
Conopophaga_lineata,2005,,,-47.453913,-23.907938
Conopophaga_lineata,2011,,,-50.6967,-24.1431
Conopophaga_lineata,2007,,,-45.9614,-22.7797
Conopophaga_lineata,2016,75,,-49.672487,-22.37698
Conopophaga_lineata,2017,70,7.5,-49.398056,-22.530694
Conopophaga_lineata,2016,70,6.5,-49.076722,-22.775
Conopophaga_lineata,2010,72,,-46.016667,-23.033333
Conopophaga_lineata,2006,,,-47.436016,-23.880844
Conopophaga_lineata,2011,,,-43.4717,-19.9961
Conopophaga_lineata,2015,,,-47.198404,-24.045634
Conopophaga_lineata,2005,71,,-48.46,-23.29
Conopophaga_lineata,2007,69.9,6.55,-49.308679,-25.42167
Conopophaga_lineata,2006,,,-47.684,-23.915
Conopophaga_lineata,2013,67.3,,-54.487792,-25.619635
Conopophaga_lineata,2014,71,7,-49.398056,-22.530694
Conopophaga_lineata,2016,74,,-49.672487,-22.37698
Conopophaga_lineata,2007,,,-49.308679,-25.42167
Conopophaga_lineata,1999,69,,-51.09,-30.1
Conopophaga_lineata,2013,72,10.3,-49.078288,-24.938615
Conopophaga_lineata,2006,67,,-48.46,-23.29
Conopophaga_lineata,2006,,,-47.480162,-23.913781
Conopophaga_lineata,2003,64.1,,-48.541493,-25.587558
Conopophaga_lineata,2014,71,7.3,-49.398056,-22.530694
Conopophaga_lineata,2014,72,7.6,-49.398056,-22.530694
Conopophaga_lineata,2006,73,,-46.399266,-23.833688
Conopophaga_lineata,2005,70,,-47.81,-23.95
Conopophaga_lineata,2014,69,6.8,-49.398056,-22.530694
Conopophaga_lineata,2006,72,,-46.02,-23.039
Conopophaga_lineata,2007,,,-43.45,-19.9667
Conopophaga_lineata,2014,69,6,-49.398056,-22.530694
Conopophaga_lineata,2006,,,-41.733333,-20.483333
Conopophaga_lineata,2009,,10.7,-47.55,-22.416667
Conopophaga_lineata,2006,,,-47.449741,-23.843869
Conopophaga_lineata,2010,70,13.8,-50.6973,-24.1445
Conopophaga_lineata,2017,72,6.7,-49.398056,-22.530694
Conopophaga_lineata,2011,,,-43.5067,-20.08
Conopophaga_lineata,2013,70,11,-50.6967,-24.1431
Conopophaga_lineata,2005,,,-47.453913,-23.907938
Conopophaga_lineata,2012,69.3,6.6,-48.992205,-25.49548
Conopophaga_lineata,2006,70,,-48.46,-23.29
Conopophaga_lineata,2006,73,,-45.982,-23.633
Conopophaga_lineata,2006,73,,-46.02,-23.039
Conopophaga_lineata,2006,,,-47.449187,-23.854583
Conopophaga_lineata,2015,,,-47.253177,-24.086093
Conopophaga_lineata,2006,,,-47.480162,-23.913781
Conopophaga_lineata,2012,67,7,-41.74221111,-20.49504444
Conopophaga_lineata,2014,69,8.2,-49.398056,-22.530694
Conopophaga_lineata,2012,71,5.3,-48.992205,-25.49548
Conopophaga_lineata,2006,,,-47.480162,-23.913781
Conopophaga_lineata,2016,69,,-49.672487,-22.37698
Conopophaga_lineata,2005,,,-45.982,-23.633
Conopophaga_lineata,2013,,,-44.3367,-19.9819
Conopophaga_lineata,2014,76,6.8,-49.398056,-22.530694
Conopophaga_lineata,2006,69,9.1,-35.139925,-6.741965
Conopophaga_lineata,2006,,,-47.471961,-23.867741
Conopophaga_lineata,2001,,6.7,-48.40777778,-24.278333
Conopophaga_lineata,2006,70,6,-41.919983,-21.878417
Conopophaga_lineata,2006,,,-47.490814,-23.873765
Conopophaga_lineata,2006,83,5.8,-41.919983,-21.878417
Conopophaga_lineata,2005,70,,-48.46,-23.29
Conopophaga_lineata,2012,73,10,-47.505278,-22.569167
Conopophaga_lineata,2005,69,,-46.02,-23.039
Conopophaga_lineata,2006,,,-47.422488,-23.857596
Conopophaga_lineata,2006,,,-47.480381,-23.876407
Conopophaga_lineata,2007,62,10.7,-35.884722,-9.216667
Conopophaga_lineata,2006,,,-47.471961,-23.867741
Conopophaga_lineata,2014,71,6.9,-49.398056,-22.530694
Conopophaga_lineata,2016,73,,-49.672487,-22.37698
Conopophaga_lineata,2014,68,6.4,-49.398056,-22.530694
Conopophaga_lineata,2017,72,7.5,-49.398056,-22.530694
Conopophaga_lineata,2007,,,-45.9333,-22.7
Conopophaga_lineata,2006,70,,-47.81,-23.95
Conopophaga_lineata,2005,,,-47.449741,-23.843869
Conopophaga_lineata,2005,,,-47.449741,-23.843869
Conopophaga_lineata,2006,,,-47.396673,-23.947513
Conopophaga_lineata,2006,,,-47.446516,-23.833638
Conopophaga_lineata,2009,,,-43.4428,-18.5303
Conopophaga_lineata,2016,75,7.2,-49.076722,-22.775
Conopophaga_lineata,2016,58,,-47.253177,-24.086093
Conopophaga_lineata,2013,71,5.8,-41.74221111,-20.49504444
Conopophaga_lineata,2017,71,8.2,-49.398056,-22.530694
Conopophaga_lineata,2017,69,7.7,-49.398056,-22.530694
Conopophaga_lineata,2009,69,7.9,-35.144167,-6.741389
Conopophaga_lineata,2015,72,8.4,-49.402289,-22.529975
Conopophaga_lineata,2008,,,-43.4381,-20.2067
Conopophaga_lineata,2010,,,-48.433333,-23.266667
Conopophaga_lineata,2008,,,-43.4381,-20.2067
Conopophaga_lineata,2013,69.8,,-44.41,-19.8886
Conopophaga_lineata,2010,,,-42.9522,-19.7086
Conopophaga_lineata,2015,,,-42.9594,-18.9933
Conopophaga_lineata,2009,,12.3,-47.55,-22.416667
Conopophaga_lineata,2006,,,-47.449187,-23.854583
Conopophaga_lineata,2011,70,10.5,-50.6967,-24.1431
Conopophaga_lineata,2010,73,,-48.433333,-23.266667
Conopophaga_lineata,2016,71,,-49.672487,-22.37698
Conopophaga_lineata,2011,,,-43.5067,-20.08
Conopophaga_lineata,2017,70,7.7,-49.398056,-22.530694
Conopophaga_lineata,2016,69,7.1,-49.076722,-22.775
Conopophaga_lineata,2014,75,8.9,-41.84374722,-20.41793889
Conopophaga_lineata,2013,,,-44.3367,-19.9819
Conopophaga_lineata,2006,75,,-46.02,-23.039
Conopophaga_lineata,2017,69,3.1,-41.84374722,-20.41793889
Conopophaga_lineata,2006,70,,-47.684,-23.915
Conopophaga_lineata,2009,,,-44.3856,-20.1614
Conopophaga_lineata,2014,70,8.3,-41.82306667,-20.49502778
Conopophaga_lineata,2007,64,11,-35.884722,-9.216667
Conopophaga_lineata,2014,71,7.2,-49.398056,-22.530694
Conopophaga_lineata,2006,,,-47.449741,-23.843869
Conopophaga_lineata,2008,,,-42.5292,-20.7139
Conopophaga_lineata,2010,,,-46.016667,-23.033333
Conopophaga_lineata,2005,,,-47.449741,-23.843869
Conopophaga_lineata,2006,,,-47.471961,-23.867741
Conopophaga_lineata,2017,85,9,-49.398056,-22.530694
Conopophaga_lineata,2014,75,7.2,-49.398056,-22.530694
Conopophaga_lineata,2012,77,7,-41.84374722,-20.41793889
Conopophaga_lineata,2017,70,7,-49.398056,-22.530694
Conopophaga_lineata,2006,73,,-46.02,-23.039
Conopophaga_lineata,2017,70,6.3,-49.398056,-22.530694
Conopophaga_lineata,2006,,,-47.460382,-23.851281
Conopophaga_lineata,2017,,,-47.245302,-24.06865
Conopophaga_lineata,2010,,,-42.8764,-21.9108
Conopophaga_lineata,2005,,,-47.480381,-23.876407
Conopophaga_lineata,2010,,,-48.433333,-23.266667
Conopophaga_lineata,2014,68,7.2,-49.398056,-22.530694
Conopophaga_lineata,2006,73,,-48.46,-23.29
Conopophaga_lineata,2006,,,-47.480381,-23.876407
Conopophaga_lineata,2006,,,-47.446516,-23.833638
Conopophaga_lineata,2017,71,7.5,-49.398056,-22.530694
Conopophaga_lineata,2016,70,7.4,-49.076722,-22.775
Conopophaga_lineata,2006,,,-47.453913,-23.907938
Conopophaga_lineata,2014,70,7.6,-49.398056,-22.530694
Conopophaga_lineata,2017,65,8,-49.398056,-22.530694
Conopophaga_lineata,2015,72,,-49.636667,-28.160833
Conopophaga_lineata,2015,,,-43.5067,-20.08
Conopophaga_lineata,2007,69.7,5.6,-49.285917,-25.406312
Conopophaga_lineata,2016,66,8.7,-49.076722,-22.775
Conopophaga_lineata,2015,71,7.7,-49.402289,-22.529975
Conopophaga_lineata,2014,60,7.1,-41.74221111,-20.49504444
Conopophaga_lineata,2005,,,-47.475802,-23.851386
Conopophaga_lineata,2006,,,-47.436016,-23.880844
Conopophaga_lineata,2009,75,8.3,-35.144167,-6.741389
Conopophaga_lineata,1991,,,-53.95,-27.25
Conopophaga_lineata,2015,75,6.6,-49.402289,-22.529975
Conopophaga_lineata,2008,68,6.01,-48.054843,-20.091019
Conopophaga_lineata,2006,,,-47.490814,-23.873765
Conopophaga_lineata,2015,73,7.7,-49.402289,-22.529975
Conopophaga_lineata,2017,70,4.1,-49.398056,-22.530694
Conopophaga_lineata,2006,,,-47.446516,-23.833638
Conopophaga_lineata,2007,68.3,5.2,-49.308679,-25.42167
Conopophaga_lineata,2011,69,9,-50.6967,-24.1431
Conopophaga_lineata,2014,69,6,-49.398056,-22.530694
Conopophaga_lineata,2017,66,8.5,-49.398056,-22.530694
Conopophaga_lineata,1993,,,-49.6042,-28.6838
Conopophaga_lineata,2006,,,-47.480381,-23.876407
Conopophaga_lineata,2005,71,,-47.684,-23.915
Conopophaga_lineata,2005,,,-47.480162,-23.913781
Conopophaga_lineata,2006,,,-47.460399,-23.88904
Conopophaga_lineata,2015,74,,-49.618889,-28.1525
Conopophaga_lineata,2005,73,,-46.028,-22.977
Conopophaga_lineata,2014,,,-43.4714,-19.9975
Conopophaga_lineata,2014,72,6.2,-49.398056,-22.530694
Conopophaga_lineata,2010,,,-48.433333,-23.266667
Conopophaga_lineata,2005,,,-47.480162,-23.913781
Conopophaga_lineata,1991,,,-53.95,-27.25
Conopophaga_lineata,2010,,,-42.8764,-21.9108
Conopophaga_lineata,2006,,,-47.684,-23.915
Conopophaga_lineata,2017,66,7.3,-49.398056,-22.530694
Conopophaga_lineata,2006,,,-47.480381,-23.876407
Conopophaga_lineata,2006,76,,-48.46,-23.29
Conopophaga_lineata,2007,,,-47.460399,-23.88904
Conopophaga_lineata,2005,,,-45.982,-23.633
Conopophaga_lineata,2016,75,6.1,-49.076722,-22.775
Conopophaga_lineata,2013,76,7.7,-41.84374722,-20.41793889
Conopophaga_lineata,2016,71,8.2,-49.076722,-22.775
Conopophaga_lineata,2016,72,7.2,-49.076722,-22.775
Conopophaga_lineata,2016,73,6.1,-49.076722,-22.775
Conopophaga_lineata,2006,,,-47.460382,-23.851281
Conopophaga_lineata,2006,,,-44.583333,-22.366667
Conopophaga_lineata,2006,,,-47.480381,-23.876407
Conopophaga_lineata,2009,,,-43.5103,-20.1536
Conopophaga_lineata,2017,70,6.7,-49.398056,-22.530694
Conopophaga_lineata,2014,74,9.2,-41.84374722,-20.41793889
Conopophaga_lineata,2014,72,7,-49.398056,-22.530694
Conopophaga_lineata,2010,72,11.1,-50.6973,-24.1445
Conopophaga_lineata,2007,65,9.2,-35.884722,-9.216667
Conopophaga_lineata,2007,,,-44.683333,-20.6
Conopophaga_lineata,2006,,,-47.446516,-23.833638
Conopophaga_lineata,2015,65,7.7,-41.02029722,-20.39838889
Conopophaga_lineata,2006,,,-47.446516,-23.833638
Conopophaga_lineata,2006,,,-47.480381,-23.876407
Conopophaga_lineata,2011,,,-46.016667,-23.033333
Conopophaga_lineata,2006,75,,-45.982,-23.633
Conopophaga_lineata,2006,,,-47.480381,-23.876407
Conopophaga_lineata,2008,,,-43.4381,-20.2067
Conopophaga_lineata,2010,78,,-48.433333,-23.266667
Conopophaga_lineata,2006,75,,-46.02,-23.039
Conopophaga_lineata,2006,79,,-48.46,-23.29
Conopophaga_lineata,2016,71,8.2,-49.076722,-22.775
Conopophaga_lineata,2017,69,7,-49.398056,-22.530694
Conopophaga_lineata,2006,,,-47.471961,-23.867741
Conopophaga_lineata,2014,70,7.6,-49.398056,-22.530694
Conopophaga_lineata,2011,71,,-47.590125,-23.431942
Conopophaga_lineata,2005,74,,-45.982,-23.633
Conopophaga_lineata,2008,69,4.1,-48.918185,-21.220465
Conopophaga_lineata,2006,,,-47.422488,-23.857596
Conopophaga_lineata,1992,,,-49.183333,-27.316667
Conopophaga_lineata,2007,70,5.72,-48.054843,-20.091019
Conopophaga_lineata,2005,,,-47.475802,-23.851386
Conopophaga_lineata,2007,66,12.5,-35.884722,-9.216667
Conopophaga_lineata,2010,71,12.9,-50.6967,-24.1431
Conopophaga_lineata,2006,72,6.4,-35.139925,-6.741965
Conopophaga_lineata,2005,,,-47.452334,-23.920014
Conopophaga_lineata,2014,70,7.2,-49.398056,-22.530694
Conopophaga_lineata,2007,,,-47.377344,-23.957743
Conopophaga_lineata,2005,76,,-48.46,-23.29
Conopophaga_lineata,2013,75,8,-41.84374722,-20.41793889
Conopophaga_lineata,2014,73,7.4,-49.398056,-22.530694
Conopophaga_lineata,2008,66,5.7,-48.054843,-20.091019
Conopophaga_lineata,2006,,,-47.475802,-23.851386
Conopophaga_lineata,2016,68,,-49.672487,-22.37698
Conopophaga_lineata,2006,74,,-46.02,-23.039
Conopophaga_lineata,2006,,,-48.541493,-25.587558
Conopophaga_lineata,1992,,,-49.233333,-26.366667
Conopophaga_lineata,2015,65,10.5,-41.02029722,-20.39838889
Conopophaga_lineata,2017,,,-47.245302,-24.06865
Conopophaga_lineata,2005,75,,-46.02,-23.039
Conopophaga_lineata,2005,76,,-46.02,-23.039
Conopophaga_lineata,2014,73,7,-49.398056,-22.530694
Conopophaga_lineata,2007,75,,-49.308679,-25.42167
Conopophaga_lineata,2006,69.5,,-48.541493,-25.587558
Conopophaga_lineata,2007,67,5.1,-49.285917,-25.406312
Conopophaga_lineata,2017,70,8,-49.398056,-22.530694
Conopophaga_lineata,2017,70,7.2,-49.398056,-22.530694
Conopophaga_lineata,2007,73,5.57,-48.054843,-20.091019
Conopophaga_lineata,2005,,,-47.449741,-23.843869
Conopophaga_lineata,2016,65,4.2,-34.9532021832,-7.9964573463
Conopophaga_lineata,2006,74,,-45.982,-23.633
Conopophaga_lineata,2016,71,6.8,-49.076722,-22.775
Conopophaga_lineata,2015,70,7.2,-41.84374722,-20.41793889
Conopophaga_lineata,2005,67,,-47.684,-23.915
Conopophaga_lineata,2015,,,-43.5067,-20.08
Conopophaga_lineata,2006,72,,-48.46,-23.29
Conopophaga_lineata,2002,68.5,,-49.356283,-25.583954
Conopophaga_lineata,2006,,,-47.460399,-23.88904
Conopophaga_lineata,2016,68,,-49.672487,-22.37698
Conopophaga_lineata,2017,65,,-47.253177,-24.086093
Conopophaga_lineata,2012,,,-50.6967,-24.1431
Conopophaga_lineata,2014,71,6.4,-49.398056,-22.530694
Conopophaga_lineata,2006,,,-47.449741,-23.843869
Conopophaga_lineata,2015,,,-43.5067,-20.08
Conopophaga_lineata,2006,,,-47.490814,-23.873765
Conopophaga_lineata,2010,68,,-48.433333,-23.266667
Conopophaga_lineata,2005,,,-47.480162,-23.913781
Conopophaga_lineata,2006,66,,-45.982,-23.633
Conopophaga_lineata,2005,,,-47.449741,-23.843869
Conopophaga_lineata,2010,62,,-46.016667,-23.033333
Conopophaga_lineata,2008,71,5.34,-48.054843,-20.091019
Conopophaga_lineata,2006,,,-47.410015,-23.951935
Conopophaga_lineata,2017,,,-47.253177,-24.086093
Conopophaga_lineata,2006,69,,-47.684,-23.915
Conopophaga_lineata,2015,,,-43.5067,-20.08
Conopophaga_lineata,2007,75,5.05,-49.308679,-25.42167
Conopophaga_lineata,2014,76,7,-49.398056,-22.530694
Conopophaga_lineata,2006,70.9,,-49.356283,-25.583954
Conopophaga_lineata,2010,71,,-46.016667,-23.033333
Conopophaga_lineata,2014,75,7.4,-49.398056,-22.530694
Conopophaga_lineata,2005,77,,-48.46,-23.29
Conopophaga_lineata,2005,,,-47.452334,-23.920014
Conopophaga_lineata,2005,77,,-46.400954,-23.843052
Conopophaga_lineata,2010,67,,-46.016667,-23.033333
Conopophaga_lineata,2006,77,,-46.028,-22.977
Conopophaga_lineata,2008,,,-43.4381,-20.2067
Conopophaga_lineata,2015,,,-43.5067,-20.08
Conopophaga_lineata,2016,70,8.3,-49.076722,-22.775
Conopophaga_lineata,2006,,,-48.46,-23.29
Conopophaga_lineata,2008,70,5.7,-48.054843,-20.091019
Conopophaga_lineata,2006,,,-47.490814,-23.873765
Conopophaga_lineata,2017,72,6.6,-49.398056,-22.530694
Conopophaga_lineata,2006,,,-47.46575,-23.903054
Conopophaga_lineata,2006,,,-47.436016,-23.880844
Conopophaga_lineata,2011,,,-43.5067,-20.08
Conopophaga_lineata,2011,60,,-47.590125,-23.431942
Conopophaga_lineata,2018,76,7.6,-49.402289,-22.529975
Conopophaga_lineata,2013,72,7,-49.076722,-22.775
Conopophaga_lineata,2014,84,6,-49.398056,-22.530694
Conopophaga_lineata,2017,72,7.2,-49.398056,-22.530694
Conopophaga_lineata,2014,65,7.3,-41.84374722,-20.41793889
Conopophaga_lineata,2014,70,7,-49.398056,-22.530694
Conopophaga_lineata,2014,69,7.1,-49.398056,-22.530694
Conopophaga_lineata,2006,,,-47.480381,-23.876407
Conopophaga_lineata,2015,79,7.1,-41.02029722,-20.39838889
Conopophaga_lineata,2013,66,6.7,-41.82306667,-20.49502778
Conopophaga_lineata,2010,72,,-46.016667,-23.033333
Conopophaga_lineata,2015,66,6.1,-49.402289,-22.529975
Conopophaga_lineata,2006,,,-47.480381,-23.876407
Conopophaga_lineata,2009,70,,-48.433333,-23.266667
Conopophaga_lineata,2017,65,7.4,-49.398056,-22.530694
Conopophaga_lineata,2017,71,7.1,-49.398056,-22.530694
Conopophaga_lineata,2017,65,6.8,-49.398056,-22.530694
Conopophaga_lineata,2006,,,-47.480381,-23.876407
Conopophaga_lineata,2011,,,-43.4717,-19.9961
Conopophaga_lineata,2010,76,11.4,-50.6973,-24.1445
Conopophaga_lineata,2011,72,12.2,-50.6973,-24.1445
Conopophaga_lineata,2017,62.9,,-47.253177,-24.086093
Conopophaga_lineata,2014,,,-43.4714,-19.9975
Conopophaga_lineata,2006,,,-47.449741,-23.843869
Conopophaga_lineata,2014,70,6.9,-49.398056,-22.530694
Conopophaga_lineata,2015,75,,-49.618889,-28.1525
Conopophaga_lineata,2006,,,-47.443783,-23.867903
Conopophaga_lineata,2000,70,8.1,-49.221108,-25.951109
Conopophaga_lineata,2001,74,5.3,-49.221108,-25.951109
Conopophaga_lineata,2005,75,,-45.982,-23.633
Conopophaga_lineata,2010,72,,-48.433333,-23.266667
Conopophaga_lineata,2010,70,,-46.016667,-23.033333
Conopophaga_lineata,2011,69,8,-50.6967,-24.1431
Conopophaga_lineata,2016,68,11.9,-34.95615,-7.988219
Conopophaga_lineata,2006,,,-47.471961,-23.867741
Conopophaga_lineata,2014,72,7.5,-49.398056,-22.530694
Conopophaga_lineata,2017,63,7.2,-49.398056,-22.530694
Conopophaga_lineata,2014,74,8,-49.398056,-22.530694
Conopophaga_lineata,2006,,,-41.733333,-20.483333
Conopophaga_lineata,2010,,,-46.016667,-23.033333
Conopophaga_lineata,2014,71,7,-49.398056,-22.530694
Conopophaga_lineata,1992,,,-49.066667,-27.15
Conopophaga_lineata,2013,76,7.5,-49.076722,-22.775
Conopophaga_lineata,2006,,,-47.449741,-23.843869
Conopophaga_lineata,2015,75,7.4,-41.84374722,-20.41793889
Conopophaga_lineata,2011,69,,-35.144167,-6.741389
Conopophaga_lineata,2007,70,5.66,-48.918185,-21.220465
Conopophaga_lineata,2009,77,8,-51.958402,-26.758381
Conopophaga_lineata,2014,72,6.4,-41.84374722,-20.41793889
Conopophaga_lineata,2014,73,6.7,-49.398056,-22.530694
Conopophaga_lineata,2015,55,9.5,-41.02029722,-20.39838889
Lathrotriccus_euleri,2013,,,-48.992205,-25.49548
Lathrotriccus_euleri,2009,,,-43.4428,-18.5303
Lathrotriccus_euleri,2009,,,-44.415,-20.1475
Lathrotriccus_euleri,2005,71,,-48.46,-23.29
Lathrotriccus_euleri,2012,,,-43.9922,-19.9194
Lathrotriccus_euleri,2003,62,5.49,-52.53671,-32.538503
Lathrotriccus_euleri,2007,,,-44.683333,-20.6
Lathrotriccus_euleri,2010,,,-43.9372,-20.2903
Lathrotriccus_euleri,2013,,,-48.992205,-25.49548
Lathrotriccus_euleri,2011,,,-43.4714,-19.9969
Lathrotriccus_euleri,2009,,,-44.4336,-20.1306
Lathrotriccus_euleri,2002,59.45,8.52,-35.196222,-8.041028
Lathrotriccus_euleri,2012,,,-43.7431,-20.4578
Lathrotriccus_euleri,2001,63,7.4,-48.812205,-27.768275
Lathrotriccus_euleri,2011,,,-43.4714,-19.9969
Lathrotriccus_euleri,2016,56.5,,-50.18545,-29.491353
Lathrotriccus_euleri,2013,,,-43.1372,-16.0428
Lathrotriccus_euleri,2011,,,-43.5067,-20.08
Lathrotriccus_euleri,2011,,,-42.6586,-15.0592
Lathrotriccus_euleri,2000,65.78,8.73,-35.864361,-8.98225
Lathrotriccus_euleri,2011,64.3,7.5,-36.405802,-8.20199
Lathrotriccus_euleri,2013,,,-43.1372,-16.0428
Lathrotriccus_euleri,2011,,,-43.5067,-20.08
Lathrotriccus_euleri,2011,,,-43.4714,-19.9969
Lathrotriccus_euleri,2005,63.7,6.4,-51.683333,-26.583333
Lathrotriccus_euleri,2012,56.7,6.7,-35.712064,-8.545119
Lathrotriccus_euleri,2013,,,-43.1347,-16.0514
Lathrotriccus_euleri,2013,,,-48.992205,-25.49548
Lathrotriccus_euleri,2008,64,7,-53.065153,-27.176864
Lathrotriccus_euleri,2013,,,-48.992205,-25.49548
Lathrotriccus_euleri,2011,61.5,,-44.4272,-19.8672
Lathrotriccus_euleri,2007,,,-45.516678,-23.1
Lathrotriccus_euleri,2001,61.6,8.4,-48.810668,-27.73223
Lathrotriccus_euleri,2012,,,-43.7431,-20.4578
Pyriglena_leucoptera,2004,,,-43.75,-20.85
Pyriglena_leucoptera,2005,81,,-47.81,-23.95
Pyriglena_leucoptera,2006,80,,-47.684,-23.915
Pyriglena_leucoptera,2010,71,12.4,-44.607931,-22.452726
Pyriglena_leucoptera,2005,,,-47.396673,-23.947513
Pyriglena_leucoptera,2013,75,,-49.405145,-28.599546
Pyriglena_leucoptera,2006,74,,-46.028,-22.977
Pyriglena_leucoptera,2016,74.1,,-48.541493,-25.587558
Pyriglena_leucoptera,2010,78,,-48.573806,-27.426111
Pyriglena_leucoptera,2006,,,-47.460382,-23.851281
Pyriglena_leucoptera,2006,,,-47.377344,-23.957743
Pyriglena_leucoptera,2010,70,,-48.884167,-26.002222
Pyriglena_leucoptera,2002,,7.8,-48.40777778,-24.278333
Pyriglena_leucoptera,2006,,,-47.449187,-23.854583
Pyriglena_leucoptera,2005,,,-47.410015,-23.951935
Pyriglena_leucoptera,2000,,,-48.416666,-24.316666
Pyriglena_leucoptera,2006,,,-47.446516,-23.833638
Pyriglena_leucoptera,2007,80,5.1,-44.202778,-23.175
Pyriglena_leucoptera,2005,,,-47.410015,-23.951935
Pyriglena_leucoptera,2005,,,-47.475802,-23.851386
Pyriglena_leucoptera,2012,77,,-49.403256,-28.600583
Pyriglena_leucoptera,2010,79,,-48.884167,-26.002222
Pyriglena_leucoptera,2014,,,-43.4714,-19.9969
Pyriglena_leucoptera,2017,,,-47.245302,-24.06865
Pyriglena_leucoptera,2010,75,,-46.016667,-23.033333
Pyriglena_leucoptera,2017,74.69,9.28,-39.243959,-15.818562
Pyriglena_leucoptera,2006,,,-47.48322,-23.886254
Pyriglena_leucoptera,2010,77,,-48.433333,-23.266667
Pyriglena_leucoptera,2008,,,-43.4989,-20.0183
Pyriglena_leucoptera,2006,,,-47.48322,-23.886254
Pyriglena_leucoptera,2007,,,-47.405913,-23.96164
Pyriglena_leucoptera,2016,77,,-49.672487,-22.37698
Pyriglena_leucoptera,2016,86,,-49.672487,-22.37698
Pyriglena_leucoptera,2005,,,-47.453913,-23.907938
Pyriglena_leucoptera,1999,78,,-47.841667,-21.971667
Pyriglena_leucoptera,2010,75,,-46.016667,-23.033333
Pyriglena_leucoptera,2006,,,-47.480162,-23.913781
Pyriglena_leucoptera,1999,,,-48.364722,-24.304722
Pyriglena_leucoptera,2000,,6.5,-48.416666,-24.316666
Pyriglena_leucoptera,2002,80.6,,-45.427917,-23.593222
Pyriglena_leucoptera,2005,85,,-46.028,-22.977
Pyriglena_leucoptera,1999,,,-48.364722,-24.304722
Pyriglena_leucoptera,2006,78,,-46.02,-23.039
Pyriglena_leucoptera,2005,,,-44.120167,-22.990433
Pyriglena_leucoptera,2013,83,,-47.0125,-23.963889
Pyriglena_leucoptera,2006,,,-47.449187,-23.854583
Pyriglena_leucoptera,2004,,,-43.75,-20.85
Pyriglena_leucoptera,2010,71,,-46.016667,-23.033333
Pyriglena_leucoptera,2002,78.1,,-45.427917,-23.593222
Pyriglena_leucoptera,2016,80,,-49.672487,-22.37698
Pyriglena_leucoptera,2013,80.8,,-54.487792,-25.619635
Pyriglena_leucoptera,2013,76,,-49.405145,-28.599546
Pyriglena_leucoptera,2005,,,-47.446516,-23.833638
Pyriglena_leucoptera,2006,,,-47.446516,-23.833638
Pyriglena_leucoptera,2006,,,-47.452334,-23.920014
Pyriglena_leucoptera,2006,73,,-47.81,-23.95
Pyriglena_leucoptera,2006,81,,-47.684,-23.915
Pyriglena_leucoptera,2007,,,-47.453913,-23.907938
Pyriglena_leucoptera,2006,,,-47.48322,-23.886254
Pyriglena_leucoptera,2010,76,,-48.433333,-23.266667
Pyriglena_leucoptera,2000,,6,-48.416666,-24.316666
Pyriglena_leucoptera,2013,74,,-49.405145,-28.599546
Pyriglena_leucoptera,2010,,,-48.433333,-23.266667
Pyriglena_leucoptera,2011,74,10,-50.6967,-24.1431
Pyriglena_leucoptera,2006,,,-47.48322,-23.886254
Pyriglena_leucoptera,2011,,,-43.4714,-19.9969
Pyriglena_leucoptera,2006,,,-47.460382,-23.851281
Pyriglena_leucoptera,2006,,,-47.469706,-23.918526
Pyriglena_leucoptera,2006,,,-47.480381,-23.876407
Pyriglena_leucoptera,2006,76,,-45.982,-23.633
Pyriglena_leucoptera,2005,,,-47.410015,-23.951935
Pyriglena_leucoptera,2015,,,-51.2525,-23.4425
Pyriglena_leucoptera,2009,,,-48.433333,-23.266667
Pyriglena_leucoptera,2006,80,,-46.028,-22.977
Pyriglena_leucoptera,2002,80.1,,-48.541493,-25.587558
Pyriglena_leucoptera,2010,,,-48.884167,-26.002222
Pyriglena_leucoptera,2009,,,-44.4336,-20.1306
Pyriglena_leucoptera,2006,84,,-47.684,-23.915
Pyriglena_leucoptera,2002,78.8,,-45.427917,-23.593222
Pyriglena_leucoptera,2015,,,-43.5067,-20.08
Pyriglena_leucoptera,2002,74.6,,-45.427917,-23.593222
Pyriglena_leucoptera,1999,,,-48.364722,-24.304722
Pyriglena_leucoptera,1999,,,-48.364722,-24.304722
Pyriglena_leucoptera,2001,76.8,,-48.541493,-25.587558
Pyriglena_leucoptera,2005,,,-47.410015,-23.951935
Pyriglena_leucoptera,2012,71,,-49.405145,-28.599546
Pyriglena_leucoptera,2004,79.6,,-48.541493,-25.587558
Pyriglena_leucoptera,2000,,7.2,-48.416666,-24.316666
Pyriglena_leucoptera,2006,,,-47.48322,-23.886254
Pyriglena_leucoptera,2002,81,9.9,-42.38333,-22.5
Pyriglena_leucoptera,2013,84,,-49.405145,-28.599546
Pyriglena_leucoptera,1999,81,,-47.841667,-21.971667
Pyriglena_leucoptera,2002,,,-45.427917,-23.593222
Pyriglena_leucoptera,2002,72,,-48.541493,-25.587558
Pyriglena_leucoptera,2008,,,-43.4022,-19.3975
Pyriglena_leucoptera,2010,,,-48.433333,-23.266667
Pyriglena_leucoptera,1999,,,-48.364722,-24.304722
Pyriglena_leucoptera,2000,,5.7,-48.416666,-24.316666
Pyriglena_leucoptera,2014,78.8,,-54.487792,-25.619635
Pyriglena_leucoptera,2006,,,-47.422488,-23.857596
Pyriglena_leucoptera,2010,,,-48.433333,-23.266667
Pyriglena_leucoptera,2002,,,-42.38333,-22.5
Pyriglena_leucoptera,2002,79.4,,-48.541493,-25.587558
Pyriglena_leucoptera,2006,,,-47.436016,-23.880844
Pyriglena_leucoptera,2004,,,-43.75,-20.85
Pyriglena_leucoptera,2003,75,7.5,-42.38333,-22.5
Pyriglena_leucoptera,2016,80,,-47.253177,-24.086093
Pyriglena_leucoptera,2016,74,,-49.672487,-22.37698
Pyriglena_leucoptera,2010,89,,-46.016667,-23.033333
Pyriglena_leucoptera,2006,,,-47.443783,-23.867903
Pyriglena_leucoptera,2010,75.5,,-48.433333,-23.266667
Pyriglena_leucoptera,2006,73,,-48.541493,-25.587558
Pyriglena_leucoptera,2010,82,,-48.433333,-23.266667
Pyriglena_leucoptera,2005,,,-47.405913,-23.96164
Pyriglena_leucoptera,2010,,,-46.016667,-23.033333
Pyriglena_leucoptera,2004,,,-43.75,-20.85
Pyriglena_leucoptera,2010,,,-50.6967,-24.1431
Pyriglena_leucoptera,2003,75.2,,-48.541493,-25.587558
Pyriglena_leucoptera,2001,78.6,,-48.541493,-25.587558
Pyriglena_leucoptera,2006,82,,-47.684,-23.915
Pyriglena_leucoptera,2004,80,9,-49.15,-27.016667
Pyriglena_leucoptera,2000,,6.3,-48.416666,-24.316666
Pyriglena_leucoptera,1999,,,-48.364722,-24.304722
Pyriglena_leucoptera,2006,,,-47.460382,-23.851281
Pyriglena_leucoptera,2002,72.7,,-48.541493,-25.587558
Pyriglena_leucoptera,2000,,6,-48.416666,-24.316666
Pyriglena_leucoptera,2016,78,5.3,-44.188333,-23.010833
Pyriglena_leucoptera,1999,,,-48.364722,-24.304722
Pyriglena_leucoptera,2012,75,8.6,-47.949986,-24.16386
Pyriglena_leucoptera,1996,87,,-44.204194,-23.183073
Pyriglena_leucoptera,2010,,,-48.433333,-23.266667
Pyriglena_leucoptera,2002,76.5,,-48.541493,-25.587558
Pyriglena_leucoptera,2005,,,-47.377344,-23.957743
Pyriglena_leucoptera,2005,81,,-46.02,-23.039
Pyriglena_leucoptera,2006,,,-47.469706,-23.918526
Pyriglena_leucoptera,2006,,,-41.003333,-20.4
Pyriglena_leucoptera,2006,,,-47.471961,-23.867741
Pyriglena_leucoptera,2005,77,,-47.81,-23.95
Pyriglena_leucoptera,2008,,,-43.4381,-20.2067
Pyriglena_leucoptera,1999,,5,-48.364722,-24.304722
Pyriglena_leucoptera,2002,76,8.3,-42.38333,-22.5
Pyriglena_leucoptera,2001,,6.5,-48.40777778,-24.278333
Pyriglena_leucoptera,2014,,,-43.4714,-19.9975
Pyriglena_leucoptera,2006,,,-47.48322,-23.886254
Pyriglena_leucoptera,2006,,,-47.446516,-23.833638
Pyriglena_leucoptera,2006,,,-47.460382,-23.851281
Pyriglena_leucoptera,2005,,,-47.453913,-23.907938
Pyriglena_leucoptera,2007,,,-47.436016,-23.880844
Pyriglena_leucoptera,2001,,7.6,-48.416666,-24.316666
Pyriglena_leucoptera,2007,,,-47.410015,-23.951935
Pyriglena_leucoptera,2011,,,-42.8864,-18.5778
Pyriglena_leucoptera,2015,78,,-51.2525,-23.4425
Pyriglena_leucoptera,2010,88,6.7,-50.6973,-24.1445
Pyriglena_leucoptera,2006,,,-47.443783,-23.867903
Pyriglena_leucoptera,2010,80,,-46.016667,-23.033333
Pyriglena_leucoptera,2008,,,-43.4989,-20.0183
Pyriglena_leucoptera,1996,81,5.1,-44.202778,-23.175
Pyriglena_leucoptera,2006,,,-47.446516,-23.833638
Pyriglena_leucoptera,2001,,,-48.416666,-24.316666
Pyriglena_leucoptera,2000,,7.3,-48.416666,-24.316666
Pyriglena_leucoptera,2012,87,8.2,-47.949986,-24.16386
Pyriglena_leucoptera,2004,,,-43.75,-20.85
Pyriglena_leucoptera,2016,67,,-49.672487,-22.37698
Pyriglena_leucoptera,2007,79,4.5,-44.202778,-23.175
Pyriglena_leucoptera,2006,83,,-47.684,-23.915
Pyriglena_leucoptera,2007,84,5.2,-44.202778,-23.175
Pyriglena_leucoptera,2000,,6.5,-48.416666,-24.316666
Pyriglena_leucoptera,2006,,,-47.449187,-23.854583
Pyriglena_leucoptera,1996,,,-44.202778,-23.175
Pyriglena_leucoptera,1992,,,-48.866667,-26.083333
Pyriglena_leucoptera,2001,,7.5,-48.416666,-24.316666
Pyriglena_leucoptera,2014,,,-43.4714,-19.9969
Pyriglena_leucoptera,2002,76.5,,-48.541493,-25.587558
Pyriglena_leucoptera,2002,78.2,,-45.427917,-23.593222
Pyriglena_leucoptera,1996,77,,-44.204194,-23.183073
Pyriglena_leucoptera,2017,80.3,,-48.541493,-25.587558
Pyriglena_leucoptera,2001,,7,-48.416666,-24.316666
Pyriglena_leucoptera,2016,78,,-47.253177,-24.086093
Pyriglena_leucoptera,2005,,,-47.446516,-23.833638
Pyriglena_leucoptera,2017,85,,-49.254528,-28.137139
Pyriglena_leucoptera,2011,,,-50.6967,-24.1431
Pyriglena_leucoptera,2017,79,8,-49.358244,-26.948522
Pyriglena_leucoptera,2005,78,,-46.028,-22.977
Pyriglena_leucoptera,2004,74.5,,-48.541493,-25.587558
Pyriglena_leucoptera,2010,75,4.7,-44.607931,-22.452726
Pyriglena_leucoptera,2010,,,-48.433333,-23.266667
Pyriglena_leucoptera,2006,,,-47.490814,-23.873765
Pyriglena_leucoptera,2001,,7.5,-48.40777778,-24.278333
Pyriglena_leucoptera,2006,80,,-47.684,-23.915
Pyriglena_leucoptera,2004,,,-43.75,-20.85
Pyriglena_leucoptera,2006,,,-47.490814,-23.873765
Pyriglena_leucoptera,2006,,,-47.490814,-23.873765
Pyriglena_leucoptera,2006,,,-47.460382,-23.851281
Pyriglena_leucoptera,2015,72,,-46.369417,-23.842417
Pyriglena_leucoptera,2006,,,-47.396673,-23.947513
Pyriglena_leucoptera,2017,67.5,9.29,-39.243959,-15.818562
Pyriglena_leucoptera,2006,,,-47.480381,-23.876407
Pyriglena_leucoptera,1999,,,-48.364722,-24.304722
Pyriglena_leucoptera,2015,,,-43.5067,-20.08
Pyriglena_leucoptera,1999,72,,-47.841667,-21.971667
Pyriglena_leucoptera,2012,,,-50.6967,-24.1431
Pyriglena_leucoptera,2005,87,,-46.02,-23.039
Pyriglena_leucoptera,2001,,7.5,-48.416666,-24.316666
Pyriglena_leucoptera,2006,,,-47.460382,-23.851281
Pyriglena_leucoptera,2002,75,8.6,-42.38333,-22.5
Pyriglena_leucoptera,2000,,,-48.416666,-24.316666
Pyriglena_leucoptera,2006,,,-47.460382,-23.851281
Pyriglena_leucoptera,2000,,6.5,-48.416666,-24.316666
Pyriglena_leucoptera,2006,,,-47.480381,-23.876407
Pyriglena_leucoptera,1999,,,-48.364722,-24.304722
Pyriglena_leucoptera,2005,75.5,,-46.400954,-23.843052
Pyriglena_leucoptera,2009,81,,-48.433333,-23.266667
Pyriglena_leucoptera,1996,79,,-44.202778,-23.175
Pyriglena_leucoptera,1999,78,,-47.841667,-21.971667
Pyriglena_leucoptera,2006,,,-47.480162,-23.913781
Pyriglena_leucoptera,1999,,,-48.364722,-24.304722
Pyriglena_leucoptera,2002,77,7.7,-42.38333,-22.5
Pyriglena_leucoptera,2003,75.6,,-48.541493,-25.587558
Pyriglena_leucoptera,2006,83,,-48.46,-23.29
Pyriglena_leucoptera,2001,81,9.8,-42.38333,-22.5
Pyriglena_leucoptera,2006,78,,-48.46,-23.29
Pyriglena_leucoptera,2000,,5.7,-48.416666,-24.316666
Pyriglena_leucoptera,2006,,,-47.469706,-23.918526
Pyriglena_leucoptera,2001,,6,-48.40777778,-24.278333
Pyriglena_leucoptera,2006,,,-47.480381,-23.876407
Pyriglena_leucoptera,2013,80,,-49.405145,-28.599546
Pyriglena_leucoptera,2006,,,-47.48322,-23.886254
Pyriglena_leucoptera,2006,,,-47.46575,-23.903054
Pyriglena_leucoptera,2006,,,-41.003333,-20.4
Pyriglena_leucoptera,2005,85,,-45.982,-23.633
Pyriglena_leucoptera,1999,,,-48.364722,-24.304722
Pyriglena_leucoptera,2014,73.28,5.24,-48.34105,-25.14759
Pyriglena_leucoptera,2010,76,,-48.433333,-23.266667
Pyriglena_leucoptera,2010,,,-48.433333,-23.266667
Pyriglena_leucoptera,2015,,,-43.5067,-20.08
Pyriglena_leucoptera,1999,,,-48.364722,-24.304722
Pyriglena_leucoptera,2010,80,,-48.433333,-23.266667
Pyriglena_leucoptera,2010,79,,-46.016667,-23.033333
Pyriglena_leucoptera,2006,,,-47.469706,-23.918526
Pyriglena_leucoptera,2005,75,,-47.684,-23.915
Pyriglena_leucoptera,2006,,,-47.48322,-23.886254
Pyriglena_leucoptera,2010,77,,-48.884167,-26.002222
Pyriglena_leucoptera,2015,77,,-51.2525,-23.4425
Pyriglena_leucoptera,2005,,,-47.377344,-23.957743
Pyriglena_leucoptera,2006,,,-47.446516,-23.833638
Pyriglena_leucoptera,2006,,,-47.443783,-23.867903
Pyriglena_leucoptera,2017,70.91,9.9,-39.243959,-15.818562
Pyriglena_leucoptera,2005,85,,-45.982,-23.633
Pyriglena_leucoptera,2006,,,-47.446516,-23.833638
Pyriglena_leucoptera,1999,,,-48.364722,-24.304722
Pyriglena_leucoptera,2015,,,-43.5067,-20.08
Pyriglena_leucoptera,2003,79.8,,-48.541493,-25.587558
Pyriglena_leucoptera,2006,,,-47.436016,-23.880844
Pyriglena_leucoptera,2012,73.4,,-48.541493,-25.587558
Pyriglena_leucoptera,2005,96,,-46.400954,-23.843052
Pyriglena_leucoptera,2015,81,,-51.2525,-23.4425
Pyriglena_leucoptera,2005,,,-47.480162,-23.913781
Pyriglena_leucoptera,2008,,,-43.4989,-20.0183
Pyriglena_leucoptera,2016,85,,-47.253177,-24.086093
Pyriglena_leucoptera,2016,,,-48.541493,-25.587558
Pyriglena_leucoptera,1999,,,-48.364722,-24.304722
Pyriglena_leucoptera,2013,80,,-49.405145,-28.599546
Pyriglena_leucoptera,2005,,,-47.446516,-23.833638
Pyriglena_leucoptera,2007,,,-43.45,-19.9667
Pyriglena_leucoptera,2013,76,,-54.487792,-25.619635
Pyriglena_leucoptera,2010,78,,-48.433333,-23.266667
Pyriglena_leucoptera,2012,81,8.25,-47.949986,-24.16386
Pyriglena_leucoptera,2006,,,-47.48322,-23.886254
Pyriglena_leucoptera,2007,84,5,-44.202778,-23.175
Pyriglena_leucoptera,2002,75,7.9,-42.38333,-22.5
Pyriglena_leucoptera,2013,74,6.2,-41.74221111,-20.49504444
Pyriglena_leucoptera,2013,73,,-49.405145,-28.599546
Pyriglena_leucoptera,2006,,,-47.446516,-23.833638
Pyriglena_leucoptera,2007,,,-47.460382,-23.851281
Pyriglena_leucoptera,2006,,,-47.443783,-23.867903
Pyriglena_leucoptera,1999,,,-48.364722,-24.304722
Pyriglena_leucoptera,2006,80,,-48.46,-23.29
Pyriglena_leucoptera,2001,83.3,,-48.541493,-25.587558
Pyriglena_leucoptera,2015,,,-43.7089,-20.0322
Pyriglena_leucoptera,1992,,,-48.866667,-26.083333
Pyriglena_leucoptera,2010,,,-48.433333,-23.266667
Pyriglena_leucoptera,2006,,,-47.490814,-23.873765
Pyriglena_leucoptera,2016,78,4.8,-44.188333,-23.010833
Pyriglena_leucoptera,2011,,,-43.4722,-19.9958
Pyriglena_leucoptera,1999,,,-48.364722,-24.304722
Pyriglena_leucoptera,2013,80,9.5,-50.6967,-24.1431
Pyriglena_leucoptera,2006,,,-47.460382,-23.851281
Pyriglena_leucoptera,2005,,,-47.475802,-23.851386
Pyriglena_leucoptera,2015,,,-43.5067,-20.08
Pyriglena_leucoptera,2014,72.5,,-54.487792,-25.619635
Pyriglena_leucoptera,2006,,,-47.48322,-23.886254
Pyriglena_leucoptera,2001,,6.7,-48.40777778,-24.278333
Pyriglena_leucoptera,2010,,,-46.016667,-23.033333
Pyriglena_leucoptera,2005,,,-47.452334,-23.920014
Pyriglena_leucoptera,2011,76.9,,-48.541493,-25.587558
Pyriglena_leucoptera,2016,74,5.2,-44.188333,-23.010833
Pyriglena_leucoptera,2006,,,-47.480381,-23.876407
Pyriglena_leucoptera,2004,80,8.1,-42.98,-22.41
Pyriglena_leucoptera,2006,,,-47.46575,-23.903054
Pyriglena_leucoptera,2014,74,9,-50.6967,-24.1431
Pyriglena_leucoptera,2004,78.6,,-48.541493,-25.587558
Pyriglena_leucoptera,2008,,,-43.4989,-20.0183
Pyriglena_leucoptera,1999,,,-48.364722,-24.304722
Pyriglena_leucoptera,2010,71,,-48.573806,-27.426111
Pyriglena_leucoptera,2010,,,-48.433333,-23.266667
Pyriglena_leucoptera,1998,83.33,10.12,-42.95,-19.966667
Pyriglena_leucoptera,2006,70,,-48.541493,-25.587558
Pyriglena_leucoptera,2016,82,5.1,-44.188333,-23.010833
Pyriglena_leucoptera,2006,,,-47.469706,-23.918526
Pyriglena_leucoptera,2010,77.4,,-46.016667,-23.033333
Pyriglena_leucoptera,2003,71.8,,-48.541493,-25.587558
Pyriglena_leucoptera,2006,80,,-47.81,-23.95
Pyriglena_leucoptera,1999,,,-48.364722,-24.304722
Pyriglena_leucoptera,2006,,,-46.02,-23.039
Pyriglena_leucoptera,1999,,,-48.364722,-24.304722
Pyriglena_leucoptera,2010,72,,-48.541493,-25.587558
Pyriglena_leucoptera,2010,71,,-46.016667,-23.033333
Pyriglena_leucoptera,2004,75,,-48.541493,-25.587558
Pyriglena_leucoptera,2005,,,-47.452334,-23.920014
Pyriglena_leucoptera,2003,73,,-48.541493,-25.587558
Pyriglena_leucoptera,2010,74,,-46.016667,-23.033333
Pyriglena_leucoptera,2006,75,5,-41.919983,-21.878417
Pyriglena_leucoptera,2006,75,,-47.684,-23.915
Pyriglena_leucoptera,2000,,7,-48.416666,-24.316666
Pyriglena_leucoptera,2010,68,,-46.016667,-23.033333
Pyriglena_leucoptera,2011,87,11.3,-50.6973,-24.1445
Pyriglena_leucoptera,2006,79,,-48.541493,-25.587558
Pyriglena_leucoptera,2006,74.9,,-48.541493,-25.587558
Pyriglena_leucoptera,2016,78,,-47.245302,-24.06865
Pyriglena_leucoptera,2010,82,,-48.433333,-23.266667
Pyriglena_leucoptera,2005,,,-47.453913,-23.907938
Pyriglena_leucoptera,2015,72,,-46.369417,-23.842417
Pyriglena_leucoptera,2006,82,4.15,-51.94695,-23.866923
Pyriglena_leucoptera,2001,,,-48.416666,-24.316666
Pyriglena_leucoptera,2010,77,,-48.433333,-23.266667
Pyriglena_leucoptera,2013,73,,-44.41,-19.8886
Pyriglena_leucoptera,2013,77.1,,-44.41,-19.8886
Pyriglena_leucoptera,2012,80,,-49.405145,-28.599546
Pyriglena_leucoptera,2013,80,9.1,-47.949986,-24.16386
Pyriglena_leucoptera,2002,78.5,,-45.427917,-23.593222
Pyriglena_leucoptera,2006,,,-47.469706,-23.918526
Pyriglena_leucoptera,2016,79,,-47.253177,-24.086093
Pyriglena_leucoptera,2010,,,-48.433333,-23.266667
Pyriglena_leucoptera,2016,75,,-49.672487,-22.37698
Pyriglena_leucoptera,2009,75,,-48.433333,-23.266667
Pyriglena_leucoptera,2011,80,,-46.016667,-23.033333
Pyriglena_leucoptera,1998,75.81,8.67,-42.95,-19.966667
Pyriglena_leucoptera,2016,72,,-49.672487,-22.37698
Pyriglena_leucoptera,2006,77,,-46.02,-23.039
Pyriglena_leucoptera,2006,,,-47.460382,-23.851281
Pyriglena_leucoptera,2010,78,,-48.433333,-23.266667
Pyriglena_leucoptera,2006,,,-47.480381,-23.876407
Pyriglena_leucoptera,2006,,,-47.460382,-23.851281
Pyriglena_leucoptera,2015,80,,-46.369417,-23.842417
Pyriglena_leucoptera,2002,72,7.7,-42.38333,-22.5
Pyriglena_leucoptera,2007,,,-47.410015,-23.951935
Pyriglena_leucoptera,1997,82,,-44.202778,-23.175
Pyriglena_leucoptera,2010,83,,-46.016667,-23.033333
Pyriglena_leucoptera,2007,,,-47.377344,-23.957743
Pyriglena_leucoptera,2010,76,,-46.016667,-23.033333
Pyriglena_leucoptera,2000,,7,-48.416666,-24.316666
Pyriglena_leucoptera,2005,80,,-48.46,-23.29
Pyriglena_leucoptera,2015,78,,-46.457653,-23.876918
Pyriglena_leucoptera,1999,79,,-47.841667,-21.971667
Pyriglena_leucoptera,2016,72,,-48.541493,-25.587558
Pyriglena_leucoptera,1996,,,-44.202778,-23.175
Pyriglena_leucoptera,2010,84,,-48.573806,-27.426111
Pyriglena_leucoptera,2012,75,6.7,-47.949986,-24.16386
Pyriglena_leucoptera,2013,79,9.2,-47.949986,-24.16386
Pyriglena_leucoptera,1999,,,-48.364722,-24.304722
Pyriglena_leucoptera,2010,,,-43.425,-18.8986
Pyriglena_leucoptera,2006,,,-47.48322,-23.886254
Pyriglena_leucoptera,2002,82,9.3,-42.38333,-22.5
Pyriglena_leucoptera,2016,76,,-49.672487,-22.37698
Pyriglena_leucoptera,2001,78.1,,-48.541493,-25.587558
Pyriglena_leucoptera,2010,83,10.3,-50.6973,-24.1445
Pyriglena_leucoptera,2015,77,,-46.369417,-23.842417
Pyriglena_leucoptera,2010,,,-42.8892,-21.9339
Pyriglena_leucoptera,2006,88,,-45.982,-23.633
Pyriglena_leucoptera,2006,,,-47.46575,-23.903054
Pyriglena_leucoptera,1996,,,-44.202778,-23.175
Pyriglena_leucoptera,2001,84,9.7,-42.38333,-22.5
Pyriglena_leucoptera,2005,,,-47.480162,-23.913781
Pyriglena_leucoptera,2000,,6.5,-48.416666,-24.316666
Pyriglena_leucoptera,2007,,,-47.436016,-23.880844
Pyriglena_leucoptera,2012,82,10,-47.949986,-24.16386
Pyriglena_leucoptera,2006,81,,-45.982,-23.633
Pyriglena_leucoptera,2002,75.5,,-48.541493,-25.587558
Pyriglena_leucoptera,2000,,7.8,-48.416666,-24.316666
Pyriglena_leucoptera,2006,76,,-48.46,-23.29
Pyriglena_leucoptera,2010,75,,-48.433333,-23.266667
Pyriglena_leucoptera,2006,,,-47.48322,-23.886254
Pyriglena_leucoptera,2006,,,-46.02,-23.039
Pyriglena_leucoptera,2000,77,,-46.971111,-23.666389
Pyriglena_leucoptera,2010,76,12.9,-50.6967,-24.1431
Pyriglena_leucoptera,2006,,,-47.446516,-23.833638
Pyriglena_leucoptera,2017,81,,-48.541493,-25.587558
Pyriglena_leucoptera,2006,76,,-47.81,-23.95
Pyriglena_leucoptera,2006,,,-47.452334,-23.920014
Pyriglena_leucoptera,2004,,,-43.716667,-20.783333
Pyriglena_leucoptera,2010,,,-50.6967,-24.1431
Pyriglena_leucoptera,2001,,,-48.416666,-24.316666
Pyriglena_leucoptera,2009,77,,-48.433333,-23.266667
Pyriglena_leucoptera,2005,,,-47.453913,-23.907938
Pyriglena_leucoptera,2005,88,,-47.81,-23.95
Pyriglena_leucoptera,2004,80.7,,-48.541493,-25.587558
Pyriglena_leucoptera,2015,79,,-51.2525,-23.4425
Pyriglena_leucoptera,2005,,,-47.475802,-23.851386
Pyriglena_leucoptera,2006,,,-47.490814,-23.873765
Pyriglena_leucoptera,2004,75,7.3,-42.98,-22.41
Pyriglena_leucoptera,2007,75,,-48.541493,-25.587558
Pyriglena_leucoptera,2004,,,-43.75,-20.85
Pyriglena_leucoptera,2006,80,5,-41.846883,-21.475533
Pyriglena_leucoptera,2015,,,-43.5067,-20.08
Pyriglena_leucoptera,2013,75,,-49.405145,-28.599546
Pyriglena_leucoptera,2001,71.6,,-48.541493,-25.587558
Pyriglena_leucoptera,2009,78.2,,-48.541493,-25.587558
Pyriglena_leucoptera,2001,,6.5,-48.40777778,-24.278333
Pyriglena_leucoptera,2006,,,-47.48322,-23.886254
Pyriglena_leucoptera,2002,78.6,,-45.427917,-23.593222
Pyriglena_leucoptera,2006,80,,-48.46,-23.29
Pyriglena_leucoptera,2006,,,-47.480381,-23.876407
Pyriglena_leucoptera,2006,,,-47.460382,-23.851281
Pyriglena_leucoptera,2005,,,-47.475802,-23.851386
Pyriglena_leucoptera,2000,,6.3,-48.364722,-24.304722
Pyriglena_leucoptera,2005,,,-47.475802,-23.851386
Pyriglena_leucoptera,2010,80,,-48.433333,-23.266667
Pyriglena_leucoptera,2005,79,,-43.787333,-22.370933
Pyriglena_leucoptera,2005,,,-46.400954,-23.843052
Pyriglena_leucoptera,2006,,5.1,-42.575483,-22.417983
Pyriglena_leucoptera,2010,77,,-48.573806,-27.426111
Pyriglena_leucoptera,2001,73.5,7.5,-48.810668,-27.73223
Pyriglena_leucoptera,2006,53,,-47.81,-23.95
Pyriglena_leucoptera,2004,80.4,,-48.541493,-25.587558
Pyriglena_leucoptera,2005,,,-47.410015,-23.951935
Pyriglena_leucoptera,2015,78,,-46.340917,-23.855861
Pyriglena_leucoptera,2013,78,6.6,-41.74221111,-20.49504444
Pyriglena_leucoptera,2006,83,,-47.684,-23.915
Pyriglena_leucoptera,2006,80,,-46.028,-22.977
Pyriglena_leucoptera,2006,,,-41.733333,-20.483333
Pyriglena_leucoptera,1996,81,4.9,-44.204194,-23.183073
Pyriglena_leucoptera,2000,,6.5,-48.416666,-24.316666
Pyriglena_leucoptera,2005,,,-47.405913,-23.96164
Pyriglena_leucoptera,2010,,,-46.016667,-23.033333
Pyriglena_leucoptera,2006,,,-41.003333,-20.4
Pyriglena_leucoptera,2005,,,-47.453913,-23.907938
Pyriglena_leucoptera,2005,75,,-46.02,-23.039
Pyriglena_leucoptera,2017,74.35,,-48.673631,-25.304749
Pyriglena_leucoptera,2010,,,-46.016667,-23.033333
Pyriglena_leucoptera,1999,75,,-47.841667,-21.971667
Pyriglena_leucoptera,2001,82,8.7,-42.38333,-22.5
Pyriglena_leucoptera,2010,,,-48.433333,-23.266667
Pyriglena_leucoptera,2001,,,-44.193483,-23.182683
Pyriglena_leucoptera,2012,80,5.6,-47.949986,-24.16386
Pyriglena_leucoptera,2009,73.2,,-48.541493,-25.587558
Pyriglena_leucoptera,2002,77.5,,-45.427917,-23.593222
Pyriglena_leucoptera,2000,,7,-48.416666,-24.316666
Pyriglena_leucoptera,2011,76.9,,-48.541493,-25.587558
Pyriglena_leucoptera,2016,78,,-47.245302,-24.06865
Pyriglena_leucoptera,2006,,,-47.460382,-23.851281
Pyriglena_leucoptera,2010,74,,-46.016667,-23.033333
Pyriglena_leucoptera,2010,76,,-48.433333,-23.266667
Pyriglena_leucoptera,2010,,,-43.425,-18.8986
Pyriglena_leucoptera,2016,79,,-49.672487,-22.37698
Pyriglena_leucoptera,2006,75,,-45.982,-23.633
Pyriglena_leucoptera,2006,,,-47.422488,-23.857596
Pyriglena_leucoptera,2000,,,-48.416666,-24.316666
Pyriglena_leucoptera,2012,70,,-49.405145,-28.599546
Pyriglena_leucoptera,2004,66.9,,-48.541493,-25.587558
Pyriglena_leucoptera,1996,80,5.2,-44.202778,-23.175
Pyriglena_leucoptera,2012,77.6,,-48.541493,-25.587558
Pyriglena_leucoptera,2006,,,-47.460382,-23.851281
Pyriglena_leucoptera,2017,,,-48.673631,-25.304749
Pyriglena_leucoptera,1999,,,-48.364722,-24.304722
Pyriglena_leucoptera,2006,,,-47.475802,-23.851386
Pyriglena_leucoptera,2006,,,-47.460382,-23.851281
Pyriglena_leucoptera,2011,,,-50.6973,-24.1445
Pyriglena_leucoptera,2011,76,,-46.016667,-23.033333
Pyriglena_leucoptera,2015,79,,-47.245302,-24.06865
Pyriglena_leucoptera,2005,81.1,,-46.399266,-23.833688
Pyriglena_leucoptera,2007,,,-47.453913,-23.907938
Pyriglena_leucoptera,2016,74,,-49.672487,-22.37698
Pyriglena_leucoptera,2002,62.6,,-45.427917,-23.593222
Pyriglena_leucoptera,2006,79,,-47.684,-23.915
Pyriglena_leucoptera,2017,79,,-47.245302,-24.06865
Pyriglena_leucoptera,2010,80,,-46.016667,-23.033333
Pyriglena_leucoptera,2006,76.6,,-48.541493,-25.587558
Pyriglena_leucoptera,2015,81,,-47.245302,-24.06865
Pyriglena_leucoptera,1999,,,-48.364722,-24.304722
Pyriglena_leucoptera,2012,75,,-49.405145,-28.599546
Pyriglena_leucoptera,2005,,,-47.405913,-23.96164
Pyriglena_leucoptera,2000,81,,-46.971111,-23.666389
Pyriglena_leucoptera,2010,75,,-48.433333,-23.266667
Pyriglena_leucoptera,2005,,,-47.480162,-23.913781
Pyriglena_leucoptera,2017,80,,-47.245302,-24.06865
Pyriglena_leucoptera,2010,79,,-48.884167,-26.002222
Pyriglena_leucoptera,2000,,7,-48.416666,-24.316666
Pyriglena_leucoptera,2006,,,-47.48322,-23.886254
Pyriglena_leucoptera,2012,71.2,,-48.541493,-25.587558
Pyriglena_leucoptera,2010,,,-43.425,-18.8986
Pyriglena_leucoptera,2006,,,-47.436016,-23.880844
Pyriglena_leucoptera,2010,,,-46.016667,-23.033333
Pyriglena_leucoptera,2006,,,-47.469706,-23.918526
Pyriglena_leucoptera,2002,77.4,,-45.427917,-23.593222
Pyriglena_leucoptera,2000,,7.8,-48.416666,-24.316666
Pyriglena_leucoptera,2010,75,,-48.433333,-23.266667
Pyriglena_leucoptera,2006,,,-47.449187,-23.854583
Pyriglena_leucoptera,2001,74.4,,-48.541493,-25.587558
Pyriglena_leucoptera,2016,78,,-47.245302,-24.06865
Pyriglena_leucoptera,2005,,,-47.453913,-23.907938
Pyriglena_leucoptera,2010,72,6.3,-50.6973,-24.1445
Pyriglena_leucoptera,1999,,,-48.364722,-24.304722
Pyriglena_leucoptera,2002,,,-48.541493,-25.587558
Pyriglena_leucoptera,2010,75,,-48.433333,-23.266667
Pyriglena_leucoptera,2006,,,-48.46,-23.29
Pyriglena_leucoptera,2004,78,,-48.541493,-25.587558
Pyriglena_leucoptera,1997,82,4.5,-44.204194,-23.183073
Pyriglena_leucoptera,2001,,6.9,-48.416666,-24.316666
Pyriglena_leucoptera,2006,,,-47.46575,-23.903054
Pyriglena_leucoptera,2016,75.1,,-48.541493,-25.587558
Pyriglena_leucoptera,2008,77.6,,-48.541493,-25.587558
Pyriglena_leucoptera,2001,75.6,10.7,-42.38333,-22.5
Pyriglena_leucoptera,2001,78.1,9.2,-48.810668,-27.73223
Pyriglena_leucoptera,2008,78,4.17,-48.054843,-20.091019
Pyriglena_leucoptera,2011,,,-43.4714,-19.9969
Pyriglena_leucoptera,1996,,,-44.202778,-23.175
Pyriglena_leucoptera,2011,,,-43.3125,-18.8872
Pyriglena_leucoptera,1998,70.37,8.28,-42.95,-19.966667
Pyriglena_leucoptera,2007,82,5,-44.202778,-23.175
Pyriglena_leucoptera,2015,,,-47.245302,-24.06865
Pyriglena_leucoptera,1999,,,-48.364722,-24.304722
Pyriglena_leucoptera,2006,79,,-45.982,-23.633
Pyriglena_leucoptera,2005,,,-47.452334,-23.920014
Pyriglena_leucoptera,1999,,,-48.364722,-24.304722
Pyriglena_leucoptera,2006,,,-47.480162,-23.913781
Pyriglena_leucoptera,2006,81,,-47.81,-23.95
Pyriglena_leucoptera,2000,,6.8,-48.416666,-24.316666
Pyriglena_leucoptera,2005,80,,-45.982,-23.633
Pyriglena_leucoptera,2017,71.2,,-48.673631,-25.304749
Pyriglena_leucoptera,2010,72,,-46.016667,-23.033333
Pyriglena_leucoptera,2006,80,,-47.684,-23.915
Pyriglena_leucoptera,2006,80,,-46.02,-23.039
Pyriglena_leucoptera,2005,,,-46.028,-22.977
Pyriglena_leucoptera,2007,,,-43.45,-19.9667
Pyriglena_leucoptera,2007,,,-47.410015,-23.951935
Pyriglena_leucoptera,1999,,,-48.364722,-24.304722
Pyriglena_leucoptera,2006,,,-47.480162,-23.913781
Pyriglena_leucoptera,2011,,,-43.4086,-19.1033
Pyriglena_leucoptera,2001,,,-48.416666,-24.316666
Pyriglena_leucoptera,2006,80,,-48.46,-23.29
Pyriglena_leucoptera,2002,77,8.4,-42.38333,-22.5
Pyriglena_leucoptera,2010,79,,-46.016667,-23.033333
Pyriglena_leucoptera,2015,,,-51.2525,-23.4425
Pyriglena_leucoptera,1996,86,6,-44.202778,-23.175
Pyriglena_leucoptera,2010,74,,-46.016667,-23.033333
Pyriglena_leucoptera,2002,75.6,,-48.541493,-25.587558
Pyriglena_leucoptera,2015,,,-43.5067,-20.08
Pyriglena_leucoptera,2000,79,,-46.971111,-23.666389
Pyriglena_leucoptera,2005,83,,-46.028,-22.977
Pyriglena_leucoptera,2001,,6.7,-48.416666,-24.316666
Pyriglena_leucoptera,2017,70,7.1,-41.84374722,-20.41793889
Pyriglena_leucoptera,2005,76,,-45.982,-23.633
Pyriglena_leucoptera,1999,80,,-47.841667,-21.971667
Pyriglena_leucoptera,2006,,,-47.48322,-23.886254
Pyriglena_leucoptera,2013,75,,-49.405145,-28.599546
Pyriglena_leucoptera,2016,77,4.6,-44.188333,-23.010833
Pyriglena_leucoptera,2006,,,-47.490814,-23.873765
Pyriglena_leucoptera,2006,85,,-47.684,-23.915
Pyriglena_leucoptera,2005,83,,-47.684,-23.915
Pyriglena_leucoptera,1999,78,,-47.841667,-21.971667
Pyriglena_leucoptera,1999,86,,-47.841667,-21.971667
Pyriglena_leucoptera,2013,80,,-49.405145,-28.599546
Pyriglena_leucoptera,2015,77,,-51.2525,-23.4425
Pyriglena_leucoptera,2011,,,-43.5067,-20.08
Pyriglena_leucoptera,2005,,,-47.453913,-23.907938
Pyriglena_leucoptera,2014,80.2,,-54.487792,-25.619635
Pyriglena_leucoptera,2000,74,,-46.971111,-23.666389
Pyriglena_leucoptera,1999,77,,-47.841667,-21.971667
Pyriglena_leucoptera,2002,74,,-48.541493,-25.587558
Pyriglena_leucoptera,2006,,,-47.453913,-23.907938
Pyriglena_leucoptera,2011,71,10,-50.6967,-24.1431
Pyriglena_leucoptera,2005,77,,-46.028,-22.977
Pyriglena_leucoptera,2002,77.3,,-48.541493,-25.587558
Pyriglena_leucoptera,2006,,,-47.453913,-23.907938
Pyriglena_leucoptera,1999,83,,-47.841667,-21.971667
Pyriglena_leucoptera,2006,,,-47.453913,-23.907938
Pyriglena_leucoptera,1999,,,-48.364722,-24.304722
Pyriglena_leucoptera,2014,79,,-48.541493,-25.587558
Pyriglena_leucoptera,2005,,,-47.449741,-23.843869
Pyriglena_leucoptera,2002,76,9.4,-42.38333,-22.5
Pyriglena_leucoptera,2015,75,6.6,-41.02029722,-20.39838889
Pyriglena_leucoptera,2006,76,,-47.684,-23.915
Pyriglena_leucoptera,2010,,,-48.433333,-23.266667
Pyriglena_leucoptera,1999,,,-48.364722,-24.304722
Pyriglena_leucoptera,2005,83.6,,-46.400954,-23.843052
Pyriglena_leucoptera,2016,77,,-49.672487,-22.37698
Pyriglena_leucoptera,2005,,,-47.452334,-23.920014
Pyriglena_leucoptera,2005,,,-47.452334,-23.920014
Pyriglena_leucoptera,2006,,,-47.480162,-23.913781
Pyriglena_leucoptera,2006,,,-47.460382,-23.851281
Pyriglena_leucoptera,2012,80,,-50.6967,-24.1431
Pyriglena_leucoptera,2011,,,-43.4722,-19.9958
Pyriglena_leucoptera,2016,83,,-49.672487,-22.37698
Pyriglena_leucoptera,2005,,,-47.449741,-23.843869
Pyriglena_leucoptera,2004,77,,-48.541493,-25.587558
Pyriglena_leucoptera,2010,,,-48.433333,-23.266667
Pyriglena_leucoptera,2009,,,-48.433333,-23.266667
Pyriglena_leucoptera,2009,73.6,,-48.541493,-25.587558
Pyriglena_leucoptera,2005,,,-47.475802,-23.851386
Pyriglena_leucoptera,2010,,,-46.016667,-23.033333
Pyriglena_leucoptera,2013,75,,-48.884167,-26.002222
Pyriglena_leucoptera,2013,82,,-48.895407,-25.97896
Pyriglena_leucoptera,2017,70.35,,-48.675863,-25.301518
Pyriglena_leucoptera,2007,73.8,,-48.541493,-25.587558
Pyriglena_leucoptera,2002,76,9.2,-42.38333,-22.5
Pyriglena_leucoptera,2016,83,,-49.672487,-22.37698
Pyriglena_leucoptera,2016,77,,-49.672487,-22.37698
Pyriglena_leucoptera,2013,75,8.93,-39.45902778,-13.89791667
Pyriglena_leucoptera,2014,75,7.72,-39.45902778,-13.89791667
Pyriglena_leucoptera,2013,,,-48.892222,-25.985278
Pyriglena_leucoptera,2013,80,,-48.884167,-26.002222
Pyriglena_leucoptera,2013,,,-48.884167,-26.002222
Pyriglena_leucoptera,1999,,,-48.364722,-24.304722
Pyriglena_leucoptera,2016,72,4.7,-44.188333,-23.010833
Pyriglena_leucoptera,2012,80,,-49.405145,-28.599546
Pyriglena_leucoptera,2010,77,,-46.016667,-23.033333
Pyriglena_leucoptera,2004,75.4,,-48.541493,-25.587558
Pyriglena_leucoptera,2006,,,-47.410015,-23.951935
Pyriglena_leucoptera,2010,,,-48.433333,-23.266667
Pyriglena_leucoptera,2013,75,5.9,-41.74221111,-20.49504444
Pyriglena_leucoptera,1999,,,-48.364722,-24.304722
Pyriglena_leucoptera,2005,,,-47.452334,-23.920014
Pyriglena_leucoptera,1999,,,-48.364722,-24.304722
Pyriglena_leucoptera,2012,79.9,,-48.541493,-25.587558
Pyriglena_leucoptera,2012,75,7.97,-39.47925,-12.85088889
Pyriglena_leucoptera,2006,,,-47.81,-23.95
Pyriglena_leucoptera,2004,,,-43.75,-20.85
Pyriglena_leucoptera,2006,83,,-48.46,-23.29
Pyriglena_leucoptera,2013,75.5,,-54.487792,-25.619635
Pyriglena_leucoptera,2006,,,-47.436016,-23.880844
Pyriglena_leucoptera,2001,77.9,,-48.541493,-25.587558
Pyriglena_leucoptera,2005,,,-47.480381,-23.876407
Pyriglena_leucoptera,2012,,,-50.6967,-24.1431
Pyriglena_leucoptera,1996,79,,-44.204194,-23.183073
Pyriglena_leucoptera,2015,81,2,-41.02029722,-20.39838889
Pyriglena_leucoptera,2012,,7.35,-39.44851111,-13.89180556
Pyriglena_leucoptera,2013,80,8.08,-39.28188889,-13.85077778
Pyriglena_leucoptera,2006,79,,-47.684,-23.915
Pyriglena_leucoptera,2010,79,7.94,-39.17563056,-13.78475278
Pyriglena_leucoptera,2011,,,-43.9047,-20.1378
Pyriglena_leucoptera,2004,,,-43.75,-20.85
Pyriglena_leucoptera,2010,81,,-46.016667,-23.033333
Pyriglena_leucoptera,2012,75,7.38,-39.44851111,-13.89180556
Pyriglena_leucoptera,2013,,8.7,-47.949986,-24.16386
Pyriglena_leucoptera,2007,75.7,,-48.541493,-25.587558
Pyriglena_leucoptera,2007,79.5,,-48.541493,-25.587558
Pyriglena_leucoptera,2011,,,-43.4717,-19.9961
Pyriglena_leucoptera,2008,76.5,,-48.541493,-25.587558
Pyriglena_leucoptera,2005,78,,-47.81,-23.95
Pyriglena_leucoptera,2010,76,,-48.573806,-27.426111
Pyriglena_leucoptera,2005,81,,-47.81,-23.95
Pyriglena_leucoptera,2007,,,-47.377344,-23.957743
Pyriglena_leucoptera,2004,75.2,,-48.541493,-25.587558
Pyriglena_leucoptera,2009,77.5,,-48.541493,-25.587558
Pyriglena_leucoptera,2016,84,,-49.672487,-22.37698
Pyriglena_leucoptera,2013,71.5,,-47.7,-23.883333
Pyriglena_leucoptera,2014,72,7.93,-39.45902778,-13.89791667
Pyriglena_leucoptera,2006,,,-47.443783,-23.867903
Pyriglena_leucoptera,2012,76.5,7.76,-39.47925,-12.85088889
Pyriglena_leucoptera,2009,77.8,,-48.541493,-25.587558
Pyriglena_leucoptera,2013,76,8.31,-39.45902778,-13.89791667
Pyriglena_leucoptera,2006,,,-47.396673,-23.947513
Pyriglena_leucoptera,2002,77,10,-42.38333,-22.5
Pyriglena_leucoptera,2013,71,8.4,-39.28188889,-13.85077778
Pyriglena_leucoptera,2011,75,9,-50.6967,-24.1431
Pyriglena_leucoptera,2000,,6,-48.364722,-24.304722
Pyriglena_leucoptera,2010,52,,-48.433333,-23.266667
Manacus_manacus,2010,,8.17,-47.11,-24.42
Manacus_manacus,2010,,,-40.423583,-20.591667
Manacus_manacus,2015,50,9.2,-35.746496,-6.968757
Manacus_manacus,2013,50.5,,-40.423167,-20.596611
Manacus_manacus,2015,44,5.3,-35.746496,-6.968757
Manacus_manacus,2007,,,-43.733333,-22.7
Manacus_manacus,2009,,6.6,-47.11,-24.42
Manacus_manacus,2001,51.9,,-48.541493,-25.587558
Manacus_manacus,2015,52,,-47.245302,-24.06865
Manacus_manacus,2008,52,,-39.500511,-15.314456
Manacus_manacus,2010,52,10.2,-35.746496,-6.968757
Manacus_manacus,2017,52.2,,-48.541493,-25.587558
Manacus_manacus,2010,51,6.6,-35.746496,-6.968757
Manacus_manacus,2009,54,,-38.79888,-12.55468
Manacus_manacus,2012,48.6,,-40.422556,-20.5945
Manacus_manacus,2017,57,,-47.253177,-24.086093
Manacus_manacus,2009,,8.41,-47.11,-24.42
Manacus_manacus,2007,,,-44.683333,-20.6
Manacus_manacus,2001,54.6,,-48.541493,-25.587558
Manacus_manacus,2015,57,,-46.369417,-23.842417
Manacus_manacus,2016,50,10,-34.9532021832,-7.9964573463
Manacus_manacus,2006,53.8,,-48.541493,-25.587558
Manacus_manacus,2015,53,,-46.340917,-23.855861
Manacus_manacus,2015,53,,-46.340917,-23.855861
Manacus_manacus,2015,50,,-46.340917,-23.855861
Manacus_manacus,2005,51.2,,-48.541493,-25.587558
Manacus_manacus,2010,49,4.8,-42.807354,-22.660477
Manacus_manacus,2015,53,,-46.305028,-23.883583
Manacus_manacus,2007,,,-45.516679,-23.1
Manacus_manacus,2011,47.7,10.1,-36.405802,-8.20199
Manacus_manacus,2002,52.6,,-48.541493,-25.587558
Manacus_manacus,2008,,,-43.4989,-20.0183
Manacus_manacus,2015,53,,-46.305028,-23.883583
Manacus_manacus,2015,,,-47.245302,-24.06865
Manacus_manacus,2001,49.4,,-48.541493,-25.587558
Manacus_manacus,2012,45.2,9.3,-34.965648,-7.466816
Manacus_manacus,2017,50,2.3,-35.746496,-6.968757
Manacus_manacus,2015,50,,-46.289722,-23.90525
Manacus_manacus,2001,52.5,,-48.541493,-25.587558
Manacus_manacus,2015,50,10.9,-35.746496,-6.968757
Manacus_manacus,2009,55,6.8,-42.807354,-22.660477
Manacus_manacus,2008,47,,-39.500511,-15.314456
Manacus_manacus,2004,50.8,,-48.541493,-25.587558
Manacus_manacus,2017,45.8,9.54,-39.354754,-15.866612
Manacus_manacus,2015,55,,-46.340917,-23.855861
Manacus_manacus,2015,51,,-46.289722,-23.90525
Manacus_manacus,2001,50,9.4,-48.65,-26.9
Manacus_manacus,2010,44,6.1,-35.746496,-6.968757
Manacus_manacus,2017,51.45,,-48.658873,-25.291068
Manacus_manacus,2002,49.5,,-45.427917,-23.593222
Manacus_manacus,2003,53.1,,-48.541493,-25.587558
Manacus_manacus,2014,,,-43.4714,-19.9975
Manacus_manacus,2008,54,,-38.79888,-12.55468
Manacus_manacus,2015,57,,-46.305028,-23.883583
Manacus_manacus,2005,51.1,,-48.541493,-25.587558
Manacus_manacus,2015,53,,-46.305028,-23.883583
Manacus_manacus,1998,52,,-48.422847,-25.356797
Manacus_manacus,2006,48.7,,-48.541493,-25.587558
Manacus_manacus,2010,51,,-39.500511,-15.314456
Manacus_manacus,2015,53,,-46.305028,-23.883583
Manacus_manacus,1997,51.1,,-48.422847,-25.356797
Manacus_manacus,2016,58,6.8,-35.746496,-6.968757
Manacus_manacus,2009,52,,-38.79888,-12.55468
Manacus_manacus,2015,40,11.2,-35.746496,-6.968757
Manacus_manacus,2010,,6.79,-47.11,-24.42
Manacus_manacus,2007,,,-43.733333,-22.7
Manacus_manacus,1999,,,-48.422847,-25.356797
Manacus_manacus,2015,58,,-46.457653,-23.876918
Manacus_manacus,2008,55,,-38.79888,-12.55468
Manacus_manacus,2006,,,-41.003333,-20.4
Manacus_manacus,2015,57,,-46.305028,-23.883583
Manacus_manacus,2010,,7.93,-47.11,-24.42
Manacus_manacus,2015,55,,-46.340917,-23.855861
Manacus_manacus,2017,55,,-49.412429,-28.713794
Manacus_manacus,2010,51.5,,-40.420504,-20.59221
Manacus_manacus,2016,,,-48.4981,-27.4756
Manacus_manacus,2012,46.5,7.8,-35.712064,-8.545119
Manacus_manacus,1997,52.7,,-48.422847,-25.356797
Manacus_manacus,2015,51,,-46.340917,-23.855861
Manacus_manacus,2001,51.4,10.2,-48.512518,-27.531353
Manacus_manacus,2015,54,11.6,-35.746496,-6.968757
Manacus_manacus,2015,54,,-46.340917,-23.855861
Manacus_manacus,2016,49,9.1,-34.95615,-7.988219
Manacus_manacus,2002,52,,-48.541493,-25.587558
Manacus_manacus,2015,53,,-46.305028,-23.883583
Manacus_manacus,2000,52,,-42.874163,-22.961388
Manacus_manacus,2010,,6.88,-46.93,-24.17
Manacus_manacus,2010,,6.98,-46.93,-24.17
Manacus_manacus,2010,52,,-39.500511,-15.314456
Manacus_manacus,2010,,,-42.9067,-21.9606
Manacus_manacus,2017,52,,-49.412429,-28.713794
Manacus_manacus,2017,45.74,10.35,-39.325003,-15.95209
Manacus_manacus,2010,,,-40.424667,-20.592556
Manacus_manacus,2002,50.1,,-48.541493,-25.587558
Manacus_manacus,2015,55,,-46.340917,-23.855861
Manacus_manacus,2010,48,6,-35.746496,-6.968757
Manacus_manacus,2010,,,-47.11,-24.42
Manacus_manacus,2010,70,5.9,-35.746496,-6.968757
Manacus_manacus,2015,55,,-46.305028,-23.883583
Manacus_manacus,1999,46.4,8.42,-35.833611,-8.710278
Manacus_manacus,2008,53,,-38.79888,-12.55468
Manacus_manacus,2007,,,-45.51668,-23.1
Manacus_manacus,2015,54,,-46.369417,-23.842417
Manacus_manacus,2017,47.8,10.47,-39.369574,-15.792944
Manacus_manacus,2010,,7.89,-47.11,-24.42
Manacus_manacus,2001,52.3,,-48.541493,-25.587558
Manacus_manacus,2011,,,-47.11,-24.42
Manacus_manacus,2009,55,5.6,-42.807354,-22.660477
Manacus_manacus,2010,53,6.1,-35.746496,-6.968757
Manacus_manacus,2016,50,10,-48.633333,-26.233333
Manacus_manacus,2015,57,,-46.305028,-23.883583
Manacus_manacus,2008,52,9.1,-36.655833,-10.4
Manacus_manacus,2016,50,8.6,-34.9445366915,-7.9938007267
Manacus_manacus,2015,55,,-46.289722,-23.90525
Manacus_manacus,1997,51.4,,-48.422847,-25.356797
Manacus_manacus,2015,52,,-46.305028,-23.883583
Manacus_manacus,2015,55,,-46.289722,-23.90525
Manacus_manacus,1998,51.9,,-48.422847,-25.356797
Manacus_manacus,2010,,,-35.746496,-6.968757
Manacus_manacus,2015,,,-46.340917,-23.855861
Manacus_manacus,2017,47,9,-39.354754,-15.866612
Manacus_manacus,2010,53,10,-35.746496,-6.968757
Manacus_manacus,2009,54,,-39.500511,-15.314456
Manacus_manacus,2010,,,-39.500511,-15.314456
Manacus_manacus,1998,54.1,,-48.422847,-25.356797
Manacus_manacus,2005,50.4,,-48.541493,-25.587558
Manacus_manacus,2003,51.6,,-48.541493,-25.587558
Manacus_manacus,2011,52.5,,-48.541493,-25.587558
Manacus_manacus,2009,54,5.8,-42.807354,-22.660477
Manacus_manacus,1993,,,-48.5867,-27.1702
Manacus_manacus,2017,45.22,10.13,-39.354754,-15.866612
Manacus_manacus,2008,53,,-39.500511,-15.314456
Manacus_manacus,2015,54,,-46.305028,-23.883583
Manacus_manacus,2015,,,-46.305028,-23.883583
Manacus_manacus,2012,70,,-35.08559,-6.805421
Manacus_manacus,2010,58,,-46.016667,-23.033333
Manacus_manacus,2015,53,,-46.289722,-23.90525
Manacus_manacus,2006,48.1,,-48.541493,-25.587558
Manacus_manacus,2015,45,6.4,-35.746496,-6.968757
Manacus_manacus,1998,,,-48.422847,-25.356797
Manacus_manacus,2008,50,,-38.79888,-12.55468
Manacus_manacus,2016,55,7,-34.9445366915,-7.9938007267
Manacus_manacus,2015,65,9.4,-34.9418676147,-8.0024407527
Manacus_manacus,2001,53.4,,-48.541493,-25.587558
Manacus_manacus,2016,52,,-47.245302,-24.06865
Manacus_manacus,2011,,7.49,-47.11,-24.42
Manacus_manacus,2001,53,,-48.541493,-25.587558
Manacus_manacus,2017,50,8.7,-34.95615,-7.988219
Manacus_manacus,2008,54,,-38.79888,-12.55468
Manacus_manacus,1998,51.5,,-48.422847,-25.356797
Manacus_manacus,2015,71,9.7,-34.9418676147,-8.0024407527
Manacus_manacus,2015,55,,-46.305028,-23.883583
Manacus_manacus,2002,52.4,,-48.541493,-25.587558
Manacus_manacus,2009,50,,-39.500511,-15.314456
Manacus_manacus,2015,53,,-46.340917,-23.855861
Manacus_manacus,2010,56,,-46.016667,-23.033333
Manacus_manacus,2013,,7.77,-46.93,-24.17
Manacus_manacus,2009,52.1,,-48.541493,-25.587558
Manacus_manacus,2002,50.6,,-48.541493,-25.587558
Manacus_manacus,2015,36,,-46.289722,-23.90525
Manacus_manacus,2017,,,-48.673631,-25.304749
Manacus_manacus,2017,51.65,,-48.673631,-25.304749
Manacus_manacus,2010,,8.5,-47.11,-24.42
Manacus_manacus,2010,66,8.2,-35.746496,-6.968757
Manacus_manacus,2010,51,7.2,-35.746496,-6.968757
Manacus_manacus,2010,51,7.3,-35.746496,-6.968757
Manacus_manacus,2012,51.2,,-54.487792,-25.619635
Manacus_manacus,1998,54.4,,-48.422847,-25.356797
Manacus_manacus,2017,49,9,-39.354754,-15.866612
Manacus_manacus,2015,54,,-46.305028,-23.883583
Manacus_manacus,2010,50,,-38.79888,-12.55468
Manacus_manacus,2006,50.9,,-48.541493,-25.587558
Manacus_manacus,2008,49,,-38.79888,-12.55468
Manacus_manacus,2013,46,,-44.41,-19.8886
Manacus_manacus,2015,55,,-46.289722,-23.90525
Manacus_manacus,2001,51.7,,-48.541493,-25.587558
Manacus_manacus,2010,51,5.6,-35.746496,-6.968757
Manacus_manacus,2015,53,,-46.305028,-23.883583
Manacus_manacus,2010,,8.24,-46.93,-24.17
Manacus_manacus,2007,52.2,,-48.541493,-25.587558
Manacus_manacus,2016,43,8.1,-34.9418676147,-8.0024407527
Manacus_manacus,2015,55,,-46.305028,-23.883583
Manacus_manacus,2000,46.82,8.43,-35.414242,-8.685614
Manacus_manacus,2012,50.2,,-40.422417,-20.588056
Manacus_manacus,2013,53.7,,-44.41,-19.8886
Manacus_manacus,2008,52,,-38.79888,-12.55468
Manacus_manacus,2010,54,,-38.79888,-12.55468
Manacus_manacus,2006,56,,-46.02,-23.039
Manacus_manacus,2002,50.7,,-48.541493,-25.587558
Manacus_manacus,2015,,,-46.233611,-23.956417
Manacus_manacus,2015,50,,-46.305028,-23.883583
Manacus_manacus,2015,53,,-46.305028,-23.883583
Manacus_manacus,2015,57,,-46.340917,-23.855861
Manacus_manacus,2015,50,,-46.305028,-23.883583
Manacus_manacus,2010,56,,-46.016667,-23.033333
Manacus_manacus,2003,50.3,,-48.541493,-25.587558
Manacus_manacus,2010,53,,-38.79888,-12.55468
Manacus_manacus,2004,52.3,,-48.541493,-25.587558
Manacus_manacus,2014,,,-43.4714,-19.9975
Manacus_manacus,2016,44,8.2,-34.9418676147,-8.0024407527
Manacus_manacus,2015,53,,-46.369417,-23.842417
Manacus_manacus,2011,,7.66,-47.11,-24.42
Manacus_manacus,2011,,8.34,-47.11,-24.42
Manacus_manacus,2010,52,,-38.79888,-12.55468
Manacus_manacus,2009,52,,-40.601667,-19.936111
Manacus_manacus,2009,51,,-39.500511,-15.314456
Manacus_manacus,1997,50.2,,-48.422847,-25.356797
Manacus_manacus,2004,51,,-48.541493,-25.587558
Manacus_manacus,2017,52,,-48.541493,-25.587558
Manacus_manacus,2003,48.6,,-48.541493,-25.587558
Manacus_manacus,1999,46.63,8.4,-35.833611,-8.710278
Manacus_manacus,2016,50,12.5,-34.9532021832,-7.9964573463
Manacus_manacus,2015,49,,-46.289722,-23.90525
Manacus_manacus,2015,49,9.7,-35.746496,-6.968757
Manacus_manacus,2015,52,,-46.340917,-23.855861
Manacus_manacus,2008,52,,-38.79888,-12.55468
Manacus_manacus,2004,,,-43.716667,-20.783333
Manacus_manacus,2010,,7.27,-47.11,-24.42
Manacus_manacus,2015,47,,-46.340917,-23.855861
Manacus_manacus,2008,50.4,,-48.541493,-25.587558
Manacus_manacus,2015,54,,-46.289722,-23.90525
Manacus_manacus,1997,,,-48.422847,-25.356797
Manacus_manacus,2017,48.98,10.04,-39.382412,-15.728039
Manacus_manacus,2005,,,-46.02,-23.039
Manacus_manacus,1997,51.1,,-48.422847,-25.356797
Manacus_manacus,2010,52,9.2,-35.746496,-6.968757
Manacus_manacus,2015,53,,-46.289722,-23.90525
Manacus_manacus,2017,50.3,,-48.68104,-25.301984
Manacus_manacus,2017,51.58,10.37,-39.5066,-15.800524
Manacus_manacus,2009,51,,-38.79888,-12.55468
Manacus_manacus,2015,45,,-35.746496,-6.968757
Manacus_manacus,2014,46,,-48.541493,-25.587558
Manacus_manacus,2015,54,7.8,-35.746496,-6.968757
Manacus_manacus,2015,55,,-46.305028,-23.883583
Manacus_manacus,2016,51,10.6,-34.9532021832,-7.9964573463
Manacus_manacus,2014,51,,-48.52275,-27.632528
Manacus_manacus,2008,51,9.6,-36.655833,-10.4
Manacus_manacus,2010,48,5.8,-42.807354,-22.660477
Manacus_manacus,2017,53,,-49.412429,-28.713794
Manacus_manacus,2011,,,-43.4044,-18.8581
Manacus_manacus,2000,65,8.5,-49.083333,-27.05
Manacus_manacus,2015,56,,-46.340917,-23.855861
Manacus_manacus,2015,65,,-34.9445366915,-7.9938007267
Manacus_manacus,2005,52.7,,-48.541493,-25.587558
Manacus_manacus,2017,52.3,,-48.541493,-25.587558
Manacus_manacus,1997,53.4,,-48.422847,-25.356797
Manacus_manacus,2016,70,10.7,-34.9445366915,-7.9938007267
Manacus_manacus,2013,,,-46.93,-24.17
Manacus_manacus,2008,51,,-38.79888,-12.55468
Manacus_manacus,2016,55,,-47.245302,-24.06865
Manacus_manacus,2015,58,,-46.457653,-23.876918
Manacus_manacus,2002,51.6,,-48.541493,-25.587558
Manacus_manacus,2015,54,,-46.289722,-23.90525
Manacus_manacus,2011,51.6,,-48.541493,-25.587558
Manacus_manacus,2007,,,-44.683333,-20.6
Manacus_manacus,2003,52.3,,-48.541493,-25.587558
Manacus_manacus,2004,,,-42.737667,-22.4084
Manacus_manacus,2010,47,6.1,-42.807354,-22.660477
Manacus_manacus,2015,55,,-46.289722,-23.90525
Manacus_manacus,2004,56,6.3,-42.737667,-22.4084
Manacus_manacus,2000,53.11,9.54,-35.864361,-8.98225
Manacus_manacus,2007,49.2,,-48.541493,-25.587558
Manacus_manacus,1993,,,-48.5867,-27.1702
Manacus_manacus,2015,50,,-46.340917,-23.855861
Manacus_manacus,2004,54.4,,-48.541493,-25.587558
Manacus_manacus,2010,70,7.2,-35.746496,-6.968757
Manacus_manacus,2011,53.53,,-35.879097,-9.218164
Manacus_manacus,2004,52.9,,-48.541493,-25.587558
Manacus_manacus,2017,52,,-47.245302,-24.06865
Manacus_manacus,1997,50.1,,-48.422847,-25.356797
Manacus_manacus,2017,50.01,9.37,-39.5066,-15.800524
Manacus_manacus,1999,53.1,,-48.422847,-25.356797
Manacus_manacus,2010,,8.73,-47.11,-24.42
Manacus_manacus,2015,,,-40.421322,-20.415332
Manacus_manacus,1992,,,-49.016667,-26.283333
Manacus_manacus,2015,,,-43.3272,-18.8933
Manacus_manacus,2017,56,,-49.412429,-28.713794
Manacus_manacus,2008,52,9.1,-36.655833,-10.4
Manacus_manacus,2002,53.2,9.5,-44.850694,-23.358056
Manacus_manacus,2012,,,-47.67257,-22.5756
Manacus_manacus,2009,70,,-38.79888,-12.55468
Manacus_manacus,2014,47.46,6.48,-48.34105,-25.14759
Manacus_manacus,2010,50,5.6,-42.807354,-22.660477
Manacus_manacus,2016,48,6.5,-34.9532021832,-7.9964573463
Manacus_manacus,2015,55,,-46.289722,-23.90525
Manacus_manacus,2015,56,,-46.340917,-23.855861
Manacus_manacus,1997,52.2,,-48.422847,-25.356797
Manacus_manacus,2015,49,,-46.289722,-23.90525
Manacus_manacus,2015,55,,-46.340917,-23.855861
Manacus_manacus,2005,52.6,,-48.541493,-25.587558
Manacus_manacus,2002,53.2,9.7,-44.850694,-23.358056
Manacus_manacus,2015,52,,-46.340917,-23.855861
Manacus_manacus,2015,56,,-47.245302,-24.06865
Manacus_manacus,2015,52,10,-34.9532021832,-7.9964573463
Manacus_manacus,2015,50,,-46.289722,-23.90525
Manacus_manacus,2009,51,,-38.79888,-12.55468
Manacus_manacus,1996,49,,-42.304444,-22.544028
Manacus_manacus,2014,,,-43.4714,-19.9975
Manacus_manacus,2001,,,-48.512518,-27.531353
Manacus_manacus,2015,53,,-46.340917,-23.855861
Manacus_manacus,2015,48,,-46.305028,-23.883583
Manacus_manacus,2011,54,,-48.498056,-27.475556
Manacus_manacus,2012,49.3,8.4,-35.712064,-8.545119
Manacus_manacus,2015,,,-46.340917,-23.855861
Manacus_manacus,2010,,8.48,-47.11,-24.42
Manacus_manacus,2008,56,,-38.79888,-12.55468
Manacus_manacus,2015,53,7.2,-35.746496,-6.968757
Manacus_manacus,2011,52.7,,-48.541493,-25.587558
Manacus_manacus,2016,,,-47.56375,-22.33372
Manacus_manacus,2003,52.4,,-48.541493,-25.587558
Manacus_manacus,2003,50.7,,-48.541493,-25.587558
Manacus_manacus,2010,,7.27,-47.11,-24.42
Manacus_manacus,2015,55,,-46.233611,-23.956417
Manacus_manacus,2015,56,,-46.305028,-23.883583
Manacus_manacus,1999,53.6,,-48.422847,-25.356797
Manacus_manacus,2001,52.6,8.4,-48.512518,-27.531353
Manacus_manacus,2015,55,,-46.289722,-23.90525
Manacus_manacus,2017,54,,-42.666531,-22.941347
Manacus_manacus,2015,37,,-46.305028,-23.883583
Manacus_manacus,2013,52,7.78,-39.70974167,-18.42649444
Manacus_manacus,2004,55,5.5,-42.737667,-22.4084
Manacus_manacus,2015,63,17.3,-34.9532021832,-7.9964573463
Manacus_manacus,2015,52,,-46.340917,-23.855861
Manacus_manacus,2015,52,,-46.305028,-23.883583
Manacus_manacus,2008,52,,-39.500511,-15.314456
Manacus_manacus,2006,51,,-46.02,-23.039
Manacus_manacus,2003,52,,-48.541493,-25.587558
Manacus_manacus,2017,46.3,7.81,-39.354754,-15.866612
Manacus_manacus,2010,48,4.9,-42.807354,-22.660477
Manacus_manacus,2015,55,,-46.305028,-23.883583
Manacus_manacus,2006,,,-47.436016,-23.880844
Manacus_manacus,2015,55,,-46.305028,-23.883583
Manacus_manacus,2009,53,,-38.79888,-12.55468
Manacus_manacus,2010,,,-47.11,-24.42
Manacus_manacus,2009,52,,-39.500511,-15.314456
Manacus_manacus,2010,51,6,-42.807354,-22.660477
Manacus_manacus,2001,50.2,,-48.541493,-25.587558
Manacus_manacus,2010,56,,-46.016667,-23.033333
Manacus_manacus,2003,53.7,,-48.541493,-25.587558
Manacus_manacus,2004,46.1,,-48.541493,-25.587558
Manacus_manacus,2008,51,,-38.79888,-12.55468
Manacus_manacus,2015,49,,-46.289722,-23.90525
Manacus_manacus,2015,53,,-46.305028,-23.883583
Manacus_manacus,2002,52.1,,-48.541493,-25.587558
Manacus_manacus,1998,50.5,,-48.422847,-25.356797
Manacus_manacus,2015,55,7,-35.746496,-6.968757
Manacus_manacus,2016,56,,-47.245302,-24.06865
Manacus_manacus,2015,58,,-46.289722,-23.90525
Manacus_manacus,2015,54,,-46.340917,-23.855861
Manacus_manacus,2006,,,-47.490814,-23.873765
Manacus_manacus,2010,,7.82,-47.11,-24.42
Manacus_manacus,2015,50,,-46.340917,-23.855861
Manacus_manacus,2017,51,,-47.245302,-24.06865
Manacus_manacus,2016,51,9.6,-34.9532021832,-7.9964573463
Manacus_manacus,2016,48,9.8,-34.9532021832,-7.9964573463
Manacus_manacus,2017,47.5,9,-39.354754,-15.866612
Manacus_manacus,2010,49,,-35.746496,-6.968757
Manacus_manacus,2010,49,5.8,-35.144167,-6.741389
Manacus_manacus,2015,55,,-46.289722,-23.90525
Manacus_manacus,2015,55,,-46.340917,-23.855861
Manacus_manacus,2012,,7.12,-39.47925,-12.85088889
Manacus_manacus,2012,,6.97,-39.47925,-12.85088889
Manacus_manacus,1997,53.3,,-48.422847,-25.356797
Manacus_manacus,2003,54.2,,-48.541493,-25.587558
Manacus_manacus,2015,57,,-46.233611,-23.956417
Manacus_manacus,2015,55,,-46.289722,-23.90525
Manacus_manacus,2010,49,5.4,-42.807354,-22.660477
Manacus_manacus,2015,51,,-46.340917,-23.855861
Manacus_manacus,2016,51,9.4,-34.9445366915,-7.9938007267
Manacus_manacus,2010,39,6.57,-39.17563056,-13.78475278
Manacus_manacus,2010,,6.97,-38.41025,-12.18283333
Manacus_manacus,2015,57,,-48.498056,-27.475556
Manacus_manacus,2001,50.2,,-48.541493,-25.587558
Manacus_manacus,2010,52,7.9,-35.746496,-6.968757
Manacus_manacus,2012,63,,-35.08559,-6.805421
Manacus_manacus,2009,,8.71,-47.11,-24.42
Manacus_manacus,1998,,,-48.422847,-25.356797
Manacus_manacus,2012,35,6.97,-39.47925,-12.85088889
Manacus_manacus,2009,52,,-38.79888,-12.55468
Manacus_manacus,2017,64,8.8,-34.9445366915,-7.9938007267
Manacus_manacus,2015,54,,-46.289722,-23.90525
Manacus_manacus,2009,,9.18,-47.11,-24.42
Manacus_manacus,2017,47.35,10.51,-39.369574,-15.792944
Manacus_manacus,2006,55,,-46.02,-23.039
Manacus_manacus,1999,50.46,9.02,-35.369722,-7.595278
Manacus_manacus,2002,50.7,,-48.541493,-25.587558
Manacus_manacus,2014,37,9.15,-39.28188889,-13.85077778
Manacus_manacus,2011,,5.53,-39.47375,-12.86025
Manacus_manacus,2014,,9.52,-39.28188889,-13.85077778
Manacus_manacus,2013,51,,-48.892222,-25.985278
Manacus_manacus,2012,,6.99,-39.47925,-12.85088889
Manacus_manacus,2011,,6.83,-39.47375,-12.86025
Manacus_manacus,2008,50,9,-49.068185,-26.872565
Manacus_manacus,2017,52.22,11,-39.325003,-15.95209
Manacus_manacus,2007,,,-43.733333,-22.7
Manacus_manacus,2008,52,,-39.671433,-14.032333
Manacus_manacus,2012,37,,-39.47925,-12.85088889
Manacus_manacus,2010,,5.8,-38.41025,-12.18283333
Manacus_manacus,2009,53,,-39.500511,-15.314456
Manacus_manacus,2010,,5.72,-39.17563056,-13.78475278
Manacus_manacus,2000,55,6.6,-49.066667,-27
Manacus_manacus,2015,54,,-47.245302,-24.06865
Manacus_manacus,2015,47,,-46.305028,-23.883583
Manacus_manacus,2010,,8.44,-47.11,-24.42
Manacus_manacus,2012,44.9,,-40.421528,-20.595056
Manacus_manacus,2010,49,,-39.500511,-15.314456
Manacus_manacus,2012,,6.94,-39.47925,-12.85088889
Manacus_manacus,2012,,6.7,-39.47925,-12.85088889
Manacus_manacus,2010,,7.79,-47.11,-24.42
Manacus_manacus,2005,51,4.8,-44.120167,-22.990433
Manacus_manacus,2007,,,-40.6367,-20.0922
Manacus_manacus,2013,,7.87,-46.93,-24.17
Turdus_amaurochalinus,2016,,,-50.18545,-29.491353
Turdus_amaurochalinus,2015,118,11.36,-47.543972,-22.396028
Turdus_amaurochalinus,2016,114,11.3,-47.543972,-22.396028
Turdus_amaurochalinus,2004,102,11,-48.833333,-27.666667
Turdus_amaurochalinus,2006,105.1,,-49.356283,-25.583954
Turdus_amaurochalinus,2002,117,5.77,-52.53671,-32.538503
Turdus_amaurochalinus,2011,118.5,9.81,-35.37,-5.88
Turdus_amaurochalinus,2004,116.4,,-49.356283,-25.583954
Turdus_amaurochalinus,2012,,,-43.9925,-19.9192
Turdus_amaurochalinus,2012,110.5,8.69,-35.18,-5.92
Turdus_amaurochalinus,2005,93.5,9.3,-49.066667,-26.9
Turdus_amaurochalinus,2013,,,-43.1347,-16.0514
Turdus_amaurochalinus,2013,114,6.92,-35.18,-5.92
Turdus_amaurochalinus,2007,105,12,-49.5,-27.116667
Turdus_amaurochalinus,2016,110.2,17.77,-47.543972,-22.396028
Turdus_amaurochalinus,2013,111,,-54.487792,-25.619635
Turdus_amaurochalinus,2016,102,,-50.178935,-29.482103
Turdus_amaurochalinus,2017,104,,-48.4981,-27.4756
Turdus_amaurochalinus,2008,115,12.1,-49.066667,-26.9
Turdus_amaurochalinus,2017,118,,-47.543972,-22.396028
Turdus_amaurochalinus,2012,118,7.35,-35.37,-5.88
Turdus_amaurochalinus,2017,115,,-47.543972,-22.396028
Turdus_amaurochalinus,2013,,,-43.1347,-16.0514
Turdus_amaurochalinus,2017,115,,-48.4981,-27.4756
Turdus_amaurochalinus,2016,93,,-50.178935,-29.482103
Turdus_amaurochalinus,2016,111,12.96,-47.543972,-22.396028
Turdus_amaurochalinus,2016,92,,-50.178935,-29.482103
Turdus_amaurochalinus,2005,118,,-48.46,-23.29
Turdus_amaurochalinus,2013,115,6.3,-35.18,-5.92
Turdus_amaurochalinus,2011,111.2,,-49.356283,-25.583954
Turdus_amaurochalinus,2000,100,22.6,-49.17027,-26.77639
Turdus_amaurochalinus,2001,,,-44.193483,-23.182683
Turdus_amaurochalinus,2004,110.8,,-49.356283,-25.583954
Turdus_amaurochalinus,2012,,,-43.4711,-20
Turdus_amaurochalinus,2017,120,,-47.543972,-22.396028
Turdus_amaurochalinus,2014,154,9,-47.543972,-22.396028
Turdus_amaurochalinus,2011,111,7,-35.37,-5.88
Turdus_amaurochalinus,2011,113,7.14,-35.37,-5.88
Turdus_amaurochalinus,2012,114,10.15,-35.18,-5.92
Turdus_amaurochalinus,2017,121,,-47.543972,-22.396028
Turdus_amaurochalinus,2004,90,,-51.302929,-30.051014
Turdus_amaurochalinus,2008,116,11.65,-54.198213,-23.037761
Turdus_amaurochalinus,2011,,,-43.4714,-19.9969
Turdus_amaurochalinus,2012,120,6.48,-35.37,-5.88
Turdus_amaurochalinus,2012,120,10.09,-35.37,-5.88
Turdus_amaurochalinus,2011,105.1,,-49.356283,-25.583954
Turdus_amaurochalinus,2017,,,-43.9883,-19.9214
Turdus_amaurochalinus,2008,110,10.4,-49.066667,-26.9
Turdus_amaurochalinus,2002,122.5,,-49.348803,-25.589976
Turdus_amaurochalinus,2015,119,10.88,-47.543972,-22.396028
Turdus_amaurochalinus,2017,117,,-47.543972,-22.396028
Turdus_amaurochalinus,2016,94,,-50.18545,-29.491353
Turdus_amaurochalinus,2016,115,,-47.543972,-22.396028
Turdus_amaurochalinus,2002,120,5.78,-52.53671,-32.538503
Turdus_amaurochalinus,2015,116,11.9,-47.543972,-22.396028
Turdus_amaurochalinus,2017,111,,-47.543972,-22.396028
Turdus_amaurochalinus,2016,95,,-50.178935,-29.482103
Turdus_amaurochalinus,2017,99,,-47.543972,-22.396028
Turdus_amaurochalinus,2015,117,,-48.4981,-27.4756
Turdus_amaurochalinus,2007,120.4,,-49.356283,-25.583954
Turdus_amaurochalinus,2017,,,-47.545152,-22.395381
Turdus_amaurochalinus,2017,112,,-48.4981,-27.4756
Turdus_amaurochalinus,2006,120.5,,-49.356283,-25.583954
Turdus_amaurochalinus,2016,109,11.06,-47.543972,-22.396028
Turdus_amaurochalinus,2015,115,,-48.4981,-27.4756
Turdus_amaurochalinus,2007,115,7.53,-52.34131,-31.774476
Turdus_amaurochalinus,2017,118,,-47.543972,-22.396028
Turdus_amaurochalinus,2006,91,,-51.302929,-30.051014
Turdus_amaurochalinus,2015,,,-44.1528,-17.7167
Turdus_amaurochalinus,2005,120,,-48.46,-23.29
Turdus_amaurochalinus,2001,121,5.3,-52.53671,-32.538503
Turdus_amaurochalinus,1998,,,-48.422847,-25.356797
Turdus_amaurochalinus,2016,,,-48.4981,-27.4756
Turdus_amaurochalinus,2000,103.9,10.6,-49.17027,-26.77639
Turdus_amaurochalinus,2016,109,,-47.543972,-22.396028
Turdus_amaurochalinus,1998,,,-48.422847,-25.356797
Turdus_amaurochalinus,2017,121,,-47.543972,-22.396028
Turdus_amaurochalinus,2001,116,6.39,-52.53671,-32.538503
Turdus_amaurochalinus,2011,108.3,,-49.356283,-25.583954
Turdus_amaurochalinus,2005,110,,-48.46,-23.29
Turdus_amaurochalinus,2016,111,,-48.4981,-27.4756
Turdus_amaurochalinus,2012,116,5.87,-35.37,-5.88
Turdus_amaurochalinus,2017,119,,-47.543972,-22.396028
Turdus_amaurochalinus,2006,111.9,,-49.356283,-25.583954
Turdus_amaurochalinus,2011,114,6.83,-35.37,-5.88
Turdus_amaurochalinus,2016,99,,-50.178935,-29.482103
Turdus_amaurochalinus,2014,112.7,11.2,-47.543972,-22.396028
Turdus_amaurochalinus,2012,114,13,-48.95,-26.916667
Turdus_amaurochalinus,2017,112,,-47.543972,-22.396028
Turdus_amaurochalinus,2016,114,10.13,-47.543972,-22.396028
Turdus_amaurochalinus,2015,113,13.53,-47.543972,-22.396028
Turdus_amaurochalinus,2010,108.8,,-49.356283,-25.583954
Turdus_amaurochalinus,2004,103.7,,-49.356283,-25.583954
Turdus_amaurochalinus,2012,110,10.12,-35.18,-5.92
Turdus_amaurochalinus,2017,112,,-47.543972,-22.396028
Turdus_amaurochalinus,2015,111,14,-47.543972,-22.396028
Turdus_amaurochalinus,2015,122,12.36,-56.628816,-21.109779
Turdus_amaurochalinus,2005,106,6,-44.120167,-22.990433
Turdus_amaurochalinus,2011,111,,-49.356283,-25.583954
Turdus_amaurochalinus,2016,111,,-47.543972,-22.396028
Turdus_amaurochalinus,2016,118,11.64,-47.543972,-22.396028
Turdus_amaurochalinus,2006,97.5,,-51.302929,-30.051014
Turdus_amaurochalinus,2016,110,,-47.543972,-22.396028
Turdus_amaurochalinus,2011,114,,-48.498056,-27.475556
Turdus_amaurochalinus,2014,,,-43.9386,-19.8933
Turdus_amaurochalinus,2015,117,12.58,-47.543972,-22.396028
Turdus_amaurochalinus,2006,100,,-51.302929,-30.051014
Turdus_amaurochalinus,2002,107,6.82,-52.53671,-32.538503
Turdus_amaurochalinus,2001,120,,-52.34131,-31.774476
Turdus_amaurochalinus,2011,,,-43.4714,-19.9969
Turdus_amaurochalinus,2006,111.5,,-49.356283,-25.583954
Turdus_amaurochalinus,2016,97,,-50.178935,-29.482103
Turdus_amaurochalinus,2014,113,12.2,-47.543972,-22.396028
Turdus_amaurochalinus,2010,113,6.02,-52.369803,-30.015064
Turdus_amaurochalinus,2005,110,,-48.46,-23.29
Turdus_amaurochalinus,2009,112,,-52.501391,-31.673241
Turdus_amaurochalinus,2011,,,-43.5061,-20.0797
Turdus_amaurochalinus,2002,121,6.07,-52.53671,-32.538503
Turdus_amaurochalinus,2016,95.2,,-50.178935,-29.482103
Turdus_amaurochalinus,2016,112,,-48.4981,-27.4756
Turdus_amaurochalinus,2017,117,,-47.543972,-22.396028
Turdus_amaurochalinus,2010,112.8,,-49.356283,-25.583954
Turdus_amaurochalinus,2011,126,10,-49.358244,-26.948522
Turdus_amaurochalinus,2013,,,-43.1275,-16.0719
Turdus_amaurochalinus,2015,109,11.91,-47.543972,-22.396028
Turdus_amaurochalinus,2014,98,8.4,-39.321775,-14.30725833
Turdus_amaurochalinus,2016,45,,-48.4981,-27.4756
Turdus_amaurochalinus,2012,110,6.61,-35.37,-5.88
Turdus_amaurochalinus,2017,116,,-47.543972,-22.396028
Turdus_amaurochalinus,2017,109,,-47.545152,-22.395381
Turdus_amaurochalinus,2006,116,,-49.356283,-25.583954
Turdus_amaurochalinus,2017,123,,-47.543972,-22.396028
Turdus_amaurochalinus,2013,107,6.07,-35.18,-5.92
Turdus_amaurochalinus,2016,114,12.57,-47.543972,-22.396028
Turdus_amaurochalinus,2016,,,-42.6983,-16.08
Turdus_amaurochalinus,2004,106.4,,-49.356283,-25.583954
Turdus_amaurochalinus,2011,111,6.08,-35.37,-5.88
Turdus_amaurochalinus,2012,,,-43.9922,-19.9194
Turdus_amaurochalinus,2004,112.4,,-49.356283,-25.583954
Stephanophorus_diadematus,2003,106,,-43.29155,-22.449367
Stephanophorus_diadematus,2004,99.2,,-49.356283,-25.583954
Stephanophorus_diadematus,2012,,,-44.6228,-22.7331
Stephanophorus_diadematus,2003,100,,-43.29155,-22.449367
Stephanophorus_diadematus,2017,79,,-50.186006,-29.499814
Stephanophorus_diadematus,2006,,,-47.471961,-23.867741
Stephanophorus_diadematus,2012,,,-44.6483,-22.0531
Stephanophorus_diadematus,2017,82,,-50.178935,-29.482103
Stephanophorus_diadematus,2012,,,-48.992205,-25.49548
Stephanophorus_diadematus,2001,98,6.66,-52.53671,-32.538503
Stephanophorus_diadematus,2009,99,10,-51.983333,-26.833333
Stephanophorus_diadematus,2012,,,-48.992205,-25.49548
Stephanophorus_diadematus,2012,,,-44.6778,-22.0586
Stephanophorus_diadematus,2002,101.1,,-49.356283,-25.583954
Stephanophorus_diadematus,2004,91.4,,-49.356283,-25.583954
Stephanophorus_diadematus,2004,,,-49.356283,-25.583954
Stephanophorus_diadematus,2015,115,,-49.636667,-28.160833
Stephanophorus_diadematus,2016,87,,-50.178935,-29.482103
Stephanophorus_diadematus,2002,94.3,,-49.356283,-25.583954
Stephanophorus_diadematus,2004,101.1,,-49.356283,-25.583954
Stephanophorus_diadematus,2002,102.9,,-49.356283,-25.583954
Stephanophorus_diadematus,2016,88.2,,-50.178935,-29.482103
Stephanophorus_diadematus,2016,87.5,,-50.178935,-29.482103
Stephanophorus_diadematus,2016,85,,-50.178935,-29.482103
Stephanophorus_diadematus,2017,71.5,,-50.186006,-29.499814
Stephanophorus_diadematus,2002,105.1,,-49.356283,-25.583954
Stephanophorus_diadematus,2009,103,10.2,-51.983333,-26.833333
Stephanophorus_diadematus,2016,83,,-50.18545,-29.491353
Stephanophorus_diadematus,2016,79,,-50.178935,-29.482103
Stephanophorus_diadematus,2014,,7.4,-50.372225,-29.099621
Stephanophorus_diadematus,2003,106,,-43.29155,-22.449367
Stephanophorus_diadematus,2001,92,7.53,-52.53671,-32.538503
Stephanophorus_diadematus,2016,81.5,,-50.178935,-29.482103
Stephanophorus_diadematus,2017,84.5,,-50.186006,-29.499814
Stephanophorus_diadematus,2017,83,,-50.178935,-29.482103
Stephanophorus_diadematus,2003,96,,-43.29155,-22.449367
Stephanophorus_diadematus,2016,80.5,,-50.171519,-29.478818
Stephanophorus_diadematus,2004,99,,-49.356283,-25.583954
Stephanophorus_diadematus,2010,99.1,,-49.356283,-25.583954
Sittasomus_griseicapillus,2015,,,-43.5067,-20.08
Sittasomus_griseicapillus,2001,71.5,8.8,-48.52396,-27.71722
Sittasomus_griseicapillus,2010,,,-42.8892,-21.9339
Sittasomus_griseicapillus,2000,,5.8,-48.416666,-24.316666
Sittasomus_griseicapillus,2007,,,-43.45,-19.9667
Sittasomus_griseicapillus,2011,73.8,7.1,-36.405802,-8.20199
Sittasomus_griseicapillus,2007,,,-45.9333,-22.7
Sittasomus_griseicapillus,2014,,,-43.4714,-19.9975
Sittasomus_griseicapillus,2014,,,-43.4714,-19.9969
Sittasomus_griseicapillus,2009,,,-43.5103,-20.1536
Sittasomus_griseicapillus,2013,72.6,7.4,-35.154812,-7.042276
Sittasomus_griseicapillus,2009,,,-43.5333,-18.4097
Sittasomus_griseicapillus,2012,,,-43.8839,-20.1694
Sittasomus_griseicapillus,2012,,,-43.1372,-16.0428
Sittasomus_griseicapillus,2015,74,,-49.618889,-28.1525
Sittasomus_griseicapillus,2011,,,-43.5067,-20.08
Sittasomus_griseicapillus,2015,76,,-49.618889,-28.1525
Sittasomus_griseicapillus,1999,72.15,6.64,-35.833611,-8.710278
Sittasomus_griseicapillus,2009,84,18.9,-49.266667,-27.033333
Sittasomus_griseicapillus,2010,,,-43.9372,-20.2903
Sittasomus_griseicapillus,2015,,,-43.5067,-20.08
Sittasomus_griseicapillus,2012,77.6,,-44.4081,-19.8761
Sittasomus_griseicapillus,2000,,5,-48.416666,-24.316666
Sittasomus_griseicapillus,2015,,,-43.5067,-20.08
Sittasomus_griseicapillus,2009,76.2,7,-51.958402,-26.758381
Sittasomus_griseicapillus,2012,,,-43.7431,-20.4578
Sittasomus_griseicapillus,2007,,,-47.405913,-23.96164
Sittasomus_griseicapillus,2008,,,-43.4381,-20.2067
Sittasomus_griseicapillus,2007,,,-45.9333,-22.7
Sittasomus_griseicapillus,2015,,,-43.5067,-20.08
Sittasomus_griseicapillus,2010,,,-43.5103,-20.1536
Sittasomus_griseicapillus,2014,,,-43.8681,-20.1628
Sittasomus_griseicapillus,2012,,,-43.1372,-16.0428
Sittasomus_griseicapillus,2009,83,7.9,-53.065153,-27.176864
Sittasomus_griseicapillus,2008,,,-43.4989,-20.0183
Sittasomus_griseicapillus,2005,69,,-47.684,-23.915
Sittasomus_griseicapillus,2001,75.5,7.3,-48.474789,-27.585696
Sittasomus_griseicapillus,2007,,,-45.9614,-22.7797
Sittasomus_griseicapillus,2013,,,-43.1269,-16.0742
Sittasomus_griseicapillus,2012,78.6,,-54.487792,-25.619635
Sittasomus_griseicapillus,2004,,,-42.737667,-22.4084
Sittasomus_griseicapillus,2006,,,-43.483,-20.0963
Sittasomus_griseicapillus,2001,,5.5,-48.416666,-24.316666
Sittasomus_griseicapillus,2012,,,-43.1347,-16.0514
Sittasomus_griseicapillus,2002,70,9.3,-49.15,-27.016667
Sittasomus_griseicapillus,2007,,,-45.9333,-22.7
Sittasomus_griseicapillus,2011,,,-43.8683,-20.1614
Sittasomus_griseicapillus,2013,77,6.9,-39.45902778,-13.89791667
Sittasomus_griseicapillus,2013,75.6,,-44.41,-19.8886
Sittasomus_griseicapillus,2014,,,-43.4714,-19.9975
Sittasomus_griseicapillus,2012,,,-43.1372,-16.0428
Sittasomus_griseicapillus,2014,73,,-49.618889,-28.1525
Thamnophilus_caerulescens,2008,,,-42.8125,-20.7333
Thamnophilus_caerulescens,2012,74,,-48.366667,-27.240278
Thamnophilus_caerulescens,1999,67,,-51.09,-30.1
Thamnophilus_caerulescens,2017,68,7.3,-49.398056,-22.530694
Thamnophilus_caerulescens,2005,66.5,,-51.302929,-30.051014
Thamnophilus_caerulescens,2004,,,-42.2,-20.566667
Thamnophilus_caerulescens,2008,,,-42.8125,-20.7333
Thamnophilus_caerulescens,2004,,,-43.75,-20.85
Thamnophilus_caerulescens,1996,70.1,,-48.422847,-25.356797
Thamnophilus_caerulescens,2005,70.5,,-51.302929,-30.051014
Thamnophilus_caerulescens,2005,69.5,,-51.302929,-30.051014
Thamnophilus_caerulescens,2010,68,,-48.433333,-23.266667
Thamnophilus_caerulescens,2001,74,8.9,-49.066667,-26.9
Thamnophilus_caerulescens,2009,,,-43.4428,-18.5303
Thamnophilus_caerulescens,2012,73,,-50.851889,-28.031444
Thamnophilus_caerulescens,1998,71,,-51.09,-30.1
Thamnophilus_caerulescens,2010,,,-48.433333,-23.266667
Thamnophilus_caerulescens,2014,,,-43.4714,-19.9975
Thamnophilus_caerulescens,2006,69,,-49.356283,-25.583954
Thamnophilus_caerulescens,2009,65.5,,-48.433333,-23.266667
Thamnophilus_caerulescens,2006,67.5,,-51.302929,-30.051014
Thamnophilus_caerulescens,2004,,,-43.75,-20.85
Thamnophilus_caerulescens,2010,67,,-46.016667,-23.033333
Thamnophilus_caerulescens,2002,71,,-49.356283,-25.583954
Thamnophilus_caerulescens,2004,,,-42.2,-20.566667
Thamnophilus_caerulescens,1999,68.66,10.01,-35.833611,-8.710278
Thamnophilus_caerulescens,2014,71,7.3,-49.398056,-22.530694
Thamnophilus_caerulescens,2013,71,,-48.704611,-28.104611
Thamnophilus_caerulescens,2017,71,,-49.223139,-28.167889
Thamnophilus_caerulescens,2013,,,-47.543972,-22.396028
Thamnophilus_caerulescens,2008,,,-47.905,-18.7633
Thamnophilus_caerulescens,2014,,,-41.7211,-20.8792
Thamnophilus_caerulescens,2017,64,,-50.178935,-29.482103
Thamnophilus_caerulescens,2011,,,-43.5067,-20.08
Thamnophilus_caerulescens,2007,,,-45.9333,-22.7
Thamnophilus_caerulescens,2006,72,,-48.46,-23.29
Thamnophilus_caerulescens,2006,68,,-49.356283,-25.583954
Thamnophilus_caerulescens,2012,,,-49.405145,-28.599546
Thamnophilus_caerulescens,2006,64.5,,-51.302929,-30.051014
Thamnophilus_caerulescens,2005,66,,-51.302929,-30.051014
Thamnophilus_caerulescens,2010,75,,-48.433333,-23.266667
Thamnophilus_caerulescens,2004,71.9,,-49.348803,-25.589976
Thamnophilus_caerulescens,2010,,,-48.433333,-23.266667
Thamnophilus_caerulescens,2010,76.5,,-48.433333,-23.266667
Thamnophilus_caerulescens,2014,,,-47.543972,-22.396028
Thamnophilus_caerulescens,2006,,,-47.405913,-23.96164
Thamnophilus_caerulescens,2003,67,,-51.302929,-30.051014
Thamnophilus_caerulescens,2014,,,-50.372203,-29.099602
Thamnophilus_caerulescens,2006,72,,-48.46,-23.29
Thamnophilus_caerulescens,2017,74,,-49.223139,-28.167889
Thamnophilus_caerulescens,2010,67,,-48.433333,-23.266667
Thamnophilus_caerulescens,2013,,,-47.543972,-22.396028
Thamnophilus_caerulescens,2010,72,,-48.433333,-23.266667
Thamnophilus_caerulescens,2010,,,-48.433333,-23.266667
Thamnophilus_caerulescens,2004,70.4,,-49.356283,-25.583954
Thamnophilus_caerulescens,1996,67.2,,-48.422847,-25.356797
Thamnophilus_caerulescens,2010,78,,-48.433333,-23.266667
Thamnophilus_caerulescens,2006,72,,-48.46,-23.29
Thamnophilus_caerulescens,1998,70,,-51.09,-30.1
Thamnophilus_caerulescens,2016,62,,-50.171519,-29.478818
Thamnophilus_caerulescens,2010,71,,-48.433333,-23.266667
Thamnophilus_caerulescens,2017,71,7.2,-49.398056,-22.530694
Thamnophilus_caerulescens,2007,,,-47.396673,-23.947513
Thamnophilus_caerulescens,2007,70.5,,-49.356283,-25.583954
Thamnophilus_caerulescens,2005,67,,-51.302929,-30.051014
Thamnophilus_caerulescens,2012,65,8.9,-35.712064,-8.545119
Thamnophilus_caerulescens,2006,,,-47.436016,-23.880844
Thamnophilus_caerulescens,2009,,11.4,-47.55,-22.416667
Thamnophilus_caerulescens,2002,69.3,,-49.348803,-25.589976
Thamnophilus_caerulescens,2012,71,11.5,-50.6967,-24.1431
Thamnophilus_caerulescens,1999,72,,-50.178935,-29.482103
Thamnophilus_caerulescens,2002,61.5,,-51.302929,-30.051014
Thamnophilus_caerulescens,2001,,5,-49.221108,-25.951109
Thamnophilus_caerulescens,2017,66,9.7,-34.95615,-7.988219
Thamnophilus_caerulescens,2008,,,-43.5461,-20.4117
Thamnophilus_caerulescens,2011,72.9,13.15,-36.405802,-8.20199
Thamnophilus_caerulescens,2006,66,,-51.302929,-30.051014
Thamnophilus_caerulescens,2014,72,6.1,-49.398056,-22.530694
Thamnophilus_caerulescens,2009,65.5,,-48.433333,-23.266667
Thamnophilus_caerulescens,2016,68,,-49.618889,-28.1525
Thamnophilus_caerulescens,2009,,,-44.415,-20.1475
Thamnophilus_caerulescens,2017,,,-50.178935,-29.482103
Thamnophilus_caerulescens,2011,,,-43.9047,-20.1378
Thamnophilus_caerulescens,2011,74.6,14,-36.405802,-8.20199
Thamnophilus_caerulescens,2010,75,,-46.016667,-23.033333
Thamnophilus_caerulescens,2010,70,,-48.433333,-23.266667
Thamnophilus_caerulescens,2012,,,-48.992205,-25.49548
Thamnophilus_caerulescens,2004,71,,-51.302929,-30.051014
Thamnophilus_caerulescens,2010,71,,-48.433333,-23.266667
Thamnophilus_caerulescens,2003,69,,-51.302929,-30.051014
Thamnophilus_caerulescens,2006,,,-47.449187,-23.854583
Thamnophilus_caerulescens,2009,,,-44.3856,-20.1614
Thamnophilus_caerulescens,2010,70.5,,-48.433333,-23.266667
Thamnophilus_caerulescens,2010,72,,-48.433333,-23.266667
Thamnophilus_caerulescens,2006,66,,-49.356283,-25.583954
Thamnophilus_caerulescens,2006,,,-47.480381,-23.876407
Thamnophilus_caerulescens,2012,,,-47.69429,-22.50735
Thamnophilus_caerulescens,2011,,,-42.5725,-16.0097
Thamnophilus_caerulescens,1999,66.22,9.83,-35.505556,-7.588889
Thamnophilus_caerulescens,2015,71,6.4,-35.746496,-6.968757
Thamnophilus_caerulescens,2005,69,,-47.684,-23.915
Thamnophilus_caerulescens,2007,69.8,,-49.356283,-25.583954
Thamnophilus_caerulescens,2007,72.5,4.5,-49.308679,-25.42167
Thamnophilus_caerulescens,2004,63.9,,-49.348803,-25.589976
Thamnophilus_caerulescens,2013,,,-48.992205,-25.49548
Thamnophilus_caerulescens,2007,,4.99,-49.308679,-25.42167
Thamnophilus_caerulescens,2009,,,-44.415,-20.1475
Thamnophilus_caerulescens,2009,74,10.9,-51.983333,-26.833333
Thamnophilus_caerulescens,2006,71,,-48.46,-23.29
Thamnophilus_caerulescens,2012,72,,-50.851889,-28.031444
Thamnophilus_caerulescens,2000,68.13,9.86,-36.024444,-7.905556
Thamnophilus_caerulescens,2017,63.5,,-50.178935,-29.482103
Thamnophilus_caerulescens,2002,65,,-51.302929,-30.051014
Thamnophilus_caerulescens,2005,68,,-51.302929,-30.051014
Thamnophilus_caerulescens,1999,,,-48.422847,-25.356797
Thamnophilus_caerulescens,2003,73.3,,-49.356283,-25.583954
Thamnophilus_caerulescens,1999,64.84,9.58,-35.833611,-8.710278
Thamnophilus_caerulescens,1998,70,,-51.09,-30.1
Thamnophilus_caerulescens,2006,,,-47.475802,-23.851386
Thamnophilus_caerulescens,2010,68,,-48.433333,-23.266667
Thamnophilus_caerulescens,2004,68.3,,-49.356283,-25.583954
Thamnophilus_caerulescens,2008,,,-43.4022,-19.3975
Thamnophilus_caerulescens,2013,72.7,,-44.41,-19.8886
Thamnophilus_caerulescens,2005,,,-47.475802,-23.851386
Thamnophilus_caerulescens,2017,,,-50.178935,-29.482103
Thamnophilus_caerulescens,2008,,,-47.915,-18.8789
Thamnophilus_caerulescens,2010,,,-35.18,-5.92
Thamnophilus_caerulescens,2012,,,-35.18,-5.92
Thamnophilus_caerulescens,2011,,,-35.18,-5.92
Thamnophilus_caerulescens,2012,,,-35.18,-5.92
Thamnophilus_caerulescens,2011,,,-35.18,-5.92
Thamnophilus_caerulescens,2012,69,11.4,-47.205,-22.671111
Thamnophilus_caerulescens,2014,,,-35.18,-5.92
Thamnophilus_caerulescens,2011,,,-35.18,-5.92
Thamnophilus_caerulescens,2008,,,-43.4381,-20.2067
Thamnophilus_caerulescens,2007,66.9,,-49.356283,-25.583954
Thamnophilus_caerulescens,2012,76,,-48.366667,-27.240278
Thamnophilus_caerulescens,2007,,,-44.683333,-20.6
Thamnophilus_caerulescens,2000,,8.65,-49.221108,-25.951109
Thamnophilus_caerulescens,2012,72,,-48.366667,-27.240278
Thamnophilus_caerulescens,2013,71,9.7,-49.076722,-22.775
Thamnophilus_caerulescens,2007,67.95,5.37,-49.308679,-25.42167
Thamnophilus_caerulescens,2006,69.1,,-49.356283,-25.583954
Thamnophilus_caerulescens,2004,68.5,,-51.302929,-30.051014
Thamnophilus_caerulescens,2008,,,-42.9847,-20.8572
Thamnophilus_caerulescens,2006,67,,-48.46,-23.29
Thamnophilus_caerulescens,2012,68.5,7.8,-41.82306667,-20.49502778
Thamnophilus_caerulescens,2006,64,,-51.302929,-30.051014
Thamnophilus_caerulescens,2006,,,-47.480381,-23.876407
Thamnophilus_caerulescens,2010,,,-48.433333,-23.266667
Thamnophilus_caerulescens,2004,,,-43.75,-20.85
Thamnophilus_caerulescens,2010,,,-48.433333,-23.266667
Thamnophilus_caerulescens,2011,,,-35.18,-5.92
Thamnophilus_caerulescens,2011,,,-35.18,-5.92
Thamnophilus_caerulescens,2014,,,-35.18,-5.92
Thamnophilus_caerulescens,2012,,,-35.18,-5.92
Thamnophilus_caerulescens,2012,,,-35.18,-5.92
Thamnophilus_caerulescens,2002,68,,-49.356283,-25.583954
Thamnophilus_caerulescens,2011,72,9.8,-49.398056,-22.530694
Thamnophilus_caerulescens,2012,,,-35.18,-5.92
Thamnophilus_caerulescens,2011,,,-35.18,-5.92
Thamnophilus_caerulescens,2011,,,-35.18,-5.92
Thamnophilus_caerulescens,2014,,,-35.18,-5.92
Thamnophilus_caerulescens,2013,,,-35.18,-5.92
Thamnophilus_caerulescens,2012,,,-35.18,-5.92
Thamnophilus_caerulescens,2011,,,-35.18,-5.92
Thamnophilus_caerulescens,2011,,,-35.18,-5.92
Thamnophilus_caerulescens,2011,,,-35.18,-5.92
Thamnophilus_caerulescens,2016,66,8,-49.076722,-22.775
Thamnophilus_caerulescens,2010,71,,-48.433333,-23.266667
Thamnophilus_caerulescens,2004,,,-43.75,-20.85
Thamnophilus_caerulescens,2002,67.8,,-49.356283,-25.583954
Thamnophilus_caerulescens,2009,71.7,,-49.356283,-25.583954
Thamnophilus_caerulescens,2006,,,-49.356283,-25.583954
Thamnophilus_caerulescens,2007,,,-43.45,-19.9667
Thamnophilus_caerulescens,2002,,10.3,-47.931944,-25.096389
Thamnophilus_caerulescens,2003,69,,-51.302929,-30.051014
Thamnophilus_caerulescens,2008,,,-47.915,-18.8789
Thamnophilus_caerulescens,2008,,,-43.5108,-20.4364
Thamnophilus_caerulescens,2007,67.7,,-49.356283,-25.583954
Thamnophilus_caerulescens,2014,,,-43.9214,-20.5081
Thamnophilus_caerulescens,2003,69.4,,-49.356283,-25.583954
Thamnophilus_caerulescens,2015,66,6.4,-35.746496,-6.968757
Thamnophilus_caerulescens,2013,73,,-50.851889,-28.031444
Thamnophilus_caerulescens,2008,,,-42.8511,-20.805
Thamnophilus_caerulescens,2006,,,-47.396673,-23.947513
Thamnophilus_caerulescens,2006,70,,-51.302929,-30.051014
Thamnophilus_caerulescens,2005,66,,-51.302929,-30.051014
Thamnophilus_caerulescens,2006,,,-47.410015,-23.951935
Thamnophilus_caerulescens,2008,,,-42.5292,-20.7139
Thamnophilus_caerulescens,2001,,,-48.40777778,-24.278333
Thamnophilus_caerulescens,2006,67.5,,-51.302929,-30.051014
Thamnophilus_caerulescens,2003,69,,-51.302929,-30.051014
Thamnophilus_caerulescens,2008,,,-48.0758,-18.5525
Thamnophilus_caerulescens,2008,,,-47.915,-18.8789
Thamnophilus_caerulescens,2008,,,-42.8511,-20.805
Thamnophilus_caerulescens,2010,,,-48.433333,-23.266667
Thamnophilus_caerulescens,2015,76,5,-41.02029722,-20.39838889
Thamnophilus_caerulescens,1996,65.6,,-48.422847,-25.356797
Thamnophilus_caerulescens,1997,61.9,,-48.422847,-25.356797
Thamnophilus_caerulescens,2006,69.1,,-49.356283,-25.583954
Thamnophilus_caerulescens,2008,,,-42.9847,-20.8572
Thamnophilus_caerulescens,2005,62,,-51.302929,-30.051014
Thamnophilus_caerulescens,2001,,,-48.40777778,-24.278333
Thamnophilus_caerulescens,1997,64.3,,-48.422847,-25.356797
Thamnophilus_caerulescens,2011,70.7,,-49.356283,-25.583954
Thamnophilus_caerulescens,2010,67,,-46.016667,-23.033333
Thamnophilus_caerulescens,2001,65.1,,-48.541493,-25.587558
Thamnophilus_caerulescens,2013,75,7.1,-49.076722,-22.775
Thamnophilus_caerulescens,2007,,,-47.410015,-23.951935
Thamnophilus_caerulescens,2002,,12.1,-47.931944,-25.096389
Thamnophilus_caerulescens,2008,,,-48.1642,-18.8022
Thamnophilus_caerulescens,2008,,,-42.5103,-20.6839
Thamnophilus_caerulescens,2014,75,,-48.366667,-27.240278
Thamnophilus_caerulescens,2004,64.7,,-49.356283,-25.583954
Thamnophilus_caerulescens,2008,,,-48.3697,-18.7033
Thamnophilus_caerulescens,2006,67.5,,-51.302929,-30.051014
Thamnophilus_caerulescens,1999,72,,-51.2,-30.1
Thamnophilus_caerulescens,2011,,,-35.18,-5.92
Thamnophilus_caerulescens,2012,,,-35.18,-5.92
Thamnophilus_caerulescens,2013,,,-35.18,-5.92
Thamnophilus_caerulescens,2013,70,7.5,-49.076722,-22.775
Thamnophilus_caerulescens,2011,,,-35.18,-5.92
Thamnophilus_caerulescens,2013,70,7.8,-49.076722,-22.775
Thamnophilus_caerulescens,2012,,,-48.992205,-25.49548
Thamnophilus_caerulescens,2005,80.5,19.9,-53.916667,-28.383333
Thamnophilus_caerulescens,2010,,,-43.8647,-20.1642
Thamnophilus_caerulescens,2009,67.5,,-48.433333,-23.266667
Thamnophilus_caerulescens,2010,73,,-48.433333,-23.266667
Thamnophilus_caerulescens,2006,70.9,,-49.356283,-25.583954
Thamnophilus_caerulescens,2010,75,,-48.433333,-23.266667
Thamnophilus_caerulescens,2007,,,-47.396673,-23.947513
Thamnophilus_caerulescens,2001,,7.5,-48.40777778,-24.278333
Thamnophilus_caerulescens,2005,66.5,,-51.302929,-30.051014
Thamnophilus_caerulescens,1997,66.4,,-48.422847,-25.356797
Thamnophilus_caerulescens,2008,,,-47.915,-18.8789
Thamnophilus_caerulescens,2012,,,-43.9164,-19.9606
Thamnophilus_caerulescens,2005,67,,-51.302929,-30.051014
Thamnophilus_caerulescens,2013,69,,-48.704611,-28.104611
Thamnophilus_caerulescens,2001,,5.2,-49.221108,-25.951109
Thamnophilus_caerulescens,2007,,,-43.45,-19.9667
Thamnophilus_caerulescens,2011,,,-35.18,-5.92
Thamnophilus_caerulescens,1997,,,-48.422847,-25.356797
Thamnophilus_caerulescens,2012,,,-35.18,-5.92
Thamnophilus_caerulescens,2013,,,-35.18,-5.92
Thamnophilus_caerulescens,2011,,,-35.18,-5.92
Thamnophilus_caerulescens,2006,,,-48.46,-23.29
Thamnophilus_caerulescens,2017,58,6.9,-34.95615,-7.988219
Thamnophilus_caerulescens,1998,68.5,,-48.422847,-25.356797
Thamnophilus_caerulescens,1999,76,,-51.09,-30.1
Thamnophilus_caerulescens,1997,64,,-48.422847,-25.356797
Thamnophilus_caerulescens,2013,67,,-49.405145,-28.599546
Thamnophilus_caerulescens,2010,75,,-48.433333,-23.266667
Thamnophilus_caerulescens,2008,,,-48.1642,-18.8022
Thamnophilus_caerulescens,2009,,10.7,-47.55,-22.416667
Thamnophilus_caerulescens,2005,69,,-51.302929,-30.051014
Thamnophilus_caerulescens,2012,,,-35.18,-5.92
Thamnophilus_caerulescens,2011,,,-35.18,-5.92
Thamnophilus_caerulescens,2016,,,-42.6983,-16.08
Thamnophilus_caerulescens,2005,70,,-51.302929,-30.051014
Thamnophilus_caerulescens,2002,66,,-48.541493,-25.587558
Thamnophilus_caerulescens,2008,,,-43.4958,-20.4592
Thamnophilus_caerulescens,2011,67.9,,-49.356283,-25.583954
Thamnophilus_caerulescens,2007,72,5,-49.308679,-25.42167
Thamnophilus_caerulescens,2008,,,-43.5108,-20.4364
Thamnophilus_caerulescens,2007,66.8,,-49.356283,-25.583954
Thamnophilus_caerulescens,2013,,,-35.18,-5.92
Thamnophilus_caerulescens,2010,,,-35.18,-5.92
Thamnophilus_caerulescens,2010,,,-35.18,-5.92
Thamnophilus_caerulescens,2011,,,-35.18,-5.92
Thamnophilus_caerulescens,2011,,,-35.18,-5.92
Thamnophilus_caerulescens,2013,,,-35.18,-5.92
Thamnophilus_caerulescens,2011,,,-35.18,-5.92
Thamnophilus_caerulescens,2011,,,-35.18,-5.92
Thamnophilus_caerulescens,2012,,,-35.18,-5.92
Thamnophilus_caerulescens,2012,,,-35.18,-5.92
Thamnophilus_caerulescens,2011,,,-42.5181,-14.8897
Thamnophilus_caerulescens,2011,,,-35.18,-5.92
Thamnophilus_caerulescens,2011,,,-35.18,-5.92
Thamnophilus_caerulescens,2014,,,-35.18,-5.92
Thamnophilus_caerulescens,2012,,,-35.18,-5.92
Thamnophilus_caerulescens,2008,,,-48.0758,-18.5525
Thamnophilus_caerulescens,2015,66,11.34,-56.853557,-20.490824
Thamnophilus_caerulescens,2014,,,-35.18,-5.92
Thamnophilus_caerulescens,2011,,,-35.18,-5.92
Thamnophilus_caerulescens,2008,,,-48.3697,-18.7033
Thamnophilus_caerulescens,2016,63.05,,-48.67189,-25.311564
Thamnophilus_caerulescens,2014,,,-35.18,-5.92
Thamnophilus_caerulescens,2011,,,-35.18,-5.92
Thamnophilus_caerulescens,2010,,,-35.18,-5.92
Thamnophilus_caerulescens,2011,,,-35.18,-5.92
Thamnophilus_caerulescens,2013,,,-35.18,-5.92
Thamnophilus_caerulescens,2013,,,-35.18,-5.92
Thamnophilus_caerulescens,2011,,,-35.18,-5.92
Thamnophilus_caerulescens,2010,,,-35.18,-5.92
Thamnophilus_caerulescens,2011,,,-35.18,-5.92
Thamnophilus_caerulescens,2014,,,-35.18,-5.92
Thamnophilus_caerulescens,2010,,,-35.18,-5.92
Thamnophilus_caerulescens,2011,,,-43.5067,-20.08
Thamnophilus_caerulescens,2011,,,-35.18,-5.92
Thamnophilus_caerulescens,2011,,,-35.18,-5.92
Thamnophilus_caerulescens,2013,,,-35.18,-5.92
Thamnophilus_caerulescens,2011,,,-35.18,-5.92
Thamnophilus_caerulescens,2012,,,-35.18,-5.92
Thamnophilus_caerulescens,2010,,,-35.18,-5.92
Thamnophilus_caerulescens,2012,,,-35.18,-5.92
Thamnophilus_caerulescens,2008,,,-48.3697,-18.7033
Thamnophilus_caerulescens,2005,61,,-51.302929,-30.051014
Thamnophilus_caerulescens,1998,73.1,,-48.422847,-25.356797
Thamnophilus_caerulescens,2003,69.4,,-49.356283,-25.583954
Thamnophilus_caerulescens,2010,,,-48.433333,-23.266667
Thamnophilus_caerulescens,2011,,,-35.18,-5.92
Thamnophilus_caerulescens,2003,65.5,,-51.302929,-30.051014
Thamnophilus_caerulescens,2016,53,14.6,-47.403056,-23.24
Thamnophilus_caerulescens,2005,68,,-51.302929,-30.051014
Thamnophilus_caerulescens,2016,65,8.4,-35.746496,-6.968757
Thamnophilus_caerulescens,2010,69,11.3,-50.6967,-24.1431
Thamnophilus_caerulescens,2010,69,,-48.433333,-23.266667
Thamnophilus_caerulescens,2008,,,-43.5108,-20.4364
Thamnophilus_caerulescens,2010,69,5,-35.746496,-6.968757
Thamnophilus_caerulescens,2015,58,9.7,-35.746496,-6.968757
Thamnophilus_caerulescens,2000,71,17.1,-49.221108,-25.951109
Thamnophilus_caerulescens,2013,,,-47.543972,-22.396028
Thamnophilus_caerulescens,2012,,,-35.18,-5.92
Thamnophilus_caerulescens,2004,65,,-51.302929,-30.051014
Thamnophilus_caerulescens,2011,74,,-47.590125,-23.431942
Thamnophilus_caerulescens,2017,66,8,-49.398056,-22.530694
Thamnophilus_caerulescens,2008,,,-42.5292,-20.7139
Thamnophilus_caerulescens,2006,67.5,,-51.302929,-30.051014
Thamnophilus_caerulescens,2015,69,6.3,-49.402289,-22.529975
Thamnophilus_caerulescens,2005,71,,-51.302929,-30.051014
Thamnophilus_caerulescens,2013,75,13.25,-34.965648,-7.466816
Thamnophilus_caerulescens,2017,65,7.8,-49.398056,-22.530694
Thamnophilus_caerulescens,2010,,,-48.433333,-23.266667
Thamnophilus_caerulescens,2012,,,-35.18,-5.92
Thamnophilus_caerulescens,2013,,,-35.18,-5.92
Thamnophilus_caerulescens,2010,77,,-48.433333,-23.266667
Thamnophilus_caerulescens,2006,,,-47.410015,-23.951935
Thamnophilus_caerulescens,2016,,12.02,-47.59813,-22.21768
Thamnophilus_caerulescens,2011,,,-35.18,-5.92
Thamnophilus_caerulescens,2011,,,-35.18,-5.92
Thamnophilus_caerulescens,2011,,,-35.18,-5.92
Thamnophilus_caerulescens,1997,63.9,,-48.422847,-25.356797
Thamnophilus_caerulescens,2005,66,,-51.302929,-30.051014
Thamnophilus_caerulescens,2017,64,10,-34.9532021832,-7.9964573463
Thamnophilus_caerulescens,2010,70,,-48.433333,-23.266667
Thamnophilus_caerulescens,2012,,,-35.18,-5.92
Thamnophilus_caerulescens,2011,,,-35.18,-5.92
Thamnophilus_caerulescens,2013,,,-35.18,-5.92
Thamnophilus_caerulescens,2002,67,5.2,-51.952041,-23.893635
Thamnophilus_caerulescens,2016,60,1.5,-47.403056,-23.24
Thamnophilus_caerulescens,2002,62.8,,-49.356283,-25.583954
Thamnophilus_caerulescens,2005,63,,-51.302929,-30.051014
Thamnophilus_caerulescens,2008,,,-43.5108,-20.4364
Thamnophilus_caerulescens,2008,,,-43.5108,-20.4364
Thamnophilus_caerulescens,1999,68.34,9.58,-35.833611,-8.710278
Thamnophilus_caerulescens,2008,,,-42.5292,-20.7139
Thamnophilus_caerulescens,1997,65,,-48.422847,-25.356797
Thamnophilus_caerulescens,2014,,,-35.18,-5.92
Thamnophilus_caerulescens,2010,,,-48.433333,-23.266667
Thamnophilus_caerulescens,2006,66.5,,-51.302929,-30.051014
Thamnophilus_caerulescens,2010,72,,-48.433333,-23.266667
Thamnophilus_caerulescens,2011,,,-35.18,-5.92
Thamnophilus_caerulescens,1999,64.1,,-48.422847,-25.356797
Thamnophilus_caerulescens,2016,70,,-49.672487,-22.37698
Thamnophilus_caerulescens,1998,70.47,10.14,-42.95,-19.966667
Thamnophilus_caerulescens,2008,,,-48.1653,-18.8069
Thamnophilus_caerulescens,2008,,,-48.1653,-18.8069
Thamnophilus_caerulescens,2014,,,-35.18,-5.92
Thamnophilus_caerulescens,1999,70,,-51.09,-30.1
Thamnophilus_caerulescens,2004,70,,-49.356283,-25.583954
Thamnophilus_caerulescens,2013,,,-35.18,-5.92
Thamnophilus_caerulescens,2011,,,-35.18,-5.92
Thamnophilus_caerulescens,2014,,,-35.18,-5.92
Thamnophilus_caerulescens,2012,,,-43.1269,-16.0714
Thamnophilus_caerulescens,2011,,,-35.18,-5.92
Thamnophilus_caerulescens,1999,73,,-51.09,-30.1
Thamnophilus_caerulescens,2008,,,-43.5461,-20.4117
Thamnophilus_caerulescens,2015,69,6.5,-49.402289,-22.529975
Thamnophilus_caerulescens,2004,67.5,,-49.356283,-25.583954
Thamnophilus_caerulescens,2011,,,-35.18,-5.92
Thamnophilus_caerulescens,2011,,,-35.18,-5.92
Thamnophilus_caerulescens,2003,63.6,,-48.541493,-25.587558
Thamnophilus_caerulescens,2008,,,-42.4856,-20.7097
Thamnophilus_caerulescens,2006,,,-47.460382,-23.851281
Thamnophilus_caerulescens,2004,74.1,,-49.348803,-25.589976
Thamnophilus_caerulescens,2007,70,5.3,-49.241106,-25.442986
Thamnophilus_caerulescens,2010,,,-48.433333,-23.266667
Thamnophilus_caerulescens,2005,67,,-48.46,-23.29
Thamnophilus_caerulescens,2008,71,9.9,-49.5,-27.116667
Thamnophilus_caerulescens,2013,,,-43.1275,-16.0719
Thamnophilus_caerulescens,1999,68.2,,-48.422847,-25.356797
Thamnophilus_caerulescens,2005,65,5.3,-43.787333,-22.370933
Thamnophilus_caerulescens,2014,,,-35.18,-5.92
Thamnophilus_caerulescens,2013,,,-35.18,-5.92
Thamnophilus_caerulescens,2011,,,-35.18,-5.92
Thamnophilus_caerulescens,2006,,,-47.475802,-23.851386
Thamnophilus_caerulescens,2004,,,-43.75,-20.85
Thamnophilus_caerulescens,2010,70,8.1,-35.746496,-6.968757
Thamnophilus_caerulescens,2008,,,-48.3697,-18.7033
Thamnophilus_caerulescens,2002,68.9,,-49.356283,-25.583954
Thamnophilus_caerulescens,2006,67.5,,-51.302929,-30.051014
Thamnophilus_caerulescens,2008,,,-42.9847,-20.8572
Thamnophilus_caerulescens,1998,78,9.2,-49.066667,-27
Thamnophilus_caerulescens,2008,,,-42.5292,-20.7139
Thamnophilus_caerulescens,2013,,,-35.18,-5.92
Thamnophilus_caerulescens,2009,,,-43.6156,-19.3142
Thamnophilus_caerulescens,2008,,,-43.4381,-20.2067
Thamnophilus_caerulescens,2009,65,,-48.433333,-23.266667
Thamnophilus_caerulescens,2015,68,8.6,-35.746496,-6.968757
Thamnophilus_caerulescens,1997,62.4,,-48.422847,-25.356797
Thamnophilus_caerulescens,1997,65.4,,-48.422847,-25.356797
Thamnophilus_caerulescens,2005,70,,-46.028,-22.977
Thamnophilus_caerulescens,2015,73,7.9,-49.402289,-22.529975
Thamnophilus_caerulescens,2011,,,-43.5067,-20.08
Thamnophilus_caerulescens,2003,65,,-51.302929,-30.051014
Thamnophilus_caerulescens,2009,69,,-49.356283,-25.583954
Thamnophilus_caerulescens,2013,67,,-49.405145,-28.599546
Thamnophilus_caerulescens,2015,,,-43.5067,-20.08
Thamnophilus_caerulescens,2002,65.6,,-48.541493,-25.587558
Thamnophilus_caerulescens,2010,70.5,,-48.433333,-23.266667
Thamnophilus_caerulescens,2004,,,-42.2,-20.566667
Thamnophilus_caerulescens,2010,68,,-48.433333,-23.266667
Thamnophilus_caerulescens,2008,,,-42.5292,-20.7139
Thamnophilus_caerulescens,2008,,,-47.915,-18.8789
Thamnophilus_caerulescens,2008,,,-42.4856,-20.7097
Thamnophilus_caerulescens,2017,69,6.5,-49.398056,-22.530694
Thamnophilus_caerulescens,2005,70,,-48.46,-23.29
Thamnophilus_caerulescens,2009,67.9,,-49.356283,-25.583954
Thamnophilus_caerulescens,2010,72,,-48.433333,-23.266667
Dysithamnus_mentalis,2011,59.8,5.85,-36.405802,-8.20199
Dysithamnus_mentalis,2005,,,-47.475802,-23.851386
Dysithamnus_mentalis,2008,,,-43.4381,-20.2067
Dysithamnus_mentalis,2006,,,-47.48322,-23.886254
Dysithamnus_mentalis,2017,56.9,,-48.541493,-25.587558
Dysithamnus_mentalis,2013,56.5,,-54.487792,-25.619635
Dysithamnus_mentalis,2005,,,-47.453913,-23.907938
Dysithamnus_mentalis,2012,55,,-49.403256,-28.600583
Dysithamnus_mentalis,2001,,,-48.474789,-27.585696
Dysithamnus_mentalis,2016,66,10,-35.746496,-6.968757
Dysithamnus_mentalis,2015,57,,-48.541493,-25.587558
Dysithamnus_mentalis,2006,,,-47.471961,-23.867741
Dysithamnus_mentalis,2010,58,,-46.016667,-23.033333
Dysithamnus_mentalis,2013,55.6,,-54.487792,-25.619635
Dysithamnus_mentalis,2006,66,,-48.46,-23.29
Dysithamnus_mentalis,2013,57.2,,-54.487792,-25.619635
Dysithamnus_mentalis,2006,62,3.95,-51.952041,-23.893635
Dysithamnus_mentalis,1999,59,,-47.841667,-21.971667
Dysithamnus_mentalis,2015,58,6.3,-35.746496,-6.968757
Dysithamnus_mentalis,2012,60,,-49.403256,-28.600583
Dysithamnus_mentalis,2010,,,-48.433333,-23.266667
Dysithamnus_mentalis,2006,64,5.9,-35.177922,-6.725132
Dysithamnus_mentalis,2016,56,5,-35.746496,-6.968757
Dysithamnus_mentalis,2000,59.78,8.73,-35.864361,-8.98225
Dysithamnus_mentalis,2003,59.1,,-48.541493,-25.587558
Dysithamnus_mentalis,2010,56,,-48.433333,-23.266667
Dysithamnus_mentalis,2016,55,6.2,-49.076722,-22.775
Dysithamnus_mentalis,1997,61,4.8,-44.204194,-23.183073
Dysithamnus_mentalis,2007,,,-47.405913,-23.96164
Dysithamnus_mentalis,2008,60,9.3,-34.973484,-6.550309
Dysithamnus_mentalis,2005,58,,-46.028,-22.977
Dysithamnus_mentalis,2014,55.7,,-54.487792,-25.619635
Dysithamnus_mentalis,2015,54.6,,-54.487792,-25.619635
Dysithamnus_mentalis,2001,57.7,7.1,-48.512518,-27.531353
Dysithamnus_mentalis,2005,63,,-45.982,-23.633
Dysithamnus_mentalis,2013,59.1,,-44.41,-19.8886
Dysithamnus_mentalis,2014,52.2,,-54.487792,-25.619635
Dysithamnus_mentalis,2013,58,,-49.405145,-28.599546
Dysithamnus_mentalis,1999,60,,-47.841667,-21.971667
Dysithamnus_mentalis,2010,63,9.1,-34.973484,-6.550309
Dysithamnus_mentalis,2006,62,,-46.400954,-23.843052
Dysithamnus_mentalis,2011,56.3,6,-36.405802,-8.20199
Dysithamnus_mentalis,2006,,,-47.460382,-23.851281
Dysithamnus_mentalis,2005,,,-47.452334,-23.920014
Dysithamnus_mentalis,2011,58.3,,-54.487792,-25.619635
Dysithamnus_mentalis,2006,,,-48.46,-23.29
Dysithamnus_mentalis,2010,,,-43.8861,-20.1094
Dysithamnus_mentalis,2005,,,-47.475802,-23.851386
Dysithamnus_mentalis,2010,60,,-48.433333,-23.266667
Dysithamnus_mentalis,2015,51,,-51.2525,-23.4425
Dysithamnus_mentalis,2009,54,,-48.433333,-23.266667
Dysithamnus_mentalis,2005,63,,-47.81,-23.95
Dysithamnus_mentalis,2010,56,5.9,-35.746496,-6.968757
Dysithamnus_mentalis,1999,,5.1,-48.364722,-24.304722
Dysithamnus_mentalis,2007,53.9,,-48.541493,-25.587558
Dysithamnus_mentalis,2007,,,-47.443783,-23.867903
Dysithamnus_mentalis,2005,,,-47.449741,-23.843869
Dysithamnus_mentalis,2002,56.6,,-48.541493,-25.587558
Dysithamnus_mentalis,2013,58,,-35.177922,-6.725132
Dysithamnus_mentalis,2015,57,6,-35.746496,-6.968757
Dysithamnus_mentalis,1996,59,,-44.202778,-23.175
Dysithamnus_mentalis,2016,68,,-49.672487,-22.37698
Dysithamnus_mentalis,2010,,,-48.433333,-23.266667
Dysithamnus_mentalis,2010,60,4.4,-35.746496,-6.968757
Dysithamnus_mentalis,2017,57,11.5,-35.746496,-6.968757
Dysithamnus_mentalis,2004,,,-43.75,-20.85
Dysithamnus_mentalis,2014,56,,-48.541493,-25.587558
Dysithamnus_mentalis,2006,,,-47.46575,-23.903054
Dysithamnus_mentalis,2009,54,3.87,-48.054843,-20.091019
Dysithamnus_mentalis,2008,55,4.71,-48.054843,-20.091019
Dysithamnus_mentalis,2012,59,,-51.136167,-27.7955
Dysithamnus_mentalis,2007,65,3.7,-44.202778,-23.175
Dysithamnus_mentalis,2005,44.1,,-49.248873,-25.956569
Dysithamnus_mentalis,2007,,,-47.405913,-23.96164
Dysithamnus_mentalis,2016,58.9,,-48.541493,-25.587558
Dysithamnus_mentalis,2006,,,-47.471961,-23.867741
Dysithamnus_mentalis,2013,56.3,,-54.487792,-25.619635
Dysithamnus_mentalis,2008,51.1,,-48.541493,-25.587558
Dysithamnus_mentalis,2001,58,7,-48.812205,-27.768275
Dysithamnus_mentalis,2013,60,,-35.08559,-6.805421
Dysithamnus_mentalis,2011,59,8.9,-50.6967,-24.1431
Dysithamnus_mentalis,2017,55,5.6,-49.398056,-22.530694
Dysithamnus_mentalis,1996,61,4.7,-44.202778,-23.175
Dysithamnus_mentalis,2013,60,8.2,-50.6967,-24.1431
Dysithamnus_mentalis,2000,59.91,8.37,-35.864361,-8.98225
Dysithamnus_mentalis,2001,57.5,6.7,-48.810668,-27.73223
Dysithamnus_mentalis,2016,57,,-49.672487,-22.37698
Dysithamnus_mentalis,2005,,,-47.446516,-23.833638
Dysithamnus_mentalis,2016,64,6,-35.746496,-6.968757
Dysithamnus_mentalis,2001,57.3,7.1,-48.810668,-27.73223
Dysithamnus_mentalis,2008,60,4.64,-48.054843,-20.091019
Dysithamnus_mentalis,2008,60,4.7,-48.054843,-20.091019
Dysithamnus_mentalis,2006,,,-47.480381,-23.876407
Dysithamnus_mentalis,2000,58.69,8.57,-35.864361,-8.98225
Dysithamnus_mentalis,2010,57,,-48.573806,-27.426111
Dysithamnus_mentalis,2005,61,,-43.787333,-22.370933
Dysithamnus_mentalis,2006,,,-47.480381,-23.876407
Dysithamnus_mentalis,2005,,,-47.480162,-23.913781
Dysithamnus_mentalis,2009,,,-44.4336,-20.1306
Dysithamnus_mentalis,2008,61,3.89,-48.054843,-20.091019
Dysithamnus_mentalis,2005,57,,-45.982,-23.633
Dysithamnus_mentalis,2005,56,,-46.028,-22.977
Dysithamnus_mentalis,2008,54,,-48.541493,-25.587558
Dysithamnus_mentalis,2001,57.4,7,-48.812205,-27.768275
Dysithamnus_mentalis,2010,58,7,-35.746496,-6.968757
Dysithamnus_mentalis,2001,55.6,8.4,-48.52396,-27.71722
Dysithamnus_mentalis,2007,55,4.11,-48.054843,-20.091019
Dysithamnus_mentalis,2004,,,-43.75,-20.85
Dysithamnus_mentalis,2009,61,10.1,-34.973484,-6.550309
Dysithamnus_mentalis,2004,56.5,,-48.541493,-25.587558
Dysithamnus_mentalis,2010,60,8.6,-35.746496,-6.968757
Dysithamnus_mentalis,2005,60,,-46.02,-23.039
Dysithamnus_mentalis,2013,56,,-35.177922,-6.725132
Dysithamnus_mentalis,2006,,,-47.480162,-23.913781
Dysithamnus_mentalis,2005,,,-47.480162,-23.913781
Dysithamnus_mentalis,2009,,,-44.4336,-20.1306
Dysithamnus_mentalis,2010,62,,-48.433333,-23.266667
Dysithamnus_mentalis,2006,,,-47.436016,-23.880844
Dysithamnus_mentalis,2013,46,,-47.012778,-23.964444
Dysithamnus_mentalis,2007,,,-47.436016,-23.880844
Dysithamnus_mentalis,2006,58,,-45.982,-23.633
Dysithamnus_mentalis,2006,,,-47.460399,-23.88904
Dysithamnus_mentalis,2008,61,9.2,-34.973484,-6.550309
Dysithamnus_mentalis,2017,66,9.7,-35.746496,-6.968757
Dysithamnus_mentalis,2007,51,8.4,-35.884722,-9.216667
Dysithamnus_mentalis,2012,65,,-35.08559,-6.805421
Dysithamnus_mentalis,2006,,,-47.471961,-23.867741
Dysithamnus_mentalis,2013,57,,-54.487792,-25.619635
Dysithamnus_mentalis,2012,59,,-35.177922,-6.725132
Dysithamnus_mentalis,2004,,,-43.75,-20.85
Dysithamnus_mentalis,2009,61,9,-49.333333,-27.35
Dysithamnus_mentalis,2015,55.8,,-54.487792,-25.619635
Dysithamnus_mentalis,2010,60,,-48.433333,-23.266667
Dysithamnus_mentalis,2009,61,7.2,-49.25,-27.116667
Dysithamnus_mentalis,2009,68,,-48.433333,-23.266667
Dysithamnus_mentalis,2000,59,,-47.841667,-21.971667
Dysithamnus_mentalis,2016,60,7.9,-34.9445366915,-7.9938007267
Dysithamnus_mentalis,2012,59.4,5.9,-34.965648,-7.466816
Dysithamnus_mentalis,2017,90,4.7,-49.398056,-22.530694
Dysithamnus_mentalis,2010,63,9.7,-35.746496,-6.968757
Dysithamnus_mentalis,2015,51,6.3,-49.402289,-22.529975
Dysithamnus_mentalis,2013,60,,-35.08559,-6.805421
Dysithamnus_mentalis,2010,59,6,-35.746496,-6.968757
Dysithamnus_mentalis,2016,56.7,,-48.541493,-25.587558
Dysithamnus_mentalis,2016,57,,-49.672487,-22.37698
Dysithamnus_mentalis,2010,62,8.2,-35.746496,-6.968757
Dysithamnus_mentalis,2000,61.5,4.3,-49.221108,-25.951109
Dysithamnus_mentalis,2006,59,,-35.139925,-6.741965
Dysithamnus_mentalis,2017,54.1,,-48.541493,-25.587558
Dysithamnus_mentalis,2005,,,-47.446516,-23.833638
Dysithamnus_mentalis,2013,54,,-50.851889,-28.031444
Dysithamnus_mentalis,2000,60,4.3,-49.281345,-25.659151
Dysithamnus_mentalis,2006,,,-46.028,-22.977
Dysithamnus_mentalis,2001,56.2,6.6,-48.474789,-27.585696
Dysithamnus_mentalis,2016,57,7,-35.746496,-6.968757
Dysithamnus_mentalis,2005,62,,-47.684,-23.915
Dysithamnus_mentalis,2008,59,8.75,-34.973484,-6.550309
Dysithamnus_mentalis,2006,,,-47.436016,-23.880844
Dysithamnus_mentalis,2010,58,,-48.433333,-23.266667
Dysithamnus_mentalis,2000,,5,-48.364722,-24.304722
Dysithamnus_mentalis,2006,,,-47.449741,-23.843869
Dysithamnus_mentalis,2010,,,-43.9372,-20.2903
Dysithamnus_mentalis,2001,57.8,6.7,-48.810668,-27.73223
Dysithamnus_mentalis,2014,56.5,,-48.541493,-25.587558
Dysithamnus_mentalis,2006,,,-47.436016,-23.880844
Dysithamnus_mentalis,2015,54,,-46.369417,-23.842417
Dysithamnus_mentalis,2009,,,-44.3525,-20.1289
Dysithamnus_mentalis,2002,,6.5,-48.40777778,-24.278333
Dysithamnus_mentalis,2005,60,,-48.46,-23.29
Dysithamnus_mentalis,2010,55,,-48.433333,-23.266667
Dysithamnus_mentalis,2006,,,-47.460382,-23.851281
Dysithamnus_mentalis,2005,,,-47.475802,-23.851386
Dysithamnus_mentalis,2008,,,-48.3697,-18.7033
Dysithamnus_mentalis,2008,61,4.31,-48.054843,-20.091019
Dysithamnus_mentalis,1999,59.28,8.85,-35.505556,-7.588889
Dysithamnus_mentalis,2006,,,-51.952041,-23.893635
Dysithamnus_mentalis,2005,,,-47.449741,-23.843869
Dysithamnus_mentalis,2016,55.1,,-48.541493,-25.587558
Dysithamnus_mentalis,2015,53.5,,-54.487792,-25.619635
Dysithamnus_mentalis,2011,55.52,,-35.879097,-9.218164
Dysithamnus_mentalis,2010,,,-48.433333,-23.266667
Dysithamnus_mentalis,2010,59,5.8,-50.6967,-24.1431
Dysithamnus_mentalis,1999,58.72,9.19,-35.505556,-7.588889
Dysithamnus_mentalis,2015,,,-47.245302,-24.06865
Dysithamnus_mentalis,2011,59.45,6.4,-36.405802,-8.20199
Dysithamnus_mentalis,2016,63,6.1,-35.746496,-6.968757
Dysithamnus_mentalis,2016,58,9.1,-34.9418676147,-8.0024407527
Dysithamnus_mentalis,2006,,,-47.480162,-23.913781
Dysithamnus_mentalis,2006,,,-47.460399,-23.88904
Dysithamnus_mentalis,1999,56.34,7.41,-35.833611,-8.710278
Dysithamnus_mentalis,2006,,,-47.46575,-23.903054
Dysithamnus_mentalis,1996,59,,-44.202778,-23.175
Dysithamnus_mentalis,2013,57.4,,-44.41,-19.8886
Dysithamnus_mentalis,2002,60.3,,-44.850694,-23.358056
Dysithamnus_mentalis,2007,59,9.8,-35.884722,-9.216667
Dysithamnus_mentalis,1997,63,4.5,-44.204194,-23.183073
Dysithamnus_mentalis,2016,58,,-49.672487,-22.37698
Dysithamnus_mentalis,2000,57.94,7.72,-35.864361,-8.98225
Dysithamnus_mentalis,2005,,,-47.480162,-23.913781
Dysithamnus_mentalis,2013,56.8,,-54.487792,-25.619635
Dysithamnus_mentalis,2005,,,-47.449741,-23.843869
Dysithamnus_mentalis,2015,,,-46.340917,-23.855861
Dysithamnus_mentalis,2006,,,-47.460382,-23.851281
Dysithamnus_mentalis,1996,57,4.5,-44.202778,-23.175
Dysithamnus_mentalis,2009,61,3.92,-48.054843,-20.091019
Dysithamnus_mentalis,2016,60,,-49.672487,-22.37698
Dysithamnus_mentalis,2014,55.8,,-54.487792,-25.619635
Dysithamnus_mentalis,2015,61,,-35.746496,-6.968757
Dysithamnus_mentalis,2012,,,-35.177922,-6.725132
Dysithamnus_mentalis,2015,60,,-46.509514,-23.977439
Dysithamnus_mentalis,2010,,,-48.433333,-23.266667
Dysithamnus_mentalis,2017,58,9.4,-35.746496,-6.968757
Dysithamnus_mentalis,2008,53.9,,-48.541493,-25.587558
Dysithamnus_mentalis,2009,57,8.8,-52.766667,-27.133333
Dysithamnus_mentalis,2012,57,,-35.177922,-6.725132
Dysithamnus_mentalis,2006,,,-47.446516,-23.833638
Dysithamnus_mentalis,2017,60,5.5,-49.398056,-22.530694
Dysithamnus_mentalis,2013,60,,-35.177922,-6.725132
Dysithamnus_mentalis,2014,55,,-54.487792,-25.619635
Dysithamnus_mentalis,2006,,,-47.436016,-23.880844
Dysithamnus_mentalis,2009,59.5,,-48.433333,-23.266667
Dysithamnus_mentalis,2009,57,9.05,-34.973484,-6.550309
Dysithamnus_mentalis,2014,54.18,4.68,-48.34105,-25.14759
Dysithamnus_mentalis,1997,60,4.8,-44.204194,-23.183073
Dysithamnus_mentalis,2006,59,,-46.02,-23.039
Dysithamnus_mentalis,2000,52.6,5.9,-49.221108,-25.951109
Dysithamnus_mentalis,2006,,,-47.480381,-23.876407
Dysithamnus_mentalis,2005,,,-47.449741,-23.843869
Dysithamnus_mentalis,2006,,,-47.480381,-23.876407
Dysithamnus_mentalis,2009,,,-44.4336,-20.1306
Dysithamnus_mentalis,2010,62,10.6,-50.6973,-24.1445
Dysithamnus_mentalis,2013,61,,-49.671408,-28.649798
Dysithamnus_mentalis,2007,,,-35.884722,-9.216667
Dysithamnus_mentalis,2016,59,6,-35.746496,-6.968757
Dysithamnus_mentalis,2008,,,-48.3697,-18.7033
Dysithamnus_mentalis,2001,58,9.8,-42.38333,-22.5
Dysithamnus_mentalis,1999,,,-48.364722,-24.304722
Dysithamnus_mentalis,2012,54,,-49.403256,-28.600583
Dysithamnus_mentalis,2002,,5,-48.40777778,-24.278333
Dysithamnus_mentalis,2010,54,6.4,-35.746496,-6.968757
Dysithamnus_mentalis,2010,61,8.2,-35.746496,-6.968757
Dysithamnus_mentalis,2012,,,-48.992205,-25.49548
Dysithamnus_mentalis,2006,,,-47.396673,-23.947513
Dysithamnus_mentalis,2010,,,-43.9372,-20.2903
Dysithamnus_mentalis,2007,,9.8,-35.884722,-9.216667
Dysithamnus_mentalis,2002,57.6,,-48.541493,-25.587558
Dysithamnus_mentalis,1999,60.61,8.31,-35.833611,-8.710278
Dysithamnus_mentalis,2006,60,,-47.81,-23.95
Dysithamnus_mentalis,2004,58,7.7,-42.98,-22.41
Dysithamnus_mentalis,2007,57.3,8.5,-35.884722,-9.216667
Dysithamnus_mentalis,2016,55.7,,-48.541493,-25.587558
Dysithamnus_mentalis,2009,59.5,8.8,-34.973484,-6.550309
Dysithamnus_mentalis,2006,57,7.5,-35.177922,-6.725132
Dysithamnus_mentalis,2001,,,-48.40777778,-24.278333
Dysithamnus_mentalis,2017,57,,-48.4981,-27.4756
Dysithamnus_mentalis,2008,72,4.57,-48.918185,-21.220465
Dysithamnus_mentalis,2010,59,7.4,-35.746496,-6.968757
Dysithamnus_mentalis,2010,56,6.3,-35.746496,-6.968757
Dysithamnus_mentalis,2009,,,-44.4336,-20.1306
Dysithamnus_mentalis,2012,,6.7,-47.949986,-24.16386
Dysithamnus_mentalis,2018,62,5.7,-49.402289,-22.529975
Dysithamnus_mentalis,2000,58,6.6,-49.221108,-25.951109
Dysithamnus_mentalis,2010,,,-48.433333,-23.266667
Dysithamnus_mentalis,2016,,9.17,-47.5985,-22.21679
Dysithamnus_mentalis,2006,,,-47.452334,-23.920014
Dysithamnus_mentalis,2001,62,4.1,-49.221108,-25.951109
Dysithamnus_mentalis,2013,55.6,,-54.487792,-25.619635
Dysithamnus_mentalis,2006,56,,-47.81,-23.95
Dysithamnus_mentalis,2010,50,8.9,-52.766667,-27.133333
Dysithamnus_mentalis,2006,,,-47.449741,-23.843869
Dysithamnus_mentalis,2017,57.2,,-48.541493,-25.587558
Dysithamnus_mentalis,2001,59.7,6.6,-48.52396,-27.71722
Dysithamnus_mentalis,2006,,,-47.48322,-23.886254
Dysithamnus_mentalis,2006,,,-46.028,-22.977
Dysithamnus_mentalis,2006,,,-47.436016,-23.880844
Dysithamnus_mentalis,2000,60,7.4,-49.221108,-25.951109
Dysithamnus_mentalis,2006,,,-47.475802,-23.851386
Dysithamnus_mentalis,2006,,,-41.733333,-20.483333
Dysithamnus_mentalis,2006,,,-47.460382,-23.851281
Dysithamnus_mentalis,2002,53.8,,-48.541493,-25.587558
Dysithamnus_mentalis,2012,60,,-35.08559,-6.805421
Dysithamnus_mentalis,2010,56,,-48.433333,-23.266667
Dysithamnus_mentalis,2006,,,-47.449741,-23.843869
Dysithamnus_mentalis,2009,61,9.3,-34.973484,-6.550309
Dysithamnus_mentalis,2007,,,-47.460399,-23.88904
Dysithamnus_mentalis,2010,60.5,,-48.433333,-23.266667
Dysithamnus_mentalis,2010,58,,-48.433333,-23.266667
Dysithamnus_mentalis,2006,,,-47.452334,-23.920014
Dysithamnus_mentalis,2012,61,,-51.136167,-27.7955
Dysithamnus_mentalis,2006,59,,-48.46,-23.29
Dysithamnus_mentalis,2015,55,5.9,-35.746496,-6.968757
Dysithamnus_mentalis,2012,57.3,6.5,-34.965648,-7.466816
Dysithamnus_mentalis,2014,59,,-49.671408,-28.649798
Dysithamnus_mentalis,2005,,,-45.982,-23.633
Dysithamnus_mentalis,2014,55,,-49.671408,-28.649798
Dysithamnus_mentalis,2008,63,3.92,-48.054843,-20.091019
Dysithamnus_mentalis,2009,61,8.95,-34.973484,-6.550309
Dysithamnus_mentalis,2017,59.6,,-48.541493,-25.587558
Dysithamnus_mentalis,2014,,,-43.4714,-19.9975
Dysithamnus_mentalis,2006,,,-47.46575,-23.903054
Dysithamnus_mentalis,2013,57,,-50.851889,-28.031444
Dysithamnus_mentalis,2010,65,8,-35.746496,-6.968757
Dysithamnus_mentalis,2017,57,9.5,-34.9418676147,-8.0024407527
Dysithamnus_mentalis,2006,57,,-47.81,-23.95
Dysithamnus_mentalis,2006,60,4,-35.177922,-6.725132
Dysithamnus_mentalis,2001,54.4,6.7,-48.812205,-27.768275
Dysithamnus_mentalis,2006,,,-47.469706,-23.918526
Dysithamnus_mentalis,2007,60,8.1,-35.884722,-9.216667
Dysithamnus_mentalis,2005,,,-47.475802,-23.851386
Dysithamnus_mentalis,1999,,,-48.364722,-24.304722
Dysithamnus_mentalis,2006,,,-47.449741,-23.843869
Dysithamnus_mentalis,2015,58.6,,-54.487792,-25.619635
Dysithamnus_mentalis,2010,61,6.6,-35.746496,-6.968757
Dysithamnus_mentalis,2010,55,,-48.573806,-27.426111
Dysithamnus_mentalis,2008,,,-48.3697,-18.7033
Dysithamnus_mentalis,2012,53.2,,-48.541493,-25.587558
Dysithamnus_mentalis,2000,59.72,9.54,-35.864361,-8.98225
Dysithamnus_mentalis,2005,,,-47.446516,-23.833638
Dysithamnus_mentalis,2010,55,,-48.433333,-23.266667
Dysithamnus_mentalis,2006,,,-47.480381,-23.876407
Dysithamnus_mentalis,2000,56.2,7.3,-49.221108,-25.951109
Dysithamnus_mentalis,2010,53,6.9,-35.746496,-6.968757
Dysithamnus_mentalis,2014,54,,-54.487792,-25.619635
Dysithamnus_mentalis,2005,59,,-47.81,-23.95
Dysithamnus_mentalis,2016,64,6.6,-35.746496,-6.968757
Dysithamnus_mentalis,2015,63,6.2,-35.746496,-6.968757
Dysithamnus_mentalis,2006,,,-47.46575,-23.903054
Dysithamnus_mentalis,2015,60,7.4,-35.746496,-6.968757
Dysithamnus_mentalis,2012,,,-35.08559,-6.805421
Dysithamnus_mentalis,2010,58,,-48.541493,-25.587558
Dysithamnus_mentalis,2012,,6.4,-47.949986,-24.16386
Dysithamnus_mentalis,2000,60,4.2,-49.221108,-25.951109
Dysithamnus_mentalis,2015,55,5.6,-41.02029722,-20.39838889
Dysithamnus_mentalis,2013,58,,-54.487792,-25.619635
Dysithamnus_mentalis,2013,61,,-50.901139,-28.007167
Dysithamnus_mentalis,1999,,,-48.364722,-24.304722
Dysithamnus_mentalis,2006,60,,-47.81,-23.95
Dysithamnus_mentalis,2005,56.1,,-48.541493,-25.587558
Dysithamnus_mentalis,2010,60,6,-35.746496,-6.968757
Dysithamnus_mentalis,2006,,,-47.436016,-23.880844
Dysithamnus_mentalis,2006,,,-47.471961,-23.867741
Dysithamnus_mentalis,2015,58,7.2,-35.746496,-6.968757
Dysithamnus_mentalis,2006,,,-47.449187,-23.854583
Dysithamnus_mentalis,2012,56,,-50.6967,-24.1431
Dysithamnus_mentalis,2015,68,15.2,-35.746496,-6.968757
Dysithamnus_mentalis,2006,61,,-47.81,-23.95
Dysithamnus_mentalis,2017,65,7.2,-35.746496,-6.968757
Dysithamnus_mentalis,2013,60.8,,-44.41,-19.8886
Dysithamnus_mentalis,2006,,,-47.475802,-23.851386
Dysithamnus_mentalis,2001,,6.5,-48.40777778,-24.278333
Dysithamnus_mentalis,2014,52.5,,-48.541493,-25.587558
Dysithamnus_mentalis,2007,,,-47.405913,-23.96164
Dysithamnus_mentalis,2010,53,,-48.433333,-23.266667
Dysithamnus_mentalis,2006,,,-47.46575,-23.903054
Dysithamnus_mentalis,2007,,,-45.516668,-23.1
Dysithamnus_mentalis,2003,55.3,,-48.541493,-25.587558
Dysithamnus_mentalis,2009,,,-44.4336,-20.1306
Dysithamnus_mentalis,2005,56,,-45.982,-23.633
Dysithamnus_mentalis,2013,62,,-35.177922,-6.725132
Dysithamnus_mentalis,2001,57.8,6.9,-48.512518,-27.531353
Dysithamnus_mentalis,2010,,,-48.433333,-23.266667
Dysithamnus_mentalis,2015,,,-47.198404,-24.045634
Dysithamnus_mentalis,2006,51.4,,-48.541493,-25.587558
Dysithamnus_mentalis,2007,60,4.05,-48.918185,-21.220465
Dysithamnus_mentalis,2007,,,-47.460382,-23.851281
Dysithamnus_mentalis,2012,65,5.6,-47.949986,-24.16386
Dysithamnus_mentalis,2003,57,,-48.541493,-25.587558
Dysithamnus_mentalis,2007,54.7,,-48.541493,-25.587558
Dysithamnus_mentalis,2016,65,,-49.672487,-22.37698
Dysithamnus_mentalis,2015,55,,-46.340917,-23.855861
Dysithamnus_mentalis,2013,57,,-50.901139,-28.007167
Dysithamnus_mentalis,2015,58,,-35.746496,-6.968757
Dysithamnus_mentalis,2011,,,-43.8683,-20.1614
Dysithamnus_mentalis,2002,54.2,,-48.541493,-25.587558
Dysithamnus_mentalis,2006,,,-47.475802,-23.851386
Dysithamnus_mentalis,1996,,,-44.202778,-23.175
Dysithamnus_mentalis,2010,56,,-48.433333,-23.266667
Dysithamnus_mentalis,1991,,,-53.95,-27.25
Dysithamnus_mentalis,2010,59,,-48.573806,-27.426111
Dysithamnus_mentalis,2006,,,-47.436016,-23.880844
Dysithamnus_mentalis,2001,61.5,4,-49.221108,-25.951109
Dysithamnus_mentalis,2014,55.3,,-48.541493,-25.587558
Dysithamnus_mentalis,2010,61,,-48.433333,-23.266667
Dysithamnus_mentalis,2012,61,9.9,-50.6967,-24.1431
Dysithamnus_mentalis,2017,54.1,,-48.541493,-25.587558
Dysithamnus_mentalis,2013,60,,-54.487792,-25.619635
Dysithamnus_mentalis,2006,,,-47.471961,-23.867741
Dysithamnus_mentalis,2007,,,-47.453913,-23.907938
Dysithamnus_mentalis,2010,58,4.6,-35.746496,-6.968757
Dysithamnus_mentalis,2012,,,-48.992205,-25.49548
Dysithamnus_mentalis,2002,57.2,,-48.541493,-25.587558
Dysithamnus_mentalis,2011,,,-43.3231,-18.8947
Dysithamnus_mentalis,2017,55,,-48.541493,-25.587558
Dysithamnus_mentalis,2006,,,-41.003333,-20.4
Dysithamnus_mentalis,2016,,,-44.175,-21.9997
Dysithamnus_mentalis,2008,,,-48.3697,-18.7033
Dysithamnus_mentalis,2014,55.7,,-54.487792,-25.619635
Dysithamnus_mentalis,1999,57.26,8.99,-35.505556,-7.618056
Dysithamnus_mentalis,2007,58.5,,-34.957101,-6.991604
Dysithamnus_mentalis,2016,,,-44.175,-21.9997
Dysithamnus_mentalis,2001,57.4,6.6,-48.474789,-27.585696
Dysithamnus_mentalis,2015,61,5.7,-49.402289,-22.529975
Dysithamnus_mentalis,2008,60,4.42,-48.054843,-20.091019
Dysithamnus_mentalis,2003,57,,-48.541493,-25.587558
Dysithamnus_mentalis,2007,,,-47.377344,-23.957743
Dysithamnus_mentalis,2012,60,,-49.405145,-28.599546
Dysithamnus_mentalis,2013,56,,-49.671408,-28.649798
Dysithamnus_mentalis,2006,,,-47.475802,-23.851386
Dysithamnus_mentalis,2010,53,,-48.573806,-27.426111
Dysithamnus_mentalis,2004,,,-48.541493,-25.587558
Dysithamnus_mentalis,2006,,,-47.460399,-23.88904
Dysithamnus_mentalis,2013,,,-48.992205,-25.49548
Dysithamnus_mentalis,2001,57.4,7.2,-48.512518,-27.531353
Dysithamnus_mentalis,2015,59,12,-35.746496,-6.968757
Dysithamnus_mentalis,1999,59,,-47.841667,-21.971667
Dysithamnus_mentalis,1997,61,4.3,-44.202778,-23.175
Dysithamnus_mentalis,2010,59,11.6,-35.746496,-6.968757
Dysithamnus_mentalis,1999,,,-48.364722,-24.304722
Dysithamnus_mentalis,2015,62,11,-35.746496,-6.968757
Dysithamnus_mentalis,2012,,,-50.6967,-24.1431
Dysithamnus_mentalis,2005,,,-47.453913,-23.907938
Dysithamnus_mentalis,2010,59,,-48.433333,-23.266667
Dysithamnus_mentalis,2016,55,6.1,-35.746496,-6.968757
Dysithamnus_mentalis,2010,,,-48.433333,-23.266667
Dysithamnus_mentalis,2017,58,,-48.4981,-27.4756
Dysithamnus_mentalis,2012,55,9,-47.205,-22.671111
Dysithamnus_mentalis,2005,,,-47.449741,-23.843869
Xiphorhynchus_fuscus,2002,80,11.8,-49.15,-27.016667
Xiphorhynchus_fuscus,2010,,,-42.9067,-21.9606
Xiphorhynchus_fuscus,2009,78,8.8,-52.766667,-27.133333
Xiphorhynchus_fuscus,2001,75.7,9.7,-48.810668,-27.73223
Xiphorhynchus_fuscus,2002,79,10.6,-49.15,-27.016667
Xiphorhynchus_fuscus,2015,76,8.4,-41.02029722,-20.39838889
Xiphorhynchus_fuscus,2006,,,-47.480162,-23.913781
Xiphorhynchus_fuscus,2011,,,-43.5067,-20.08
Xiphorhynchus_fuscus,2006,,,-47.436016,-23.880844
Xiphorhynchus_fuscus,2004,75,11.1,-49.15,-27.016667
Xiphorhynchus_fuscus,2006,71,10.5,-49.08526,-26.88302
Xiphorhynchus_fuscus,2011,,,-42.8764,-21.9108
Xiphorhynchus_fuscus,2000,90.08,9.41,-35.864361,-8.98225
Xiphorhynchus_fuscus,2000,93.77,11.04,-35.864361,-8.98225
Xiphorhynchus_fuscus,1999,93.74,10.02,-35.833611,-8.710278
Xiphorhynchus_fuscus,2012,91.5,9.9,-35.712064,-8.545119
Xiphorhynchus_fuscus,2011,83.55,9.25,-36.405802,-8.20199
Xiphorhynchus_fuscus,2012,85.8,10,-34.965648,-7.466816
Xiphorhynchus_fuscus,2011,88.3,10.45,-36.405802,-8.20199
Xiphorhynchus_fuscus,2000,87.78,10.27,-35.864361,-8.98225
Xiphorhynchus_fuscus,2000,93.85,9.62,-35.864361,-8.98225
Xiphorhynchus_fuscus,2002,88.97,9.78,-35.050111,-8.239361
Xiphorhynchus_fuscus,2012,93,10.1,-35.715593,-8.515442
Xiphorhynchus_fuscus,2011,,,-43.8683,-20.1614
Xiphorhynchus_fuscus,2015,,,-43.5067,-20.08
Xiphorhynchus_fuscus,2010,,,-43.5103,-20.1536
Xiphorhynchus_fuscus,2005,110,18.9,-49.066667,-27
Xiphorhynchus_fuscus,2011,,,-43.5067,-20.08
Xiphorhynchus_fuscus,2015,,,-43.5067,-20.08
Xiphorhynchus_fuscus,2009,,,-43.5103,-20.1536
Xiphorhynchus_fuscus,2011,,,-42.8764,-21.9108
Xiphorhynchus_fuscus,2008,,,-43.4381,-20.2067
Xiphorhynchus_fuscus,2008,,,-43.4381,-20.2067
Xiphorhynchus_fuscus,2011,,,-43.8683,-20.1614
Xiphorhynchus_fuscus,2011,,,-43.5067,-20.08
Xiphorhynchus_fuscus,2000,93.39,10.27,-35.864361,-8.98225
Xiphorhynchus_fuscus,2000,92.45,10.04,-35.864361,-8.98225
Xiphorhynchus_fuscus,2008,,,-43.4381,-20.2067
Turdus_flavipes,2012,121,12.9,-47.949986,-24.16386
Turdus_flavipes,2013,,,-48.992205,-25.49548
Turdus_flavipes,1998,105,12.8,-49.066667,-26.9
Turdus_flavipes,2014,110,15,-49.066667,-26.9
Turdus_flavipes,2013,,,-35.18,-5.92
Turdus_flavipes,2004,101,12.5,-42.98,-22.41
Turdus_flavipes,2006,101.7,9.7,-49.066667,-26.9
Turdus_flavipes,2016,117.2,,-44.4344,-19.8686
Turdus_flavipes,2006,,,-41.003333,-20.4
Turdus_flavipes,2015,106,14.5,-49.066667,-26.9
Turdus_flavipes,2006,106,,-48.541493,-25.587558
Turdus_flavipes,2006,112,,-47.81,-23.95
Turdus_flavipes,2013,103,13,-49.066667,-26.9
Turdus_flavipes,2009,113.6,,-49.356283,-25.583954
Turdus_flavipes,2012,120,14.5,-47.949986,-24.16386
Turdus_flavipes,2012,116,12.2,-47.949986,-24.16386
Turdus_flavipes,2011,,,-35.18,-5.92
Turdus_flavipes,2013,,,-35.18,-5.92
Turdus_flavipes,2004,,,-42.2,-20.566667
Turdus_flavipes,2005,119,6.7,-44.120167,-22.990433
Turdus_flavipes,2015,109.94,,-48.981171,-25.49618
Turdus_flavipes,2012,116,,-49.403256,-28.600583
Turdus_flavipes,2004,106.4,,-48.541493,-25.587558
Turdus_flavipes,2015,,,-43.5067,-20.08
Turdus_flavipes,2013,,,-35.18,-5.92
Turdus_flavipes,2007,116,11.1,-49.066667,-26.9
Turdus_flavipes,2000,130,25.8,-49.05,-26.866667
Turdus_flavipes,2004,108,11.5,-42.98,-22.41
Turdus_flavipes,2016,116,,-48.658873,-25.291068
Turdus_flavipes,2010,118,15.5,-48.633333,-26.233333
Turdus_flavipes,2004,112,8.1,-42.737667,-22.4084
Turdus_flavipes,2013,,,-35.18,-5.92
Turdus_flavipes,2000,,9.3,-48.416666,-24.316666
Turdus_flavipes,2003,114,7.1,-44.202778,-23.175
Turdus_flavipes,2011,,,-35.18,-5.92
Turdus_flavipes,2014,115,14.3,-49.083333,-26.916667
Turdus_flavipes,2014,111,,-49.671408,-28.649798
Turdus_flavipes,2017,,,-50.186006,-29.499814
Turdus_flavipes,2003,110,7.9,-44.202778,-23.175
Turdus_flavipes,2016,85,,-50.18545,-29.491353
Turdus_flavipes,1997,110,12.5,-48.9,-27.133333
Turdus_flavipes,2013,,,-35.18,-5.92
Turdus_flavipes,2012,113,13.75,-47.949986,-24.16386
Turdus_flavipes,1998,104.3,,-48.422847,-25.356797
Turdus_flavipes,2010,108,10.6,-49.066667,-26.9
Turdus_flavipes,2000,,10.2,-48.416666,-24.316666
Turdus_flavipes,2015,112,12,-49.103054,-26.885886
Turdus_flavipes,2013,115,,-49.671408,-28.649798
Turdus_flavipes,2014,112,14,-49.066667,-26.9
Turdus_flavipes,2001,113.1,,-48.541493,-25.587558
Turdus_flavipes,2016,120,12,-49.066667,-26.9
Turdus_flavipes,2006,114,,-48.541493,-25.587558
Turdus_flavipes,2012,114,12.2,-47.949986,-24.16386
Turdus_flavipes,2015,109,14,-49.066667,-26.9
Turdus_flavipes,2001,111,11.6,-49.066667,-27
Turdus_flavipes,2010,118,13.7,-49.066667,-26.9
Turdus_flavipes,2012,112,12.9,-47.949986,-24.16386
Turdus_flavipes,2000,,9.5,-48.416666,-24.316666
Turdus_flavipes,2013,,,-35.18,-5.92
Turdus_flavipes,1998,113.1,,-48.422847,-25.356797
Turdus_flavipes,2010,117,9.7,-48.95,-26.916667
Turdus_flavipes,2016,84.5,,-50.18545,-29.491353
Turdus_flavipes,2004,130,9.4,-49.066667,-26.9
Turdus_flavipes,1997,107.3,,-48.422847,-25.356797
Turdus_flavipes,2012,120,11.3,-47.949986,-24.16386
Turdus_flavipes,1996,116,7.8,-44.204194,-23.183073
Turdus_flavipes,2006,106.4,,-48.541493,-25.587558
Turdus_flavipes,2014,,,-35.18,-5.92
Turdus_flavipes,2017,91.5,,-50.186006,-29.499814
Turdus_flavipes,2002,105,13.7,-49.066667,-26.9
Turdus_flavipes,2014,111,,-49.671408,-28.649798
Turdus_flavipes,2015,,,-43.5067,-20.08
Turdus_flavipes,2013,,,-35.18,-5.92
Turdus_flavipes,2012,117,15,-49.066667,-26.9
Turdus_flavipes,2001,109.5,11.5,-48.812205,-27.768275
Turdus_flavipes,2006,114.5,,-48.541493,-25.587558
Turdus_flavipes,2009,116,12.9,-49.066667,-26.9
Turdus_flavipes,2012,119,16,-49.066667,-26.9
Turdus_flavipes,2003,108,8.3,-44.202778,-23.175
Turdus_flavipes,2006,,,-47.449187,-23.854583
Turdus_flavipes,2014,,,-43.5336,-20.2597
Turdus_flavipes,2003,108,,-48.541493,-25.587558
Turdus_flavipes,2016,107.2,,-48.541493,-25.587558
Turdus_flavipes,2003,114,6.9,-44.202778,-23.175
Turdus_flavipes,2002,,15.1,-49.084214,-26.890728
Turdus_flavipes,2013,,,-35.18,-5.92
Turdus_flavipes,2017,108.3,,-48.541493,-25.587558
Turdus_flavipes,2012,113,12.2,-47.949986,-24.16386
Turdus_flavipes,2006,,,-47.46575,-23.903054
Turdus_flavipes,2002,120,15,-49.066667,-26.9
Turdus_flavipes,2007,,,-47.377344,-23.957743
Turdus_flavipes,2002,,15,-48.40777778,-24.278333
Turdus_flavipes,2013,,,-35.18,-5.92
Turdus_flavipes,2000,,9.6,-48.416666,-24.316666
Turdus_flavipes,2016,116,13,-49.066667,-26.9
Turdus_flavipes,2014,,,-35.18,-5.92
Turdus_flavipes,2014,,,-35.18,-5.92
Turdus_flavipes,2014,113,14,-49.066667,-26.9
Turdus_flavipes,2013,,,-48.992205,-25.49548
Turdus_flavipes,2006,,,-47.46575,-23.903054
Turdus_flavipes,1999,112,,-50.178935,-29.482103
Turdus_flavipes,2009,116,5.5,-42.047183,-22.435356
Turdus_flavipes,2006,,,-41.003333,-20.4
Turdus_flavipes,2003,115,14,-49.066667,-26.9
Turdus_flavipes,2013,,,-35.18,-5.92
Turdus_flavipes,2017,109.5,,-48.981171,-25.49618
Turdus_flavipes,2004,110,10.7,-42.98,-22.41
Turdus_flavipes,2001,108.7,,-48.541493,-25.587558
Turdus_flavipes,2016,110,7.6,-44.188333,-23.010833
Turdus_flavipes,2014,110,19.5,-49.066667,-26.9
Turdus_flavipes,2009,119,12.7,-49.084214,-26.890728
Turdus_flavipes,1997,121,9.6,-49.083333,-26.916667
Turdus_flavipes,2011,90,11.92,-39.47375,-12.86025
Turdus_flavipes,2015,108.2,,-48.541493,-25.587558
Turdus_flavipes,2012,114,13.6,-47.949986,-24.16386
Turdus_flavipes,2002,116,14.8,-49.066667,-26.9
Turdus_flavipes,2011,110,10,-49.066667,-26.9
Turdus_flavipes,2013,,,-48.992205,-25.49548
Turdus_flavipes,2016,110.4,,-48.664606,-25.283623
Turdus_flavipes,2004,111.9,,-49.356283,-25.583954
Turdus_flavipes,2012,105,,-49.403256,-28.600583
Turdus_flavipes,2006,106,,-48.541493,-25.587558
Turdus_flavipes,2013,111,,-49.671408,-28.649798
Turdus_flavipes,2016,92,,-50.18545,-29.491353
Turdus_flavipes,2009,110,13.4,-49.066667,-26.9
Turdus_flavipes,2000,,9.6,-48.416666,-24.316666
Turdus_flavipes,2005,107.7,8.3,-49.083333,-26.916667
Turdus_flavipes,2012,,,-48.992205,-25.49548
Turdus_flavipes,2011,112,15,-49.066667,-26.9
Turdus_flavipes,2013,111,13.7,-47.949986,-24.16386
Turdus_flavipes,2012,112,11.5,-47.949986,-24.16386
Turdus_flavipes,2000,,12.7,-48.416666,-24.316666
Turdus_flavipes,2002,115,13,-49.066667,-26.9
Turdus_flavipes,2006,108.7,,-48.541493,-25.587558
Turdus_flavipes,2001,110.9,11.5,-48.812205,-27.768275
Turdus_flavipes,2011,111,10,-49.066667,-26.9
Turdus_flavipes,2002,108.5,13.3,-45.427917,-23.593222
Turdus_flavipes,2013,,,-35.18,-5.92
Turdus_flavipes,2004,117,15,-49.066667,-26.9
Turdus_flavipes,2004,106,11.8,-42.98,-22.41
Turdus_flavipes,2003,116,7.7,-44.202778,-23.175
Turdus_flavipes,2015,,,-43.5067,-20.08
Turdus_flavipes,2006,,,-47.469706,-23.918526
Turdus_flavipes,2016,91,,-50.171519,-29.478818
Turdus_flavipes,2002,110,12,-49.066667,-26.9
Turdus_flavipes,2013,112,14,-49.066667,-26.9
Turdus_flavipes,2002,113,14.2,-49.066667,-26.9
Turdus_flavipes,2001,111,10.7,-48.512518,-27.531353
Turdus_flavipes,2012,114,11.8,-47.949986,-24.16386
Turdus_flavipes,2016,92,,-50.178935,-29.482103
Turdus_flavipes,2016,89,,-50.171519,-29.478818
Turdus_flavipes,2010,,,-40.431389,-20.605556
Turdus_flavipes,2017,110.2,,-48.642632,-25.28218
Turdus_flavipes,2006,,,-47.449187,-23.854583
Turdus_flavipes,1998,110,12.8,-49.066667,-26.9
Turdus_flavipes,2002,,14.6,-48.40777778,-24.278333
Turdus_flavipes,2013,115,12,-49.066667,-26.9
Turdus_flavipes,2010,112,12.8,-49.066667,-26.9
Turdus_flavipes,2013,,,-35.18,-5.92
Turdus_flavipes,2013,115,15,-49.066667,-26.9
Turdus_flavipes,2016,108,7.1,-44.188333,-23.010833
Turdus_flavipes,2000,,11.1,-49.083333,-27.05
Turdus_flavipes,2003,115,,-48.541493,-25.587558
Turdus_flavipes,2015,,,-43.5067,-20.08
Turdus_flavipes,2016,112,12,-49.083333,-26.9
Turdus_flavipes,2000,,9.5,-48.416666,-24.316666
Turdus_flavipes,2015,107.38,,-48.981171,-25.49618
Turdus_flavipes,2009,111,7.4,-42.047183,-22.435356
Turdus_flavipes,2015,104.68,,-48.981171,-25.49618
Turdus_flavipes,2017,84.5,,-50.178935,-29.482103
Turdus_flavipes,2017,108.1,,-48.541493,-25.587558
Turdus_flavipes,2009,108.5,,-48.541493,-25.587558
Turdus_flavipes,2013,,12.5,-47.949986,-24.16386
Turdus_flavipes,2015,107,,-48.981171,-25.49618
Turdus_flavipes,2006,108.8,,-47,-23.833333
Turdus_flavipes,2000,112,13.3,-49.066667,-26.9
Turdus_flavipes,2016,115,13,-49.066667,-26.9
Turdus_flavipes,2013,110,15,-49.066667,-27
Turdus_flavipes,2012,115,12.75,-47.949986,-24.16386
Turdus_flavipes,2013,115,12,-49.066667,-26.9
Turdus_flavipes,2017,91,,-50.178935,-29.482103
Turdus_flavipes,2006,,,-41.8,-20.41667
Turdus_flavipes,2016,110,13,-49.066667,-26.9
Turdus_flavipes,2002,113,13.5,-49.066667,-26.9
Turdus_flavipes,2016,88,,-50.178935,-29.482103
Turdus_flavipes,2013,112,6.78,-35.18,-5.92
Turdus_flavipes,2012,110,12.1,-47.949986,-24.16386
Turdus_flavipes,2016,104,,-48.664606,-25.283623
Turdus_flavipes,2012,118,,-49.403256,-28.600583
Turdus_flavipes,2008,115.6,,-48.541493,-25.587558
Turdus_flavipes,2007,107,10.2,-49.05,-26.866667
Turdus_flavipes,2013,111,11.5,-49.066667,-26.9
Turdus_flavipes,2013,,,-35.18,-5.92
Turdus_flavipes,2001,114.2,11,-48.810668,-27.73223
Turdus_flavipes,1998,112.6,,-48.422847,-25.356797
Turdus_flavipes,2013,,,-35.18,-5.92
Turdus_flavipes,2016,115,11.5,-49.066667,-26.9
Turdus_flavipes,2006,111.9,,-48.541493,-25.587558
Turdus_flavipes,2013,116,9.4,-49.066667,-26.9
Turdus_flavipes,2006,,,-47.405913,-23.96164
Turdus_flavipes,2013,,,-35.18,-5.92
Turdus_flavipes,2006,,,-47.46575,-23.903054
Turdus_flavipes,2006,,,-47.449187,-23.854583
Turdus_flavipes,2007,,,-47.396673,-23.947513
Turdus_flavipes,2003,115,7.7,-44.202778,-23.175
Turdus_flavipes,2005,115,7.2,-44.120167,-22.990433
Turdus_flavipes,2013,,,-35.18,-5.92
Turdus_flavipes,2003,117,7.8,-44.202778,-23.175
Turdus_flavipes,2009,114,11.3,-49.066667,-26.9
Turdus_flavipes,2003,117,,-41.664975,-22.276078
Turdus_flavipes,2012,115,12,-47.949986,-24.16386
Turdus_flavipes,2008,107.4,,-48.541493,-25.587558
Turdus_flavipes,2006,116,,-46.028,-22.977
Turdus_flavipes,2017,88,,-50.178935,-29.482103
Turdus_flavipes,2014,,,-35.18,-5.92
Turdus_flavipes,1997,106.1,,-48.422847,-25.356797
Turdus_flavipes,2001,114.9,,-48.541493,-25.587558
Turdus_flavipes,2005,108.5,7.9,-49.066667,-26.9
Turdus_flavipes,2004,112,,-42.263883,-22.32395
Turdus_flavipes,2016,109,13,-49.066667,-26.9
Turdus_flavipes,2013,,,-35.18,-5.92
Turdus_flavipes,2006,,,-41.733333,-20.483333
Turdus_flavipes,2003,108,6.3,-44.202778,-23.175
Turdus_flavipes,2011,115,13,-49.066667,-26.9
Turdus_flavipes,2006,107.5,9.6,-49.066667,-26.9
Turdus_flavipes,2014,115,12,-49.079622,-26.982686
Turdus_flavipes,2006,,,-47.469706,-23.918526
Turdus_flavipes,2000,,10.8,-48.416666,-24.316666
Turdus_flavipes,2000,,,-48.416666,-24.316666
Turdus_flavipes,2004,120,,-41.662676,-22.2781
Turdus_flavipes,2013,115,12.5,-47.949986,-24.16386
Turdus_flavipes,1997,110.4,,-48.422847,-25.356797
Turdus_flavipes,2005,140,24.2,-49.1,-26.833333
Turdus_flavipes,2002,,10.5,-48.40777778,-24.278333
Turdus_flavipes,2006,109.6,,-48.541493,-25.587558
Turdus_flavipes,2015,111,13,-49.066667,-26.9
Turdus_flavipes,2011,,,-35.18,-5.92
Turdus_flavipes,2010,,,-40.423194,-20.595667
Turdus_flavipes,2013,,,-35.18,-5.92
Turdus_flavipes,2011,122,14,-49.066667,-26.9
Turdus_flavipes,2016,113,12,-49.066667,-26.9
Turdus_flavipes,2002,,14.9,-48.40777778,-24.278333
Turdus_flavipes,2000,,9,-48.364722,-24.304722
Turdus_flavipes,2001,108.4,11.1,-48.810668,-27.73223
Turdus_flavipes,2013,,,-35.18,-5.92
Turdus_flavipes,2003,115,6.8,-44.202778,-23.175
Turdus_flavipes,2011,110,16,-49.066667,-26.9
Turdus_flavipes,1995,111,,-42.246111,-22.580503
Turdus_flavipes,2014,,,-35.18,-5.92
Turdus_flavipes,2013,,,-35.18,-5.92
Turdus_flavipes,2000,,10.5,-48.416666,-24.316666
Turdus_flavipes,2000,,10.8,-48.416666,-24.316666
Turdus_flavipes,2013,,,-35.18,-5.92
Turdus_flavipes,2008,112,13.5,-49.066667,-26.9
Turdus_flavipes,2006,,,-47.490814,-23.873765
Turdus_flavipes,2012,117,13,-49.066667,-26.9
Turdus_flavipes,2013,118,,-47.012778,-23.964444
Turdus_flavipes,2007,,,-47.396673,-23.947513
Turdus_flavipes,1999,110,11.2,-49.08526,-26.88302
Turdus_flavipes,2016,111,,-46.718314,-23.567255
Turdus_flavipes,2010,114,16.4,-49.066667,-26.9
Turdus_flavipes,2008,,,-43.4381,-20.2067
Turdus_flavipes,2012,110,13.4,-47.949986,-24.16386
Turdus_flavipes,2015,112.6,,-48.981171,-25.49618
Turdus_flavipes,2006,110,,-48.541493,-25.587558
Turdus_flavipes,2004,119,,-41.662676,-22.2781
Turdus_flavipes,2012,108,11.9,-47.949986,-24.16386
Turdus_flavipes,2015,98,13,-49.066667,-26.9
Turdus_flavipes,2017,84.2,,-50.186006,-29.499814
Turdus_flavipes,1998,113.3,,-48.422847,-25.356797
Turdus_flavipes,2016,108.7,,-48.541493,-25.587558
Turdus_flavipes,2010,116,11.4,-49.066667,-26.9
Turdus_flavipes,2010,113,10.6,-49.066667,-26.9
Turdus_flavipes,2009,110,13.1,-49.066667,-26.9
Turdus_flavipes,2006,118,,-47.81,-23.95
Turdus_flavipes,2006,111,,-48.541493,-25.587558
Basileuterus_culicivorus,2012,,,-43.1372,-16.0428
Basileuterus_culicivorus,2011,,,-43.4714,-19.9969
Basileuterus_culicivorus,2014,,,-43.4714,-19.9975
Basileuterus_culicivorus,2017,57,,-49.412429,-28.713794
Basileuterus_culicivorus,2001,57.8,5.7,-48.52396,-27.71722
Basileuterus_culicivorus,2007,,,-45.9019,-22.6936
Basileuterus_culicivorus,1992,,,-48.716667,-26.066667
Basileuterus_culicivorus,2002,60,6,-52.516667,-26.65
Basileuterus_culicivorus,2014,,,-43.4714,-19.9975
Basileuterus_culicivorus,2011,,,-43.4714,-19.9969
Basileuterus_culicivorus,2012,,,-43.9325,-20.3333
Basileuterus_culicivorus,1992,,,-49.183333,-27.316667
Basileuterus_culicivorus,1992,,,-48.716667,-26.066667
Basileuterus_culicivorus,2015,57,,-46.340917,-23.855861
Basileuterus_culicivorus,2015,,,-43.5067,-20.08
Basileuterus_culicivorus,1992,,,-48.716667,-26.066667
Basileuterus_culicivorus,2012,,,-48.992205,-25.49548
Basileuterus_culicivorus,2011,,,-43.5067,-20.08
Basileuterus_culicivorus,1992,,,-49.066667,-27.15
Basileuterus_culicivorus,2008,57,4.8,-52.3438,-26.9594
Basileuterus_culicivorus,2012,,,-43.1347,-16.0514
Basileuterus_culicivorus,2015,,,-43.5067,-20.08
Basileuterus_culicivorus,2007,52,6,-49.5,-27.116667
Basileuterus_culicivorus,2013,,,-43.1347,-16.0514
Basileuterus_culicivorus,2015,56,7.74,-56.626984,-21.102193
Basileuterus_culicivorus,2011,,,-43.4714,-19.9969
Basileuterus_culicivorus,2012,,,-48.992205,-25.49548
Basileuterus_culicivorus,2011,,,-43.5067,-20.08
Basileuterus_culicivorus,2011,,,-43.5067,-20.08
Basileuterus_culicivorus,2007,60,,-52.494182,-26.584981
Basileuterus_culicivorus,1992,,,-49.066667,-27.15
Basileuterus_culicivorus,2015,48,,-47.198404,-24.045634
Basileuterus_culicivorus,2012,,,-43.9922,-19.9194
Basileuterus_culicivorus,2017,57,,-49.412429,-28.713794
Basileuterus_culicivorus,1992,,,-48.866667,-26.083333
Basileuterus_culicivorus,2017,55,,-49.412429,-28.713794
Basileuterus_culicivorus,2003,55.6,5.7,-49.15,-27.016667
Basileuterus_culicivorus,2017,53,,-49.412429,-28.713794
Basileuterus_culicivorus,1991,,,-53.95,-27.25
Basileuterus_culicivorus,2011,,,-43.4714,-19.9969
Basileuterus_culicivorus,2017,56.5,,-50.162407,-29.472434
Basileuterus_culicivorus,2012,55.5,6.49,-35.37,-5.88
Basileuterus_culicivorus,2016,50,,-47.198404,-24.045634
Basileuterus_culicivorus,2013,55.6,,-54.487792,-25.619635
Basileuterus_culicivorus,2009,,,-43.4428,-18.5303
Basileuterus_culicivorus,2004,61,4.17,-52.53671,-32.538503
Basileuterus_culicivorus,1998,56.07,6.04,-42.95,-19.966667
Basileuterus_culicivorus,2015,52.7,,-47.198404,-24.045634
Basileuterus_culicivorus,2012,58,5.45,-35.712064,-8.545119
Basileuterus_culicivorus,2015,,,-43.9144,-20.4983
Basileuterus_culicivorus,2014,,,-43.4714,-19.9975
Basileuterus_culicivorus,2012,,,-43.1347,-16.0514
Basileuterus_culicivorus,2014,,,-43.4714,-19.9975
Basileuterus_culicivorus,2006,53.7,5,-49.066667,-27
Basileuterus_culicivorus,2009,62,7,-53.065153,-27.176864
Basileuterus_culicivorus,2017,59,5.4,-49.398056,-22.530694
Basileuterus_culicivorus,1992,,,-49.066667,-27.15
Basileuterus_culicivorus,2011,53.4,,-44.4272,-19.8672
Basileuterus_culicivorus,2007,,,-45.9019,-22.6936
Basileuterus_culicivorus,2009,,,-44.45,-20.1422
Basileuterus_culicivorus,2012,57,5.95,-35.37,-5.88
Basileuterus_culicivorus,2007,,,-47.410015,-23.951935
Basileuterus_culicivorus,2012,,,-43.9925,-19.9192
Basileuterus_culicivorus,1999,61.83,6.51,-35.505556,-7.588889
Basileuterus_culicivorus,2006,,,-43.483,-20.0963
Basileuterus_culicivorus,2013,55,,-44.4114,-19.8886
Basileuterus_culicivorus,2007,,,-45.9333,-22.7
Basileuterus_culicivorus,2011,54,,-44.4272,-19.8672
Basileuterus_culicivorus,2006,51.1,5.1,-48.8,-26.8
Basileuterus_culicivorus,2007,,,-43.45,-19.9667
Basileuterus_culicivorus,2010,56,7.5,-44.607931,-22.452726
Basileuterus_culicivorus,2015,,,-43.5067,-20.08
Basileuterus_culicivorus,2011,54.5,5.1,-36.405802,-8.20199
Basileuterus_culicivorus,2007,,,-45.9,-23.350022
Basileuterus_culicivorus,2011,,,-43.8839,-20.1694
Basileuterus_culicivorus,2011,56.3,5.15,-36.405802,-8.20199
Basileuterus_culicivorus,2015,,,-47.198404,-24.045634
Basileuterus_culicivorus,2007,,,-43.45,-19.9667
Basileuterus_culicivorus,1992,,,-49.016667,-26.283333
Basileuterus_culicivorus,2008,,,-43.4381,-20.2067
Basileuterus_culicivorus,2010,,,-43.8647,-20.1642
Basileuterus_culicivorus,1992,,,-48.866667,-26.083333
Basileuterus_culicivorus,2006,55,6.4,-48.598186,-26.803083
Basileuterus_culicivorus,1991,,,-53.95,-27.25
Tachyphonus_coronatus,2013,80,,-49.671408,-28.649798
Tachyphonus_coronatus,2013,81.2,,-54.487792,-25.619635
Tachyphonus_coronatus,2005,68.2,10,-49.05,-26.933333
Tachyphonus_coronatus,2006,,,-47.449741,-23.843869
Tachyphonus_coronatus,2011,79.1,,-48.541493,-25.587558
Tachyphonus_coronatus,2015,82,,-46.340917,-23.855861
Tachyphonus_coronatus,2014,85,8.3,-49.398056,-22.530694
Tachyphonus_coronatus,2009,85,8.3,-52.3438,-26.9594
Tachyphonus_coronatus,2012,79,,-49.405145,-28.599546
Tachyphonus_coronatus,2005,81,,-47.81,-23.95
Tachyphonus_coronatus,2010,87,,-46.016667,-23.033333
Tachyphonus_coronatus,2012,,,-47.68371,-22.56855
Tachyphonus_coronatus,2011,,,-43.4881,-20.0978
Tachyphonus_coronatus,2010,,,-48.433333,-23.266667
Tachyphonus_coronatus,2015,87,,-47.245302,-24.06865
Tachyphonus_coronatus,2007,,,-43.45,-19.9667
Tachyphonus_coronatus,2001,82.2,,-48.541493,-25.587558
Tachyphonus_coronatus,2010,89,,-48.433333,-23.266667
Tachyphonus_coronatus,2014,77.2,,-54.487792,-25.619635
Tachyphonus_coronatus,2011,77.5,,-48.541493,-25.587558
Tachyphonus_coronatus,2010,83,9.1,-50.6967,-24.1431
Tachyphonus_coronatus,1999,84.6,,-48.422847,-25.356797
Tachyphonus_coronatus,2015,80,7.8,-49.402289,-22.529975
Tachyphonus_coronatus,2012,,,-47.59842,-22.21617
Tachyphonus_coronatus,2005,,,-47.452334,-23.920014
Tachyphonus_coronatus,2012,,,-47.60982,-22.292
Tachyphonus_coronatus,2016,78,8.2,-49.076722,-22.775
Tachyphonus_coronatus,2001,85.7,8.5,-48.810668,-27.73223
Tachyphonus_coronatus,2014,86,9,-49.398056,-22.530694
Tachyphonus_coronatus,2005,77,,-48.46,-23.29
Tachyphonus_coronatus,2003,79,9,-49.15,-27.016667
Tachyphonus_coronatus,2016,,10.77,-47.5985,-22.21679
Tachyphonus_coronatus,2003,81,9.5,-49.15,-27.016667
Tachyphonus_coronatus,2006,81.3,,-47,-23.833333
Tachyphonus_coronatus,2011,84.7,,-49.356283,-25.583954
Tachyphonus_coronatus,2005,,,-47.480162,-23.913781
Tachyphonus_coronatus,2012,80,9,-50.6967,-24.1431
Tachyphonus_coronatus,2002,82.7,,-44.850694,-23.358056
Tachyphonus_coronatus,2017,82.65,,-48.673631,-25.304749
Tachyphonus_coronatus,2010,79,,-46.016667,-23.033333
Tachyphonus_coronatus,2015,83,7.1,-41.02029722,-20.39838889
Tachyphonus_coronatus,2001,,8.7,-48.40777778,-24.278333
Tachyphonus_coronatus,2016,82.1,,-48.67189,-25.311564
Tachyphonus_coronatus,2009,,,-48.433333,-23.266667
Tachyphonus_coronatus,2015,89,,-47.245302,-24.06865
Tachyphonus_coronatus,2014,83.1,,-48.541493,-25.587558
Tachyphonus_coronatus,2016,70,10,-47.403056,-23.24
Tachyphonus_coronatus,2013,81,7.1,-42.807354,-22.660477
Tachyphonus_coronatus,2010,,,-48.433333,-23.266667
Tachyphonus_coronatus,1992,,,-49.066667,-27.15
Tachyphonus_coronatus,2015,85,,-46.340917,-23.855861
Tachyphonus_coronatus,2010,79,,-46.016667,-23.033333
Tachyphonus_coronatus,2010,86,,-48.433333,-23.266667
Tachyphonus_coronatus,2012,,,-47.69429,-22.50735
Tachyphonus_coronatus,2002,85,,-41.661133,-22.278133
Tachyphonus_coronatus,2006,83,,-47.684,-23.915
Tachyphonus_coronatus,2014,81,9,-50.6967,-24.1431
Tachyphonus_coronatus,2013,86,8.6,-49.076722,-22.775
Tachyphonus_coronatus,2006,,,-47.475802,-23.851386
Tachyphonus_coronatus,2005,80,,-46.02,-23.039
Tachyphonus_coronatus,2011,76,8.8,-47.505278,-22.569167
Tachyphonus_coronatus,2005,88,,-46.02,-23.039
Tachyphonus_coronatus,2005,70.8,,-48.541493,-25.587558
Tachyphonus_coronatus,2010,84,,-48.541493,-25.587558
Tachyphonus_coronatus,2016,74,8.5,-49.076722,-22.775
Tachyphonus_coronatus,2006,,,-46.02,-23.039
Tachyphonus_coronatus,2005,91,,-43.787333,-22.370933
Tachyphonus_coronatus,2010,84,,-46.016667,-23.033333
Tachyphonus_coronatus,2010,,,-46.016667,-23.033333
Tachyphonus_coronatus,2012,84.3,,-48.541493,-25.587558
Tachyphonus_coronatus,2001,87,8.6,-49.066667,-26.9
Tachyphonus_coronatus,2010,81,,-48.433333,-23.266667
Tachyphonus_coronatus,2012,86,,-51.136167,-27.7955
Tachyphonus_coronatus,1998,82,8.8,-49.083333,-26.9
Tachyphonus_coronatus,2017,84.65,,-48.673631,-25.304749
Tachyphonus_coronatus,2010,84,,-48.884167,-26.002222
Tachyphonus_coronatus,2016,78,8.3,-49.076722,-22.775
Tachyphonus_coronatus,2005,84,,-46.02,-23.039
Tachyphonus_coronatus,2012,,,-47.69429,-22.50735
Tachyphonus_coronatus,2012,82,,-49.405145,-28.599546
Tachyphonus_coronatus,2012,80,,-51.136167,-27.7955
Tachyphonus_coronatus,2017,83,,-48.4981,-27.4756
Tachyphonus_coronatus,2003,80,6.55,-51.951507,-23.917488
Tachyphonus_coronatus,2009,,,-44.4336,-20.1306
Tachyphonus_coronatus,1996,80,6.9,-44.204194,-23.183073
Tachyphonus_coronatus,2005,82,,-43.787333,-22.370933
Tachyphonus_coronatus,2004,,,-43.75,-20.85
Tachyphonus_coronatus,2012,84,,-50.901139,-28.007167
Tachyphonus_coronatus,2010,87,,-46.016667,-23.033333
Tachyphonus_coronatus,2012,,,-47.68371,-22.56855
Tachyphonus_coronatus,2017,,,-49.412429,-28.713794
Tachyphonus_coronatus,2006,82.3,,-47,-23.833333
Tachyphonus_coronatus,2005,86,,-46.028,-22.977
Tachyphonus_coronatus,2017,82.9,,-48.541493,-25.587558
Tachyphonus_coronatus,2011,80.1,,-48.541493,-25.587558
Tachyphonus_coronatus,2002,78.6,,-48.541493,-25.587558
Tachyphonus_coronatus,2004,,,-43.75,-20.85
Tachyphonus_coronatus,2015,84,7.1,-49.402289,-22.529975
Tachyphonus_coronatus,2010,86,,-46.016667,-23.033333
Tachyphonus_coronatus,2012,,,-47.60982,-22.292
Tachyphonus_coronatus,2016,86,8.7,-49.076722,-22.775
Tachyphonus_coronatus,2010,80,,-48.541493,-25.587558
Tachyphonus_coronatus,2012,,,-47.69429,-22.50735
Tachyphonus_coronatus,2017,85,,-48.4981,-27.4756
Tachyphonus_coronatus,2013,80,10,-50.756677,-24.258465
Tachyphonus_coronatus,2008,79.6,,-48.541493,-25.587558
Tachyphonus_coronatus,2011,82,8.6,-49.398056,-22.530694
Tachyphonus_coronatus,2010,,,-48.433333,-23.266667
Tachyphonus_coronatus,2006,,,-47.436016,-23.880844
Tachyphonus_coronatus,1999,87,,-47.841667,-21.971667
Tachyphonus_coronatus,2007,80.2,,-48.541493,-25.587558
Tachyphonus_coronatus,2007,80.9,,-47,-23.833333
Tachyphonus_coronatus,2015,,,-47.245302,-24.06865
Tachyphonus_coronatus,2011,,,-47.59842,-22.21617
Tachyphonus_coronatus,2004,94.6,13.1,-49.066667,-26.9
Tachyphonus_coronatus,2011,80.8,,-48.541493,-25.587558
Tachyphonus_coronatus,2011,,,-47.59842,-22.21617
Tachyphonus_coronatus,2006,,,-47.475802,-23.851386
Tachyphonus_coronatus,2015,81,8,-41.02029722,-20.39838889
Tachyphonus_coronatus,2006,83,,-46.02,-23.039
Tachyphonus_coronatus,2014,79.5,,-54.487792,-25.619635
Tachyphonus_coronatus,2015,80,,-46.340917,-23.855861
Tachyphonus_coronatus,2010,85,,-48.433333,-23.266667
Tachyphonus_coronatus,2006,,,-48.46,-23.29
Tachyphonus_coronatus,2008,,,-43.4381,-20.2067
Tachyphonus_coronatus,2006,74,,-51.302929,-30.051014
Tachyphonus_coronatus,2002,84.6,,-48.541493,-25.587558
Tachyphonus_coronatus,2002,81,8.8,-42.38333,-22.5
Tachyphonus_coronatus,2014,75,,-48.541493,-25.587558
Tachyphonus_coronatus,2012,,,-50.6967,-24.1431
Tachyphonus_coronatus,2003,80.1,,-48.541493,-25.587558
Tachyphonus_coronatus,1997,85,10,-49.066667,-26.9
Tachyphonus_coronatus,1993,,,-49.6042,-28.6838
Tachyphonus_coronatus,2011,,,-46.016667,-23.033333
Tachyphonus_coronatus,2010,95,9,-49.083333,-26.916667
Tachyphonus_coronatus,2017,80.95,,-48.675863,-25.301518
Tachyphonus_coronatus,2005,69.6,9,-49.05,-26.866667
Tachyphonus_coronatus,2006,77.5,,-47,-23.833333
Tachyphonus_coronatus,2010,84,,-48.433333,-23.266667
Tachyphonus_coronatus,2017,86,,-49.412429,-28.713794
Tachyphonus_coronatus,2010,85,9.4,-49.066667,-26.9
Tachyphonus_coronatus,2016,84,9,-49.076722,-22.775
Tachyphonus_coronatus,2015,,,-47.245302,-24.06865
Tachyphonus_coronatus,1999,80,,-47.841667,-21.971667
Tachyphonus_coronatus,2012,,,-48.992205,-25.49548
Tachyphonus_coronatus,2004,,,-43.75,-20.85
Tachyphonus_coronatus,2011,82,,-48.498056,-27.475556
Tachyphonus_coronatus,1997,73.1,,-48.422847,-25.356797
Tachyphonus_coronatus,2015,81,,-47.253177,-24.086093
Tachyphonus_coronatus,2015,85,,-46.289722,-23.90525
Tachyphonus_coronatus,2005,,,-47.475802,-23.851386
Tachyphonus_coronatus,2012,,,-47.69429,-22.50735
Tachyphonus_coronatus,2001,82,10.08,-49.083333,-26.916667
Tachyphonus_coronatus,2017,80,,-50.178935,-29.482103
Tachyphonus_coronatus,2001,85.3,,-48.541493,-25.587558
Tachyphonus_coronatus,2012,76,,-51.136167,-27.7955
Tachyphonus_coronatus,2005,81,,-48.46,-23.29
Tachyphonus_coronatus,2012,,,-48.992205,-25.49548
Tachyphonus_coronatus,2012,,,-47.70173,-22.48051
Tachyphonus_coronatus,2016,,,-47.5985,-22.21679
Tachyphonus_coronatus,2011,,,-48.498056,-27.475556
Tachyphonus_coronatus,2006,83,,-47.81,-23.95
Tachyphonus_coronatus,2012,,,-47.69429,-22.50735
Tachyphonus_coronatus,2010,77,,-48.433333,-23.266667
Tachyphonus_coronatus,2006,,,-47.449187,-23.854583
Tachyphonus_coronatus,2017,86,,-48.4981,-27.4756
Tachyphonus_coronatus,2010,,,-43.4711,-20.0003
Tachyphonus_coronatus,2004,80,,-41.662676,-22.2781
Tachyphonus_coronatus,2013,86,6.4,-42.819081,-22.647121
Tachyphonus_coronatus,2016,77,8,-49.083333,-26.916667
Tachyphonus_coronatus,2015,,,-47.245302,-24.06865
Tachyphonus_coronatus,2016,75.15,,-48.67189,-25.311564
Tachyphonus_coronatus,2006,,,-47.471961,-23.867741
Tachyphonus_coronatus,2017,81,,-47.245302,-24.06865
Tachyphonus_coronatus,2010,79.2,,-48.541493,-25.587558
Tachyphonus_coronatus,2014,82.48,7.45,-48.34105,-25.14759
Tachyphonus_coronatus,2012,81,,-49.405145,-28.599546
Tachyphonus_coronatus,2015,,,-43.5067,-20.08
Tachyphonus_coronatus,2015,84,,-48.4981,-27.4756
Tachyphonus_coronatus,2011,,,-47.69429,-22.50735
Tachyphonus_coronatus,2003,85.2,,-48.541493,-25.587558
Tachyphonus_coronatus,2013,75,,-48.884167,-26.002222
Tachyphonus_coronatus,2002,85.4,,-48.541493,-25.587558
Tachyphonus_coronatus,2005,89,,-48.46,-23.29
Tachyphonus_coronatus,2006,84.6,6.7,-49.066667,-26.9
Tachyphonus_coronatus,2010,87,,-48.433333,-23.266667
Tachyphonus_coronatus,2006,83,7,-41.662676,-22.2781
Tachyphonus_coronatus,2002,87.4,,-49.348803,-25.589976
Tachyphonus_coronatus,2010,83,,-48.433333,-23.266667
Tachyphonus_coronatus,2006,85,,-45.982,-23.633
Tachyphonus_coronatus,2007,81.3,,-48.541493,-25.587558
Tachyphonus_coronatus,2006,80.2,,-47,-23.833333
Tachyphonus_coronatus,2006,80,,-48.46,-23.29
Tachyphonus_coronatus,2016,86,,-47.245302,-24.06865
Tachyphonus_coronatus,2013,88,9,-49.076722,-22.775
Tachyphonus_coronatus,2006,80,,-47.81,-23.95
Tachyphonus_coronatus,2014,,,-47.4244,-20.0289
Tachyphonus_coronatus,2005,89,,-47.684,-23.915
Tachyphonus_coronatus,2010,84,18.8,-50.6967,-24.1431
Tachyphonus_coronatus,2005,,,-47.405913,-23.96164
Tachyphonus_coronatus,2004,74,,-42.512333,-22.439117
Tachyphonus_coronatus,2010,84,,-46.016667,-23.033333
Tachyphonus_coronatus,2005,97,,-47.684,-23.915
Tachyphonus_coronatus,2015,81,,-46.305028,-23.883583
Tachyphonus_coronatus,2014,83,,-49.671408,-28.649798
Tachyphonus_coronatus,2003,80,9.4,-49.1,-26.9
Tachyphonus_coronatus,2015,84,,-46.4848,-23.94686
Tachyphonus_coronatus,2012,80,10.2,-50.6967,-24.1431
Tachyphonus_coronatus,2006,,,-47.471961,-23.867741
Tachyphonus_coronatus,2004,,,-43.716667,-20.783333
Tachyphonus_coronatus,2017,80,,-48.4981,-27.4756
Tachyphonus_coronatus,2011,,,-47.69429,-22.50735
Tachyphonus_coronatus,2017,,,-47.245302,-24.06865
Tachyphonus_coronatus,2010,85,,-46.016667,-23.033333
Tachyphonus_coronatus,2008,80,7.6,-49.066667,-26.9
Tachyphonus_coronatus,2013,79.5,,-49.671408,-28.649798
Tachyphonus_coronatus,2007,81.2,,-47,-23.833333
Tachyphonus_coronatus,2009,,,-48.433333,-23.266667
Tachyphonus_coronatus,2013,,,-48.895407,-25.97896
Tachyphonus_coronatus,2014,82,,-50.6967,-24.1431
Tachyphonus_coronatus,2005,80,,-44.120167,-22.990433
Tachyphonus_coronatus,2015,77.66,,-48.981171,-25.49618
Tachyphonus_coronatus,2012,,,-47.70173,-22.48051
Tachyphonus_coronatus,2014,85,,-48.366667,-27.240278
Tachyphonus_coronatus,2011,80,9.2,-50.6973,-24.1445
Tachyphonus_coronatus,1999,86,,-47.841667,-21.971667
Tachyphonus_coronatus,1993,,,-49.833333,-29.083333
Tachyphonus_coronatus,2017,78.7,,-48.67189,-25.311564
Tachyphonus_coronatus,2012,,,-47.60982,-22.292
Tachyphonus_coronatus,2006,,,-47.452334,-23.920014
Tachyphonus_coronatus,2011,88,,-48.498056,-27.475556
Tachyphonus_coronatus,2017,76,,-47.253177,-24.086093
Tachyphonus_coronatus,2014,81.2,,-48.541493,-25.587558
Tachyphonus_coronatus,2005,80,,-46.028,-22.977
Tachyphonus_coronatus,2000,81.2,7.5,-49.17027,-26.77639
Tachyphonus_coronatus,1998,85.1,,-48.422847,-25.356797
Tachyphonus_coronatus,1997,77.5,,-48.422847,-25.356797
Tachyphonus_coronatus,2011,,,-47.70173,-22.48051
Tachyphonus_coronatus,2006,,,-48.46,-23.29
Tachyphonus_coronatus,2005,80.1,,-47,-23.833333
Tachyphonus_coronatus,2016,83,9.1,-49.076722,-22.775
Tachyphonus_coronatus,2011,,,-47.67257,-22.5756
Tachyphonus_coronatus,2010,89,8.4,-50.6967,-24.1431
Tachyphonus_coronatus,2001,83,,-48.541493,-25.587558
Tachyphonus_coronatus,1998,86.4,,-48.422847,-25.356797
Tachyphonus_coronatus,2016,70,10,-47.403056,-23.24
Tachyphonus_coronatus,2013,83,10,-49.066667,-26.9
Tachyphonus_coronatus,2004,73.5,,-51.302929,-30.051014
Tachyphonus_coronatus,2016,80,,-47.245302,-24.06865
Tachyphonus_coronatus,2010,84,,-48.892222,-25.985278
Tachyphonus_coronatus,2016,70,10,-47.403056,-23.24
Tachyphonus_coronatus,2010,80,,-46.016667,-23.033333
Tachyphonus_coronatus,2011,,,-43.4717,-19.9961
Tachyphonus_coronatus,2012,83,,-48.366667,-27.240278
Tachyphonus_coronatus,1999,82,,-47.841667,-21.971667
Tachyphonus_coronatus,2012,,,-47.70173,-22.48051
Tachyphonus_coronatus,2010,85,11.9,-50.6967,-24.1431
Tachyphonus_coronatus,2006,,,-47.449187,-23.854583
Tachyphonus_coronatus,2000,,8.5,-48.416666,-24.316666
Tachyphonus_coronatus,2010,87,,-48.899444,-24.968889
Tachyphonus_coronatus,2014,77,,-48.541493,-25.587558
Tachyphonus_coronatus,2000,80.5,7.9,-49.17027,-26.77639
Tachyphonus_coronatus,2012,84.8,,-48.541493,-25.587558
Tachyphonus_coronatus,2001,84.7,,-48.541493,-25.587558
Tachyphonus_coronatus,2012,86,,-48.366667,-27.240278
Tachyphonus_coronatus,2006,84.4,,-48.541493,-25.587558
Tachyphonus_coronatus,2014,75,7.9,-49.398056,-22.530694
Tachyphonus_coronatus,2010,84.5,,-46.016667,-23.033333
Tachyphonus_coronatus,2002,82,9.9,-49.15,-27.016667
Tachyphonus_coronatus,2009,,,-44.3856,-20.1614
Tachyphonus_coronatus,2011,,,-43.5075,-20.0819
Tachyphonus_coronatus,2005,79.6,8,-48.883333,-27.083333
Tachyphonus_coronatus,2015,82,,-46.369417,-23.842417
Tachyphonus_coronatus,2002,80,9.3,-49.05557,-26.873517
Tachyphonus_coronatus,2007,,,-45.516687,-23.1
Tachyphonus_coronatus,2015,82,,-46.289722,-23.90525
Tachyphonus_coronatus,2013,79,,-54.487792,-25.619635
Tachyphonus_coronatus,2016,75,,-50.171519,-29.478818
Tachyphonus_coronatus,2006,,,-47.446516,-23.833638
Tachyphonus_coronatus,2015,77,,-46.289722,-23.90525
Tachyphonus_coronatus,2009,,10.4,-47.55,-22.416667
Tachyphonus_coronatus,2007,85,8.4,-49.05,-26.866667
Tachyphonus_coronatus,2006,,,-47.460382,-23.851281
Tachyphonus_coronatus,2010,,,-48.433333,-23.266667
Tachyphonus_coronatus,2012,,,-47.69429,-22.50735
Tachyphonus_coronatus,2015,,,-47.245302,-24.06865
Tachyphonus_coronatus,2012,,,-48.992205,-25.49548
Tachyphonus_coronatus,2016,63,7.9,-47.403056,-23.24
Tachyphonus_coronatus,2011,83.3,,-48.541493,-25.587558
Tachyphonus_coronatus,2017,84,,-48.4981,-27.4756
Tachyphonus_coronatus,2014,83,8.9,-49.398056,-22.530694
Tachyphonus_coronatus,2007,84.2,7.1,-49.308679,-25.42167
Tachyphonus_coronatus,2007,87,,-48.541493,-25.587558
Tachyphonus_coronatus,2001,85.4,9.1,-48.474789,-27.585696
Tachyphonus_coronatus,2015,87,,-47.245302,-24.06865
Tachyphonus_coronatus,2004,76,,-49.356283,-25.583954
Tachyphonus_coronatus,2010,,,-48.433333,-23.266667
Tachyphonus_coronatus,2011,86.1,,-49.356283,-25.583954
Tachyphonus_coronatus,2011,,,-43.5075,-20.0819
Tachyphonus_coronatus,2000,,8.1,-48.416666,-24.316666
Tachyphonus_coronatus,2015,85,,-46.340917,-23.855861
Tachyphonus_coronatus,2017,77,,-47.245302,-24.06865
Tachyphonus_coronatus,2012,86,,-50.901139,-28.007167
Tachyphonus_coronatus,2005,52.5,,-47,-23.833333
Tachyphonus_coronatus,2015,80,,-46.340917,-23.855861
Tachyphonus_coronatus,2017,75,9.2,-41.84374722,-20.41793889
Tachyphonus_coronatus,2016,86,8,-49.076722,-22.775
Tachyphonus_coronatus,2012,79,14,-41.74221111,-20.49504444
Tachyphonus_coronatus,2010,80,10.8,-50.6967,-24.1431
Tachyphonus_coronatus,2010,88,,-48.433333,-23.266667
Tachyphonus_coronatus,2010,,,-48.433333,-23.266667
Tachyphonus_coronatus,2014,79.2,,-48.541493,-25.587558
Tachyphonus_coronatus,2015,80,8.1,-49.402289,-22.529975
Tachyphonus_coronatus,2010,80,,-48.433333,-23.266667
Tachyphonus_coronatus,2005,,,-45.982,-23.633
Tachyphonus_coronatus,2004,,,-42.1964,-22.85394
Tachyphonus_coronatus,2002,87,,-44.850694,-23.358056
Tachyphonus_coronatus,1999,88,,-47.841667,-21.971667
Tachyphonus_coronatus,2014,81,8.4,-49.398056,-22.530694
Tachyphonus_coronatus,2005,,,-47.475802,-23.851386
Tachyphonus_coronatus,2005,85,,-47.81,-23.95
Tachyphonus_coronatus,2001,83.1,8.7,-48.52396,-27.71722
Tachyphonus_coronatus,2007,,,-45.516685,-23.1
Tachyphonus_coronatus,2016,,10.32,-47.56375,-22.33372
Tachyphonus_coronatus,2014,85,8.6,-49.398056,-22.530694
Tachyphonus_coronatus,2010,83.2,,-48.541493,-25.587558
Tachyphonus_coronatus,2007,,,-45.9,-23.350018
Tachyphonus_coronatus,2001,,7.7,-48.40777778,-24.278333
Tachyphonus_coronatus,2013,81,6.5,-41.74221111,-20.49504444
Tachyphonus_coronatus,2013,79,,-51.136167,-27.7955
Tachyphonus_coronatus,1999,80,,-47.841667,-21.971667
Tachyphonus_coronatus,2010,70,,-46.016667,-23.033333
Tachyphonus_coronatus,2015,80,,-46.369417,-23.842417
Tachyphonus_coronatus,2010,76,,-46.016667,-23.033333
Tachyphonus_coronatus,2010,75.8,,-48.541493,-25.587558
Tachyphonus_coronatus,2015,83,,-47.198404,-24.045634
Tachyphonus_coronatus,2009,,,-48.433333,-23.266667
Tachyphonus_coronatus,2005,84,,-43.787333,-22.370933
Tachyphonus_coronatus,2015,83,8.8,-50.6967,-24.1431
Tachyphonus_coronatus,2002,,,-48.541493,-25.587558
Tachyphonus_coronatus,2005,,,-45.982,-23.633
Tachyphonus_coronatus,2006,,,-47.480381,-23.876407
Tachyphonus_coronatus,2005,120,18.5,-48.883333,-27.083333
Tachyphonus_coronatus,2014,82.7,,-48.541493,-25.587558
Tachyphonus_coronatus,2003,79.4,,-48.541493,-25.587558
Tachyphonus_coronatus,2001,90.1,8.8,-48.812205,-27.768275
Tachyphonus_coronatus,2009,85,,-48.433333,-23.266667
Tachyphonus_coronatus,2015,81,7.3,-49.402289,-22.529975
Tachyphonus_coronatus,2013,,,-50.6967,-24.1431
Tachyphonus_coronatus,2010,73,,-48.573806,-27.426111
Tachyphonus_coronatus,2010,78,,-49.356283,-25.583954
Tachyphonus_coronatus,2013,86,,-51.136167,-27.7955
Tachyphonus_coronatus,2013,84,9.7,-49.068057,-25.314492
Tachyphonus_coronatus,2008,82.2,,-48.541493,-25.587558
Tachyphonus_coronatus,2017,78.3,,-50.178935,-29.482103
Tachyphonus_coronatus,2013,84.5,,-44.41,-19.8886
Tachyphonus_coronatus,2014,57,8.3,-49.398056,-22.530694
Tachyphonus_coronatus,2006,80,,-48.541493,-25.587558
Tachyphonus_coronatus,2006,,,-47.471961,-23.867741
Tachyphonus_coronatus,2012,83,,-49.405145,-28.599546
Tachyphonus_coronatus,2011,,,-47.70173,-22.48051
Tachyphonus_coronatus,2017,79.6,,-48.648012,-25.273966
Tachyphonus_coronatus,2010,85,,-48.433333,-23.266667
Tachyphonus_coronatus,2002,85.3,,-48.541493,-25.587558
Tachyphonus_coronatus,2015,,,-47.245302,-24.06865
Tachyphonus_coronatus,2006,,,-47.449741,-23.843869
Tachyphonus_coronatus,2006,75,6.6,-41.662676,-22.2781
Tachyphonus_coronatus,2000,,7.5,-48.416666,-24.316666
Tachyphonus_coronatus,2017,87,,-49.412429,-28.713794
Tachyphonus_coronatus,2013,81,7.1,-42.807354,-22.660477
Tachyphonus_coronatus,2013,78,,-49.671408,-28.649798
Tachyphonus_coronatus,2009,,,-43.9369,-20.29
Tachyphonus_coronatus,2013,85,,-42.807354,-22.660477
Tachyphonus_coronatus,2015,,,-43.5067,-20.08
Tachyphonus_coronatus,2015,,,-43.5072,-20.0806
Tachyphonus_coronatus,2011,,,-47.68371,-22.56855
Tachyphonus_coronatus,2002,79.5,,-48.541493,-25.587558
Tachyphonus_coronatus,2011,,,-43.9047,-20.1378
Tachyphonus_coronatus,2015,81.88,,-48.981171,-25.49618
Tachyphonus_coronatus,2017,90,,-49.412429,-28.713794
Tachyphonus_coronatus,2008,88,10,-52.783333,-27.133333
Tachyphonus_coronatus,2010,79.5,,-48.433333,-23.266667
Tachyphonus_coronatus,2006,80.5,,-47,-23.833333
Tachyphonus_coronatus,2014,85,9.2,-49.398056,-22.530694
Tachyphonus_coronatus,2002,85,,-48.541493,-25.587558
Tachyphonus_coronatus,2004,,,-48.541493,-25.587558
Tachyphonus_coronatus,2001,80,9.1,-48.474789,-27.585696
Tachyphonus_coronatus,2010,,,-43.4881,-20.0978
Tachyphonus_coronatus,2015,75,8.8,-49.402289,-22.529975
Tachyphonus_coronatus,2010,81,,-48.433333,-23.266667
Tachyphonus_coronatus,2002,81.9,,-48.541493,-25.587558
Tachyphonus_coronatus,2016,79,,-48.541493,-25.587558
Tachyphonus_coronatus,2012,84,7.4,-47.205,-22.671111
Tachyphonus_coronatus,2014,78,,-49.671408,-28.649798
Tachyphonus_coronatus,2007,82.2,,-48.541493,-25.587558
Tachyphonus_coronatus,2006,81,,-48.46,-23.29
Tachyphonus_coronatus,2011,85,,-47.590125,-23.431942
Tachyphonus_coronatus,2010,90,,-48.433333,-23.266667
Tachyphonus_coronatus,2005,85,,-48.46,-23.29
Tachyphonus_coronatus,2012,,,-47.69429,-22.50735
Tachyphonus_coronatus,2012,87,,-51.136167,-27.7955
Tachyphonus_coronatus,2010,,,-48.433333,-23.266667
Tachyphonus_coronatus,2010,73.3,,-46.016667,-23.033333
Tachyphonus_coronatus,2011,80,9.6,-47.505278,-22.569167
Tachyphonus_coronatus,2015,,,-47.245302,-24.06865
Tachyphonus_coronatus,2015,81,10.2,-50.6967,-24.1431
Tachyphonus_coronatus,2017,79,,-49.223139,-28.167889
Tachyphonus_coronatus,2010,90,,-48.433333,-23.266667
Tachyphonus_coronatus,2006,90,,-48.46,-23.29
Tachyphonus_coronatus,2012,85,,-51.136167,-27.7955
Tachyphonus_coronatus,2004,,,-42.1964,-22.85394
Tachyphonus_coronatus,2005,80,,-47,-23.833333
Tachyphonus_coronatus,2006,82.6,,-47,-23.833333
Tachyphonus_coronatus,2012,84,,-48.541493,-25.587558
Tachyphonus_coronatus,2010,83,,-46.016667,-23.033333
Tachyphonus_coronatus,2007,75.18,7.03,-49.285917,-25.406312
Tachyphonus_coronatus,2005,75.8,7.5,-48.883333,-27.083333
Tachyphonus_coronatus,2011,86,,-48.498056,-27.475556
Tachyphonus_coronatus,2016,,11.77,-47.56465,-22.33453
Tachyphonus_coronatus,2014,83,,-48.541493,-25.587558
Tachyphonus_coronatus,2006,81.9,,-47,-23.833333
Tachyphonus_coronatus,2016,76,1.6,-47.403056,-23.24
Tachyphonus_coronatus,2012,75,6.9,-41.74221111,-20.49504444
Tachyphonus_coronatus,2014,78,7.6,-49.398056,-22.530694
Tachyphonus_coronatus,2006,85.5,,-48.541493,-25.587558
Tachyphonus_coronatus,1992,,,-49.016667,-26.283333
Tachyphonus_coronatus,2009,,,-48.433333,-23.266667
Tachyphonus_coronatus,2011,,,-47.69429,-22.50735
Tachyphonus_coronatus,2011,80,,-46.016667,-23.033333
Tachyphonus_coronatus,2011,84,9.6,-50.6973,-24.1445
Tachyphonus_coronatus,1997,80,,-48.422847,-25.356797
Tachyphonus_coronatus,2012,80,9.7,-50.6967,-24.1431
Tachyphonus_coronatus,2016,86,8.8,-49.076722,-22.775
Tachyphonus_coronatus,2015,79,,-49.636667,-28.160833
Tachyphonus_coronatus,2012,79,8.8,-47.949986,-24.16386
Tachyphonus_coronatus,2008,80,9.7,-52.583333,-27.233333
Tachyphonus_coronatus,2004,86,11.5,-42.98,-22.41
Tachyphonus_coronatus,2013,82,7.1,-42.819081,-22.647121
Tachyphonus_coronatus,1999,86,,-47.841667,-21.971667
Tachyphonus_coronatus,2010,85,,-46.016667,-23.033333
Tachyphonus_coronatus,2017,80,,-47.245302,-24.06865
Tachyphonus_coronatus,2015,85,,-46.289722,-23.90525
Tachyphonus_coronatus,2007,87.3,,-48.541493,-25.587558
Tachyphonus_coronatus,2007,84.2,,-47,-23.833333
Tachyphonus_coronatus,2006,79,5.9,-51.94695,-23.866923
Tachyphonus_coronatus,2005,85,,-48.46,-23.29
Tachyphonus_coronatus,2013,75,,-49.405145,-28.599546
Tachyphonus_coronatus,2016,84,,-48.4981,-27.4756
Tachyphonus_coronatus,2010,81.2,,-48.541493,-25.587558
Tachyphonus_coronatus,2003,86,,-48.541493,-25.587558
Tachyphonus_coronatus,1992,,,-49.233333,-26.366667
Tachyphonus_coronatus,2014,77,10,-49.066667,-26.9
Tachyphonus_coronatus,1999,86,,-47.841667,-21.971667
Tachyphonus_coronatus,2014,83,8.2,-49.398056,-22.530694
Tachyphonus_coronatus,2007,,,-45.516688,-23.1
Tachyphonus_coronatus,2016,81,,-50.18545,-29.491353
Tachyphonus_coronatus,2014,81,,-48.541493,-25.587558
Tachyphonus_coronatus,2011,83.9,8.3,-47.505278,-22.569167
Tachyphonus_coronatus,2005,76,,-46.400954,-23.843052
Tachyphonus_coronatus,2016,82.2,,-48.541493,-25.587558
Tachyphonus_coronatus,1993,,,-48.583333,-27.4
Tachyphonus_coronatus,2015,,,-47.245302,-24.06865
Tachyphonus_coronatus,2012,86,9.6,-50.6967,-24.1431
Tachyphonus_coronatus,2003,80,,-41.664975,-22.276078
Tachyphonus_coronatus,2017,86,,-49.412429,-28.713794
Tachyphonus_coronatus,2000,80,8.9,-49.17027,-26.77639
Tachyphonus_coronatus,2010,80,,-46.016667,-23.033333
Tachyphonus_coronatus,2015,81,9,-50.6967,-24.1431
Tachyphonus_coronatus,2017,84.85,,-48.673631,-25.304749
Tachyphonus_coronatus,2012,,,-47.67257,-22.5756
Tachyphonus_coronatus,2010,,,-46.016667,-23.033333
Tachyphonus_coronatus,2009,80,9.05,-54.204892,-23.135232
Tachyphonus_coronatus,2006,84.1,,-48.541493,-25.587558
Tachyphonus_coronatus,2007,,,-47.478972,-23.893093
Tachyphonus_coronatus,2016,,9.91,-47.56375,-22.33372
Tachyphonus_coronatus,2017,82,,-48.4981,-27.4756
Tachyphonus_coronatus,2017,75,,-49.412429,-28.713794
Tachyphonus_coronatus,2010,86,,-48.433333,-23.266667
Tachyphonus_coronatus,2012,79,8.5,-50.6967,-24.1431
Tachyphonus_coronatus,2017,83.3,,-48.681405,-25.29377
Tachyphonus_coronatus,2010,84.5,,-46.016667,-23.033333
Tachyphonus_coronatus,2009,,,-43.9369,-20.29
Tachyphonus_coronatus,2015,81.8,,-48.981171,-25.49618
Tachyphonus_coronatus,1997,87.7,,-48.422847,-25.356797
Tachyphonus_coronatus,2006,81.6,7.8,-48.9,-27.133333
Tachyphonus_coronatus,1998,87,8.4,-49.066667,-26.9
Tachyphonus_coronatus,1997,83.1,,-48.422847,-25.356797
Tachyphonus_coronatus,2010,83,,-48.433333,-23.266667
Tachyphonus_coronatus,2002,,,-48.541493,-25.587558
Tachyphonus_coronatus,2010,80,,-46.016667,-23.033333
Tachyphonus_coronatus,2017,84,7.1,-49.398056,-22.530694
Tachyphonus_coronatus,2015,85,,-46.369417,-23.842417
Tachyphonus_coronatus,2011,86,9,-50.6967,-24.1431
Tachyphonus_coronatus,2009,,,-48.433333,-23.266667
Tachyphonus_coronatus,2011,,,-47.59842,-22.21617
Tachyphonus_coronatus,2016,84,,-48.541493,-25.587558
Tachyphonus_coronatus,2012,84,10.6,-50.6973,-24.1445
Tachyphonus_coronatus,2011,,,-47.70173,-22.48051
Tachyphonus_coronatus,2004,84.4,,-48.541493,-25.587558
Tachyphonus_coronatus,2017,,,-47.245302,-24.06865
Tachyphonus_coronatus,1998,76,9.9,-49.08526,-26.88302
Tachyphonus_coronatus,2010,84,10.2,-50.6973,-24.1445
Tachyphonus_coronatus,2010,,,-48.433333,-23.266667
Tachyphonus_coronatus,1997,70.5,,-48.422847,-25.356797
Tachyphonus_coronatus,2010,,,-48.433333,-23.266667
Tachyphonus_coronatus,2017,76,8.9,-49.398056,-22.530694
Tachyphonus_coronatus,1998,81.1,,-48.422847,-25.356797
Tachyphonus_coronatus,1999,83,,-47.841667,-21.971667
Tachyphonus_coronatus,2016,88,9,-48.633333,-26.233333
Tachyphonus_coronatus,2010,79.3,,-49.356283,-25.583954
Tachyphonus_coronatus,2012,89,,-50.901139,-28.007167
Tachyphonus_coronatus,2013,80,8.3,-50.6967,-24.1431
Tachyphonus_coronatus,2011,81.8,,-48.541493,-25.587558
Tachyphonus_coronatus,1997,80.6,,-48.422847,-25.356797
Tachyphonus_coronatus,2008,83,8.5,-49.066667,-26.9
Tachyphonus_coronatus,2015,80.67,,-48.981171,-25.49618
Tachyphonus_coronatus,2003,84.1,,-48.541493,-25.587558
Tachyphonus_coronatus,2013,,,-43.4894,-19.9203
Tachyphonus_coronatus,2017,80,6.4,-49.398056,-22.530694
Tachyphonus_coronatus,2004,72,7,-49.05,-26.866667
Tachyphonus_coronatus,1997,80.1,,-48.422847,-25.356797
Tachyphonus_coronatus,2006,,,-47.460382,-23.851281
Tachyphonus_coronatus,2010,,,-46.016667,-23.033333
Tachyphonus_coronatus,2002,85,,-44.850694,-23.358056
Tachyphonus_coronatus,2012,79,8.8,-50.6967,-24.1431
Tachyphonus_coronatus,2016,76,1.6,-47.403056,-23.24
Tachyphonus_coronatus,2014,87,7.2,-49.398056,-22.530694
Tachyphonus_coronatus,2009,85,,-48.433333,-23.266667
Tachyphonus_coronatus,2010,86,,-48.884167,-26.002222
Tachyphonus_coronatus,2017,85,,-49.412429,-28.713794
Tachyphonus_coronatus,2010,80.6,,-46.016667,-23.033333
Tachyphonus_coronatus,2012,,,-47.70173,-22.48051
Tachyphonus_coronatus,2013,88,8.3,-41.74221111,-20.49504444
Tachyphonus_coronatus,2010,75.4,,-48.884167,-26.002222
Tachyphonus_coronatus,2006,,,-47.446516,-23.833638
Tachyphonus_coronatus,2017,81.25,,-48.68104,-25.301984
Tachyphonus_coronatus,2005,110,,-49.15,-27.016667
Tachyphonus_coronatus,2001,83.9,8.7,-48.810668,-27.73223
Tachyphonus_coronatus,2017,90,,-49.412429,-28.713794
Tachyphonus_coronatus,2006,81,,-46.028,-22.977
Tachyphonus_coronatus,2006,,,-47.436016,-23.880844
Tachyphonus_coronatus,2013,81,17,-41.74221111,-20.49504444
Tachyphonus_coronatus,2012,,,-48.992205,-25.49548
Tachyphonus_coronatus,1992,,,-49.066667,-27.15
Tachyphonus_coronatus,2010,83,,-48.573806,-27.426111
Tachyphonus_coronatus,2017,82,,-48.4981,-27.4756
Tachyphonus_coronatus,2008,78.2,,-48.541493,-25.587558
Tachyphonus_coronatus,2009,81,,-48.433333,-23.266667
Tachyphonus_coronatus,2017,85,,-49.412429,-28.713794
Tachyphonus_coronatus,2009,,,-48.433333,-23.266667
Tachyphonus_coronatus,2013,82,,-50.851889,-28.031444
Tachyphonus_coronatus,2010,85.4,,-48.541493,-25.587558
Tachyphonus_coronatus,2003,82,,-48.541493,-25.587558
Tachyphonus_coronatus,2017,82,,-48.541493,-25.587558
Tachyphonus_coronatus,2017,86,7.3,-49.398056,-22.530694
Tachyphonus_coronatus,2010,,,-50.6973,-24.1445
Tachyphonus_coronatus,2015,,,-48.4981,-27.4756
Tachyphonus_coronatus,2015,,,-43.5067,-20.08
Tachyphonus_coronatus,2006,84,,-48.541493,-25.587558
Tachyphonus_coronatus,2016,80,,-48.4981,-27.4756
Tachyphonus_coronatus,2012,,,-47.59842,-22.21617
Tachyphonus_coronatus,2015,90,,-46.305028,-23.883583
Tachyphonus_coronatus,1997,80,7.5,-44.204194,-23.183073
Tachyphonus_coronatus,2011,85,6.8,-42.292397,-22.937641
Tachyphonus_coronatus,1999,82,8.7,-49.066667,-26.9
Tachyphonus_coronatus,2009,84,,-48.433333,-23.266667
Tachyphonus_coronatus,2001,80.5,,-48.541493,-25.587558
Tachyphonus_coronatus,2011,87,8.6,-49.398056,-22.530694
Tachyphonus_coronatus,2006,80.4,,-47,-23.833333
Tachyphonus_coronatus,2015,74,8.5,-49.402289,-22.529975
Tachyphonus_coronatus,2006,80.8,,-48.541493,-25.587558
Tachyphonus_coronatus,2006,,,-48.46,-23.29
Tachyphonus_coronatus,2017,86,8.3,-49.398056,-22.530694
Tachyphonus_coronatus,2001,,9.8,-49.066667,-26.9
Tachyphonus_coronatus,2017,66,,-50.186006,-29.499814
Tachyphonus_coronatus,2012,79,,-51.136167,-27.7955
Tachyphonus_coronatus,2012,85,10,-50.6967,-24.1431
Tachyphonus_coronatus,2004,82.8,,-48.541493,-25.587558
Tachyphonus_coronatus,2014,83,,-48.541493,-25.587558
Tachyphonus_coronatus,2016,,9.81,-47.5985,-22.21679
Tachyphonus_coronatus,2014,80.5,,-48.541493,-25.587558
Tachyphonus_coronatus,2016,82,,-47.253177,-24.086093
Tachyphonus_coronatus,2016,,9.68,-47.5985,-22.21679
Tachyphonus_coronatus,2000,85,8.4,-49.05,-26.866667
Tachyphonus_coronatus,2010,85,,-46.016667,-23.033333
Tachyphonus_coronatus,2010,85,,-48.433333,-23.266667
Tachyphonus_coronatus,2010,,,-48.433333,-23.266667
Tachyphonus_coronatus,2010,88,,-48.433333,-23.266667
Tachyphonus_coronatus,2012,,,-47.68371,-22.56855
Tachyphonus_coronatus,2007,87,8.5,-49.066667,-26.9
Tachyphonus_coronatus,2005,75.5,,-51.302929,-30.051014
Tachyphonus_coronatus,1992,,,-49.066667,-27.15
Tachyphonus_coronatus,1997,83.7,,-48.422847,-25.356797
Tachyphonus_coronatus,2009,81.5,,-48.433333,-23.266667
Tachyphonus_coronatus,2016,,9.73,-47.56465,-22.33453
Tachyphonus_coronatus,2006,81.2,,-47,-23.833333
Tachyphonus_coronatus,2012,75,7.2,-41.74221111,-20.49504444
Tachyphonus_coronatus,2009,,,-44.4336,-20.1306
Tachyphonus_coronatus,2006,,,-47.422488,-23.857596
Tachyphonus_coronatus,2010,82,,-46.016667,-23.033333
Tachyphonus_coronatus,2010,,,-50.6967,-24.1431
Tachyphonus_coronatus,2009,,,-44.3856,-20.1614
Tachyphonus_coronatus,2010,82,,-46.016667,-23.033333
Tachyphonus_coronatus,2000,,9,-48.416666,-24.316666
Tachyphonus_coronatus,2014,89,9,-49.398056,-22.530694
Tachyphonus_coronatus,2011,89,,-46.016667,-23.033333
Tachyphonus_coronatus,2009,81.5,,-48.433333,-23.266667
Tachyphonus_coronatus,2005,82,,-46.02,-23.039
Tachyphonus_coronatus,2005,,,-47.405913,-23.96164
Tachyphonus_coronatus,2011,84,,-48.498056,-27.475556
Tachyphonus_coronatus,2010,75,,-46.016667,-23.033333
Tachyphonus_coronatus,1992,,,-49.233333,-26.366667
Tachyphonus_coronatus,2012,77,8.5,-50.6967,-24.1431
Tachyphonus_coronatus,2007,,,-44.683333,-20.6
Tachyphonus_coronatus,2017,86,8.4,-49.398056,-22.530694
Tachyphonus_coronatus,2010,84,,-46.016667,-23.033333
Tachyphonus_coronatus,2006,80.7,,-47,-23.833333
Tachyphonus_coronatus,2004,88.7,,-48.541493,-25.587558
Tachyphonus_coronatus,2011,,,-47.68371,-22.56855
Tachyphonus_coronatus,2006,88.4,,-47,-23.833333
Tachyphonus_coronatus,2010,80,9.54,-49.033333,-27.016667
Tachyphonus_coronatus,2002,81,9.92,-49.066667,-26.9
Tachyphonus_coronatus,2017,80,8.7,-49.398056,-22.530694
Tachyphonus_coronatus,2012,85,,-51.136167,-27.7955
Tachyphonus_coronatus,2011,,,-46.016667,-23.033333
Tachyphonus_coronatus,2006,83,,-47.81,-23.95
Tachyphonus_coronatus,2005,83,,-46.400954,-23.843052
Tachyphonus_coronatus,1997,82.7,,-48.422847,-25.356797
Tachyphonus_coronatus,2011,,,-47.68371,-22.56855
Tachyphonus_coronatus,2002,78.8,,-44.850694,-23.358056
Tachyphonus_coronatus,2010,81,,-46.016667,-23.033333
Tachyphonus_coronatus,2014,83,6.4,-49.398056,-22.530694
Tachyphonus_coronatus,2010,80,,-48.433333,-23.266667
Tachyphonus_coronatus,2011,,,-47.60982,-22.292
Tachyphonus_coronatus,2017,,,-47.245302,-24.06865
Tachyphonus_coronatus,2016,,10.36,-47.56375,-22.33372
Tachyphonus_coronatus,2004,,,-42.1964,-22.85394
Tachyphonus_coronatus,2015,77,,-46.369417,-23.842417
Tachyphonus_coronatus,2010,82,,-48.433333,-23.266667
Tachyphonus_coronatus,2010,80.1,,-49.356283,-25.583954
Tachyphonus_coronatus,2007,,,-45.516686,-23.1
Tachyphonus_coronatus,2006,81,,-48.46,-23.29
Tachyphonus_coronatus,2016,76,,-47.198404,-24.045634
Tachyphonus_coronatus,2013,90,8,-49.076722,-22.775
Tachyphonus_coronatus,2007,80,7.6,-44.202778,-23.175
Tachyphonus_coronatus,2015,82.67,,-48.981171,-25.49618
Tachyphonus_coronatus,2012,81,,-51.136167,-27.7955
Tachyphonus_coronatus,2014,82,,-48.541493,-25.587558
Tachyphonus_coronatus,2015,87,,-46.305028,-23.883583
Tachyphonus_coronatus,2013,83.5,14.1,-41.74221111,-20.49504444
Tachyphonus_coronatus,2013,86,8.7,-49.076722,-22.775
Tachyphonus_coronatus,2011,88,,-48.498056,-27.475556
Tachyphonus_coronatus,2009,78,,-40.601667,-19.936111
Tachyphonus_coronatus,1999,84,,-47.841667,-21.971667
Tachyphonus_coronatus,2006,72,8.2,-49.066667,-26.9
Tachyphonus_coronatus,2012,80,9.6,-50.6967,-24.1431
Tachyphonus_coronatus,2001,,,-44.193483,-23.182683
Tachyphonus_coronatus,2009,,,-48.433333,-23.266667
Tachyphonus_coronatus,2004,85,,-42.512333,-22.439117
Tachyphonus_coronatus,2010,89,,-48.433333,-23.266667
Tachyphonus_coronatus,2003,79,,-41.664975,-22.276078
Tachyphonus_coronatus,2010,91,,-46.016667,-23.033333
Tachyphonus_coronatus,2008,90,8.2,-49.5,-27.116667
Tachyphonus_coronatus,2012,,,-47.69429,-22.50735
Tachyphonus_coronatus,2017,,,-47.245302,-24.06865
Tachyphonus_coronatus,2012,80,,-48.541493,-25.587558
Tachyphonus_coronatus,2010,80,,-48.433333,-23.266667
Tachyphonus_coronatus,2012,86,,-48.366667,-27.240278
Tachyphonus_coronatus,2017,72,,-50.178935,-29.482103
Tachyphonus_coronatus,2008,,,-43.4381,-20.2067
Tachyphonus_coronatus,2015,82,8,-49.402289,-22.529975
Tachyphonus_coronatus,2016,74,,-49.672487,-22.37698
Tachyphonus_coronatus,2010,,,-48.433333,-23.266667
Tachyphonus_coronatus,2004,81.7,,-48.541493,-25.587558
Tachyphonus_coronatus,2013,77,,-44.41,-19.8886
Tachyphonus_coronatus,2016,,10.55,-47.5985,-22.21679
Tachyphonus_coronatus,2003,87.8,,-48.541493,-25.587558
Tachyphonus_coronatus,2011,,,-43.4881,-20.0978
Tachyphonus_coronatus,2013,83,,-51.136167,-27.7955
Tachyphonus_coronatus,2005,90.3,19.1,-48.883333,-27.083333
Tachyphonus_coronatus,2013,81,9.9,-50.6967,-24.1431
Tachyphonus_coronatus,2016,83.5,,-48.4981,-27.4756
Tachyphonus_coronatus,2009,,,-48.433333,-23.266667
Tachyphonus_coronatus,2005,,,-47.453913,-23.907938
Tachyphonus_coronatus,1999,89,,-47.841667,-21.971667
Tachyphonus_coronatus,2011,82,,-48.498056,-27.475556
Tachyphonus_coronatus,2011,87,6.6,-49.398056,-22.530694
Tachyphonus_coronatus,2017,72.5,,-50.178935,-29.482103
Tachyphonus_coronatus,2008,,,-43.4381,-20.2067
Tachyphonus_coronatus,2001,79,10,-49.15,-27.016667
Tachyphonus_coronatus,2016,80.7,,-48.67189,-25.311564
Tachyphonus_coronatus,2012,,,-48.992205,-25.49548
Tachyphonus_coronatus,2012,80,,-50.851889,-28.031444
Tachyphonus_coronatus,2001,80.2,9.5,-48.52396,-27.71722
Tachyphonus_coronatus,2011,,,-47.59842,-22.21617
Tachyphonus_coronatus,2009,,,-48.433333,-23.266667
Tachyphonus_coronatus,2005,89,,-48.46,-23.29
Tachyphonus_coronatus,2011,75,,-48.498056,-27.475556
Tachyphonus_coronatus,2015,89,,-46.457653,-23.876918
Tachyphonus_coronatus,2015,84,,-47.253177,-24.086093
Tachyphonus_coronatus,2009,85,10.7,-49.066667,-26.9
Tachyphonus_coronatus,2012,,,-47.70173,-22.48051
Tachyphonus_coronatus,2012,,,-47.70173,-22.48051
Tachyphonus_coronatus,2017,,,-47.245302,-24.06865
Tachyphonus_coronatus,2005,78,,-43.787333,-22.370933
Tachyphonus_coronatus,2014,82.1,,-48.541493,-25.587558
Tachyphonus_coronatus,2017,75.5,,-50.178935,-29.482103
Tachyphonus_coronatus,2010,,,-48.433333,-23.266667
Tachyphonus_coronatus,2005,85.5,,-46.399266,-23.833688
Tachyphonus_coronatus,2011,83,11,-50.6967,-24.1431
Tachyphonus_coronatus,2004,,,-43.716667,-20.783333
Tachyphonus_coronatus,2010,78,,-48.433333,-23.266667
Tachyphonus_coronatus,2004,,,-45.146028,-23.335944
Tachyphonus_coronatus,2012,,,-47.59842,-22.21617
Tachyphonus_coronatus,2010,,,-46.016667,-23.033333
Tachyphonus_coronatus,2014,80.43,7.61,-48.34105,-25.14759
Ilicura_militaris,2015,54.5,,-47.198404,-24.045634
Ilicura_militaris,2006,63,,-45.982,-23.633
Ilicura_militaris,2017,60,,-49.223139,-28.167889
Ilicura_militaris,2002,,5.5,-48.40777778,-24.278333
Ilicura_militaris,2011,,,-43.4881,-20.0978
Ilicura_militaris,2015,,,-47.245302,-24.06865
Ilicura_militaris,2001,,,-48.40777778,-24.278333
Ilicura_militaris,2006,,,-47.377344,-23.957743
Ilicura_militaris,2006,,,-47.46575,-23.903054
Ilicura_militaris,2002,64.1,7.8,-45.427917,-23.593222
Ilicura_militaris,2017,53,,-47.245302,-24.06865
Ilicura_militaris,2004,59,4.6,-42.737667,-22.4084
Ilicura_militaris,2006,,,-41.003333,-20.4
Ilicura_militaris,2014,55,5.8,-41.74221111,-20.49504444
Ilicura_militaris,2002,63.1,,-45.427917,-23.593222
Ilicura_militaris,2001,,,-48.40777778,-24.278333
Ilicura_militaris,2001,,,-48.40777778,-24.278333
Ilicura_militaris,1999,59,7.2,-49.153275,-26.906622
Ilicura_militaris,2002,62.5,7.4,-45.427917,-23.593222
Ilicura_militaris,2011,,,-43.5067,-20.08
Ilicura_militaris,2012,,,-43.9739,-20.0344
Ilicura_militaris,2008,,,-43.4022,-19.3975
Ilicura_militaris,1999,,,-48.364722,-24.304722
Ilicura_militaris,2000,,5.1,-48.416666,-24.316666
Ilicura_militaris,2017,52,,-47.245302,-24.06865
Ilicura_militaris,2000,,4.7,-48.416666,-24.316666
Ilicura_militaris,2011,,,-39.47375,-12.86025
Ilicura_militaris,2017,,,-47.198404,-24.045634
Ilicura_militaris,2001,,4.5,-48.40777778,-24.278333
Ilicura_militaris,2000,62,4.6,-49.15,-26.85
Ilicura_militaris,2014,60,3.5,-41.84374722,-20.41793889
Ilicura_militaris,2002,60.5,7.7,-45.427917,-23.593222
Ilicura_militaris,2013,60,10,-49.066667,-26.9
Ilicura_militaris,2017,55.5,,-48.67189,-25.311564
Ilicura_militaris,2004,80,13.1,-49.083333,-27.05
Ilicura_militaris,2002,60.7,8.5,-45.427917,-23.593222
Ilicura_militaris,2001,,,-48.40777778,-24.278333
Ilicura_militaris,2016,56.3,,-48.681405,-25.29377
Ilicura_militaris,2009,,,-43.5103,-20.1536
Ilicura_militaris,2002,59,7.2,-42.38333,-22.5
Ilicura_militaris,2013,60,,-49.671408,-28.649798
Ilicura_militaris,2002,63.7,7.6,-45.427917,-23.593222
Ilicura_militaris,2014,61,5.7,-41.74221111,-20.49504444
Ilicura_militaris,2004,57,,-42.263883,-22.32395
Ilicura_militaris,2001,,4.6,-48.40777778,-24.278333
Ilicura_militaris,2007,,,-47.46575,-23.903054
Ilicura_militaris,2009,,,-44.4336,-20.1306
Ilicura_militaris,2016,58,,-47.253177,-24.086093
Ilicura_militaris,2015,61,6.7,-41.02029722,-20.39838889
Ilicura_militaris,2015,,,-47.245302,-24.06865
Turdus_rufiventris,2003,117,5.44,-52.53671,-32.538503
Turdus_rufiventris,2004,,,-49.356283,-25.583954
Turdus_rufiventris,2013,120,15,-49.05,-26.866667
Turdus_rufiventris,2011,,,-43.5067,-20.08
Turdus_rufiventris,2011,,,-43.5067,-20.08
Turdus_rufiventris,2016,101,,-50.178935,-29.482103
Turdus_rufiventris,2016,125.4,,-44.4344,-19.8686
Turdus_rufiventris,2003,118,5.68,-52.53671,-32.538503
Turdus_rufiventris,2003,124,6.51,-52.53671,-32.538503
Turdus_rufiventris,2003,125,7,-49.066667,-26.9
Turdus_rufiventris,2008,125,9.3,-49.066667,-26.9
Turdus_rufiventris,2017,100,,-51.737332,-30.057747
Turdus_rufiventris,2002,126,13.55,-49.066667,-26.9
Turdus_rufiventris,2011,122,13,-49.1,-26.833333
Turdus_rufiventris,2014,,,-46.749083,-22.950948
Turdus_rufiventris,2004,98,,-51.302929,-30.051014
Turdus_rufiventris,2017,102.5,,-51.737332,-30.057747
Turdus_rufiventris,2010,114,8,-49.114952,-26.904059
Turdus_rufiventris,2007,120.8,6.36,-49.285917,-25.406312
Turdus_rufiventris,1999,119.12,11.44,-35.833611,-8.710278
Turdus_rufiventris,2016,105,,-50.171519,-29.478818
Turdus_rufiventris,2012,122,14,-49.066667,-26.9
Turdus_rufiventris,2015,119,14,-49.066667,-26.9
Turdus_rufiventris,2007,,,-45.9333,-22.7
Turdus_rufiventris,2000,96,11.3,-49.2183,-26.7435
Turdus_rufiventris,2003,118,,-51.302929,-30.051014
Turdus_rufiventris,2016,101,,-50.18545,-29.491353
Turdus_rufiventris,2009,119,7.35,-52.479233,-31.527057
Turdus_rufiventris,2013,,,-46.750972,-22.971141
Turdus_rufiventris,2014,123,14.5,-49.066667,-26.9
Turdus_rufiventris,2010,110,13.4,-49.166667,-26.733333
Turdus_rufiventris,2014,,,-46.749083,-22.950948
Turdus_rufiventris,2011,118,10,-49.066667,-26.9
Turdus_rufiventris,2000,118,13.5,-49.061158,-26.916176
Turdus_rufiventris,1992,,,-49.016667,-26.283333
Turdus_rufiventris,2017,98,,-51.737332,-30.057747
Turdus_rufiventris,2009,120,8.28,-51.186979,-30.028615
Turdus_rufiventris,2010,,,-42.8764,-21.9108
Turdus_rufiventris,2017,102,,-51.737332,-30.057747
Turdus_rufiventris,2006,122,8.34,-52.503672,-31.623367
Turdus_rufiventris,2002,113,,-51.302929,-30.051014
Turdus_rufiventris,2011,,,-43.5061,-20.0797
Turdus_rufiventris,2005,102,,-51.302929,-30.051014
Turdus_rufiventris,2016,103,,-50.18545,-29.491353
Turdus_rufiventris,2015,160,14,-49.066667,-26.9
Turdus_rufiventris,2017,97,,-51.737332,-30.057747
Turdus_rufiventris,2006,117.7,9.8,-49.05,-26.866667
Turdus_rufiventris,2007,119,6.9,-49.285917,-25.406312
Turdus_rufiventris,2012,111,,-49.403256,-28.600583
Turdus_rufiventris,2007,,,-45.9,-23.350011
Turdus_rufiventris,2002,115,6.45,-52.53671,-32.538503
Turdus_rufiventris,2017,102,,-51.737332,-30.057747
Turdus_rufiventris,2003,122,6.15,-52.53671,-32.538503
Turdus_rufiventris,2001,119,5.95,-52.53671,-32.538503
Turdus_rufiventris,2012,,,-43.9925,-19.9192
Turdus_rufiventris,2016,103,,-50.171519,-29.478818
Turdus_rufiventris,2012,121,,-49.403256,-28.600583
Turdus_rufiventris,2012,117,,-49.403256,-28.600583
Turdus_rufiventris,2002,98,,-51.302929,-30.051014
Turdus_rufiventris,2000,103,12.3,-49.17027,-26.77639
Turdus_rufiventris,2012,115,,-49.403256,-28.600583
Turdus_rufiventris,2000,120,14.6,-49.17027,-26.77639
Turdus_rufiventris,2007,120.3,7,-49.308679,-25.42167
Turdus_rufiventris,2013,,,-46.740843,-22.963396
Turdus_rufiventris,2013,,,-46.740843,-22.963396
Turdus_rufiventris,2002,126,13.4,-49.358244,-26.948522
Turdus_rufiventris,2009,106.1,,-40.423528,-20.592528
Turdus_rufiventris,2004,107,,-49.356283,-25.583954
Turdus_rufiventris,2014,115,13,-49.066667,-26.9
Turdus_rufiventris,2012,115,13,-49.066667,-26.9
Turdus_rufiventris,2005,120,8.25,-51.302778,-30.048056
Turdus_rufiventris,2000,122,13.06,-49.166667,-26.733333
Turdus_rufiventris,2004,100,,-51.302929,-30.051014
Turdus_rufiventris,2007,116,6.8,-49.285917,-25.406312
Turdus_rufiventris,2011,120.5,11,-49.05102,-26.928255
Turdus_rufiventris,2015,118,,-49.636667,-28.160833
Turdus_rufiventris,2004,113,6.56,-52.53671,-32.538503
Turdus_rufiventris,2015,,,-43.5067,-20.08
Turdus_rufiventris,2007,,,-45.9,-23.350012
Turdus_rufiventris,2006,125,7.5,-49.066667,-26.9
Turdus_rufiventris,2003,120,5.9,-52.53671,-32.538503
Turdus_rufiventris,2007,,,-45.9,-23.35001
Turdus_rufiventris,2007,119.8,6,-49.308679,-25.42167
Turdus_rufiventris,2000,103.6,11.4,-49.2183,-26.7435
Turdus_rufiventris,2013,,,-46.740843,-22.963396
Turdus_rufiventris,2013,,,-46.750972,-22.971141
Turdus_rufiventris,2016,116.5,,-44.4344,-19.8686
Turdus_rufiventris,2005,105,,-51.302929,-30.051014
Turdus_rufiventris,2010,122,7.68,-52.508805,-31.620537
Turdus_rufiventris,2009,,,-44.3856,-20.1614
Turdus_rufiventris,2002,121,14.03,-50.583333,-27.266667
Turdus_rufiventris,2002,105,,-51.302929,-30.051014
Turdus_rufiventris,2012,114,15.4,-49.066667,-26.9
Turdus_rufiventris,2007,110.7,6.7,-49.308679,-25.42167
Turdus_rufiventris,2001,120,12.7,-49.266667,-26.816667
Turdus_rufiventris,2007,120.5,13.2,-49.5,-27.116667
Turdus_rufiventris,2017,106,,-51.737332,-30.057747
Turdus_rufiventris,2001,116,5.39,-52.53671,-32.538503
Turdus_rufiventris,2016,,,-50.178935,-29.482103
Turdus_rufiventris,2004,,7.32,-51.218164,-30.035373
Turdus_rufiventris,2009,,,-43.4881,-20.0978
Turdus_rufiventris,2014,120,,-49.641667,-28.153056
Turdus_rufiventris,2007,,,-43.45,-19.9667
Turdus_rufiventris,1992,,,-49.016667,-26.283333
Turdus_rufiventris,2012,115,,-49.403256,-28.600583
Turdus_rufiventris,2017,98,,-51.737332,-30.057747
Turdus_albicollis,2011,104.8,9.45,-36.405802,-8.20199
Turdus_albicollis,2012,110,,-49.403256,-28.600583
Turdus_albicollis,2000,,9.9,-48.416666,-24.316666
Turdus_albicollis,1997,101.64,12.3,-49.083333,-27.05
Turdus_albicollis,2009,109,12.6,-49.066667,-26.9
Turdus_albicollis,2014,120.2,,-44.2083,-15.7253
Turdus_albicollis,1992,,,-49.066667,-27.15
Turdus_albicollis,2015,119,6.7,-41.02029722,-20.39838889
Turdus_albicollis,2006,106,,-48.541493,-25.587558
Turdus_albicollis,1999,113.09,11.05,-35.505556,-7.618194
Turdus_albicollis,2011,,,-43.5067,-20.08
Turdus_albicollis,2011,,,-43.5067,-20.08
Turdus_albicollis,2016,91.5,,-50.18545,-29.491353
Turdus_albicollis,2012,115,13,-49.066667,-26.9
Turdus_albicollis,2014,,,-43.4714,-19.9975
Turdus_albicollis,2014,,,-43.4272,-18.5464
Turdus_albicollis,2012,110,,-49.403256,-28.600583
Turdus_albicollis,2011,112,14,-48.65,-27.483333
Turdus_albicollis,2012,117,15,-49.066667,-27
Turdus_albicollis,2015,,,-43.5067,-20.08
Turdus_albicollis,2012,116,,-49.405145,-28.599546
Turdus_albicollis,1999,109.74,11.96,-35.505556,-7.618194
Turdus_albicollis,2012,108,13,-49.066667,-26.9
Turdus_albicollis,2008,109.5,,-48.541493,-25.587558
Turdus_albicollis,2000,109,12.5,-49.05,-26.866667
Turdus_albicollis,2015,,,-43.5067,-20.08
Turdus_albicollis,1992,,,-48.866667,-26.083333
Turdus_albicollis,2011,113.45,10.7,-36.405802,-8.20199
Turdus_albicollis,1992,,,-49.016667,-26.283333
Turdus_albicollis,2002,105,11,-49.066667,-26.9
Turdus_albicollis,2004,87,10.82,-49.083333,-27.05
Turdus_albicollis,2011,110,12,-49.066667,-27
Turdus_albicollis,1992,,,-48.866667,-26.083333
Turdus_albicollis,2002,113,4.87,-52.53671,-32.538503
Turdus_albicollis,2001,110.5,12.1,-48.474789,-27.585696
Turdus_albicollis,2011,,,-43.5067,-20.08
Turdus_albicollis,2017,89,,-50.186006,-29.499814
Turdus_albicollis,2001,111,13.3,-49.066667,-26.9
Turdus_albicollis,1992,,,-49.016667,-26.283333
Turdus_albicollis,2011,113.6,10.8,-36.405802,-8.20199
Turdus_albicollis,2013,111,12.25,-47.949986,-24.16386
Turdus_albicollis,2000,97.6,5.6,-49.17027,-26.77639
Turdus_albicollis,2012,109,,-49.403256,-28.600583
Turdus_albicollis,2000,116.1,9.97,-49.05,-26.866667
Turdus_albicollis,1992,,,-49.016667,-26.283333
Turdus_albicollis,2011,,,-43.5067,-20.08
Turdus_albicollis,2009,,,-43.5103,-20.1536
Turdus_albicollis,2012,111.25,10.1,-35.712064,-8.545119
Turdus_albicollis,2003,106,5.72,-52.53671,-32.538503
Turdus_albicollis,2001,106.7,11.2,-48.512518,-27.531353
Turdus_albicollis,2007,,,-43.45,-19.9667
Turdus_albicollis,1998,110.79,10.89,-42.95,-19.966667
Turdus_albicollis,2016,,,-50.178935,-29.482103
Turdus_albicollis,2000,113.14,11.19,-35.864361,-8.98225
Turdus_albicollis,2007,,,-44.683333,-20.6
Turdus_albicollis,2015,,,-43.5067,-20.08
Turdus_albicollis,1992,,,-49.016667,-26.283333
Turdus_albicollis,2003,105,5.17,-52.53671,-32.538503
Turdus_albicollis,2009,110,11,-53.065153,-27.176864
Turdus_albicollis,2003,112,9.1,-49.083333,-27.05
Turdus_albicollis,2001,113.3,11,-48.52396,-27.71722
Turdus_albicollis,2011,,,-43.4881,-20.0978
Turdus_albicollis,2002,106,5.13,-52.53671,-32.538503
Turdus_albicollis,2012,110,,-49.403256,-28.600583
Turdus_albicollis,2002,110,6.53,-52.53671,-32.538503
Turdus_albicollis,2008,113,,-48.541493,-25.587558
Turdus_albicollis,2012,116,11.1,-49.066667,-26.9
Turdus_albicollis,2012,115,,-49.403256,-28.600583
Turdus_albicollis,2003,115,5.47,-52.53671,-32.538503
Turdus_albicollis,2013,,8.07,-39.45902778,-13.89791667
Turdus_albicollis,1992,,,-48.716667,-26.066667
Turdus_albicollis,1992,,,-49.233333,-26.366667
Turdus_albicollis,2010,156,6.2,-35.746496,-6.968757
Turdus_albicollis,2014,,,-43.8681,-20.1628
Turdus_albicollis,2005,110,,-48.46,-23.29
Turdus_albicollis,2012,110,,-49.403256,-28.600583
Turdus_albicollis,2006,,,-48.541493,-25.587558
Turdus_albicollis,2009,,,-43.5103,-20.1536
Zonotrichia_capensis,2016,,,-42.6714,-15.9039
Zonotrichia_capensis,2007,,,-43.45,-19.9667
Zonotrichia_capensis,2003,72,5.29,-52.53671,-32.538503
Zonotrichia_capensis,2015,66,,-48.4981,-27.4756
Zonotrichia_capensis,2005,64.5,,-51.302929,-30.051014
Zonotrichia_capensis,2010,63,6.65,-54.241637,-23.058797
Zonotrichia_capensis,2015,,,-43.5072,-20.0806
Zonotrichia_capensis,2002,,,-49.348803,-25.589976
Zonotrichia_capensis,2016,,,-48.4981,-27.4756
Zonotrichia_capensis,2014,,,-43.4719,-20.0003
Zonotrichia_capensis,2009,67.2,,-40.423194,-20.595667
Zonotrichia_capensis,2010,64,,-40.415361,-20.584639
Zonotrichia_capensis,2010,63,,-48.433333,-23.266667
Zonotrichia_capensis,2015,70,,-49.636667,-28.160833
Zonotrichia_capensis,2016,65,,-48.4981,-27.4756
Zonotrichia_capensis,2007,63,8.1,-51.887227,-26.918511
Zonotrichia_capensis,2013,,,-48.992205,-25.49548
Zonotrichia_capensis,2004,,,-41.816667,-20.466667
Zonotrichia_capensis,2017,,,-47.543972,-22.396028
Zonotrichia_capensis,2015,,,-43.5072,-20.0806
Zonotrichia_capensis,2010,70,,-48.433333,-23.266667
Zonotrichia_capensis,2017,64,,-48.4981,-27.4756
Zonotrichia_capensis,2017,62,,-48.4981,-27.4756
Zonotrichia_capensis,2012,,,-48.992205,-25.49548
Zonotrichia_capensis,2010,65,,-48.433333,-23.266667
Zonotrichia_capensis,2017,66,,-48.4981,-27.4756
Zonotrichia_capensis,2002,69.2,,-49.348803,-25.589976
Zonotrichia_capensis,2012,,,-43.1269,-16.0714
Zonotrichia_capensis,2006,70.9,,-49.356283,-25.583954
Zonotrichia_capensis,2009,,,-40.423528,-20.592528
Zonotrichia_capensis,2010,67.7,,-40.414917,-20.585667
Zonotrichia_capensis,2012,,,-43.4711,-20
Zonotrichia_capensis,2017,66,,-48.4981,-27.4756
Zonotrichia_capensis,2011,64.1,,-40.418694,-20.580528
Zonotrichia_capensis,2002,68.3,,-49.348803,-25.589976
Zonotrichia_capensis,2015,70,,-49.636667,-28.160833
Zonotrichia_capensis,2012,,,-43.4711,-20
Zonotrichia_capensis,2009,,,-40.423528,-20.592528
Zonotrichia_capensis,2010,62.6,,-40.416722,-20.584694
Zonotrichia_capensis,2005,60,,-51.302929,-30.051014
Zonotrichia_capensis,2012,,,-47.543972,-22.396028
Zonotrichia_capensis,2002,70,,-49.348803,-25.589976
Zonotrichia_capensis,2016,66,,-48.4981,-27.4756
Zonotrichia_capensis,2015,,,-43.4711,-20
Zonotrichia_capensis,2017,65,,-48.4981,-27.4756
Zonotrichia_capensis,2016,67,,-49.636667,-28.160833
Zonotrichia_capensis,2000,65,,-51.311119,-30.050411
Zonotrichia_capensis,2015,72,,-49.636667,-28.160833
Zonotrichia_capensis,2004,70.8,,-49.356283,-25.583954
Zonotrichia_capensis,2000,,8.3,-49.05,-26.866667
Zonotrichia_capensis,2016,,,-48.4981,-27.4756
Zonotrichia_capensis,2017,,,-48.4981,-27.4756
Zonotrichia_capensis,2009,,,-43.9369,-20.29
Zonotrichia_capensis,2002,,,-49.348803,-25.589976
Zonotrichia_capensis,2006,,,-41.733333,-20.483333
Zonotrichia_capensis,2011,63.8,,-40.417778,-20.583972
Zonotrichia_capensis,2013,,,-48.992205,-25.49548
Zonotrichia_capensis,2010,68,,-48.433333,-23.266667
Zonotrichia_capensis,2015,69,,-49.636667,-28.160833
Zonotrichia_capensis,2015,69,,-49.641667,-28.153056
Zonotrichia_capensis,2015,65,,-48.4981,-27.4756
Zonotrichia_capensis,2017,65,,-48.4981,-27.4756
Zonotrichia_capensis,2016,63,,-50.178935,-29.482103
Zonotrichia_capensis,2012,,,-43.1269,-16.0714
Zonotrichia_capensis,2002,63.9,,-49.348803,-25.589976
Zonotrichia_capensis,2012,,,-47.543972,-22.396028
Zonotrichia_capensis,2012,,,-47.543972,-22.396028
Zonotrichia_capensis,2009,,,-40.423528,-20.592528
Zonotrichia_capensis,2016,68,,-48.4981,-27.4756
Zonotrichia_capensis,2000,70,8,-49.166667,-26.733333
Zonotrichia_capensis,2016,69,,-48.4981,-27.4756
Zonotrichia_capensis,2016,,,-50.178935,-29.482103
Zonotrichia_capensis,2009,,,-43.9369,-20.29
Zonotrichia_capensis,2015,,,-43.4711,-20
Zonotrichia_capensis,2011,,,-43.4708,-19.9989
Zonotrichia_capensis,2017,65,,-48.4981,-27.4756
Zonotrichia_capensis,2003,59,,-51.302929,-30.051014
Zonotrichia_capensis,2016,56,,-50.178935,-29.482103
Zonotrichia_capensis,2016,59.5,,-50.178935,-29.482103
Zonotrichia_capensis,2014,74,,-49.645556,-28.165556
Zonotrichia_capensis,2017,63.5,,-48.4981,-27.4756
Zonotrichia_capensis,2013,,,-48.992205,-25.49548
Zonotrichia_capensis,2004,61,,-51.302929,-30.051014
Zonotrichia_capensis,2004,,,-41.816667,-20.466667
Zonotrichia_capensis,2004,69,,-50.970122,-29.60562
Zonotrichia_capensis,2009,,,-44.415,-20.1475
Zonotrichia_capensis,2015,71,,-49.636667,-28.160833
Zonotrichia_capensis,2010,63.9,,-40.416861,-20.588917
Zonotrichia_capensis,2016,66,,-48.4981,-27.4756
Zonotrichia_capensis,2013,,,-47.543972,-22.396028
Zonotrichia_capensis,2017,64,,-48.4981,-27.4756
Zonotrichia_capensis,2015,68,,-48.4981,-27.4756
Zonotrichia_capensis,2014,73,,-49.645556,-28.165556
Zonotrichia_capensis,1997,65.8,,-48.422847,-25.356797
Zonotrichia_capensis,2011,67.5,,-40.417639,-20.581778
Zonotrichia_capensis,2005,66.5,,-51.302929,-30.051014
Zonotrichia_capensis,2009,66.5,,-40.421322,-20.415332
Coereba_flaveola,2012,57.5,,-40.423528,-20.592528
Coereba_flaveola,2003,62,3.58,-52.53671,-32.538503
Coereba_flaveola,2017,51,,-48.4981,-27.4756
Coereba_flaveola,2009,,,-40.423194,-20.595667
Coereba_flaveola,2011,,,-43.5075,-20.0819
Coereba_flaveola,2016,,,-43.8603,-19.9944
Coereba_flaveola,2016,,,-43.4711,-20
Coereba_flaveola,2009,,,-43.9436,-20.2822
Coereba_flaveola,2014,,,-43.4719,-20.0003
Coereba_flaveola,2009,54.7,,-40.423194,-20.595667
Coereba_flaveola,2007,,,-43.45,-19.9667
Coereba_flaveola,2013,51.9,,-40.416667,-20.586417
Coereba_flaveola,1999,57.91,5.41,-35.833611,-8.710278
Coereba_flaveola,2004,56,3.17,-52.53671,-32.538503
Coereba_flaveola,2012,56,3.87,-35.18,-5.92
Coereba_flaveola,1998,,,-43.9917,-19.9194
Coereba_flaveola,2011,57.9,,-40.424917,-20.602917
Coereba_flaveola,1999,53.29,5.55,-35.369722,-7.595278
Coereba_flaveola,2010,54.4,,-40.426806,-20.59575
Coereba_flaveola,2009,54.6,,-40.423528,-20.592528
Coereba_flaveola,2009,,,-40.423194,-20.595667
Coereba_flaveola,2009,,,-40.423231,-20.415212
Coereba_flaveola,2013,,,-44.4261,-19.8683
Coereba_flaveola,2010,55.5,,-40.412528,-20.579222
Coereba_flaveola,2010,52.7,,-40.426806,-20.59575
Coereba_flaveola,2011,56.4,,-40.416639,-20.583083
Coereba_flaveola,2004,57,3.33,-52.53671,-32.538503
Coereba_flaveola,2010,,,-43.9372,-20.2903
Coereba_flaveola,2009,,,-40.423231,-20.415212
Coereba_flaveola,2009,,,-40.423194,-20.595667
Coereba_flaveola,1998,52,4.5,-49.061158,-26.916176
Coereba_flaveola,2011,,,-43.4714,-19.9969
Coereba_flaveola,1999,58.07,5.33,-35.833611,-8.710278
Coereba_flaveola,1999,54.01,6.92,-35.372222,-7.593611
Coereba_flaveola,2012,51.7,,-40.423231,-20.415212
Coereba_flaveola,2009,51,,-40.423194,-20.595667
Coereba_flaveola,2013,58.5,4.91,-35.18,-5.92
Coereba_flaveola,2000,51.2,5,-49.17027,-26.77639
Coereba_flaveola,2013,60,3.86,-51.174612,-30.058708
Coereba_flaveola,1999,,,-39.1028,-16.65549
Coereba_flaveola,2010,,,-40.426806,-20.59575
Coereba_flaveola,2012,,,-43.4711,-20
Coereba_flaveola,2007,,,-43.45,-19.9667
Coereba_flaveola,2009,56.5,3.79,-35.2,-5.84
Coereba_flaveola,2011,,,-43.5075,-20.0819
Coereba_flaveola,2009,,,-40.423194,-20.595667
Coereba_flaveola,2010,51.4,,-40.426806,-20.59575
Coereba_flaveola,2011,,,-42.5725,-16.0097
Coereba_flaveola,2012,,,-43.4711,-20
Coereba_flaveola,1992,,,-49.233333,-26.366667
Coereba_flaveola,2009,,,-40.423528,-20.592528
Coereba_flaveola,2010,56.5,4.43,-35.18,-5.92
Coereba_flaveola,2012,,,-43.1278,-16.0736
Coereba_flaveola,2012,56,4.57,-35.18,-5.92
Coereba_flaveola,2002,62,3.5,-52.304534,-32.090097
Coereba_flaveola,2006,55.7,,-48.541493,-25.587558
Coereba_flaveola,2009,,,-40.423528,-20.592528
Coereba_flaveola,2012,55.3,,-40.423528,-20.592528
Coereba_flaveola,2000,56.65,5.33,-35.833333,-8.983333
Coereba_flaveola,2011,51.2,,-40.411194,-20.60225
Coereba_flaveola,2002,61,,-51.191351,-30.070766
Coereba_flaveola,2011,57.7,,-40.410056,-20.573861
Coereba_flaveola,2012,,,-43.4711,-20
Coereba_flaveola,2012,,,-40.423231,-20.415212
Coereba_flaveola,2012,,,-43.9897,-19.9214
Coereba_flaveola,2016,,,-42.6714,-15.9039
Coereba_flaveola,2010,54.5,4.76,-35.18,-5.92
Coereba_flaveola,2012,54.5,4.78,-35.18,-5.92
Coereba_flaveola,1999,57.78,6.41,-35.369722,-7.595278
Coereba_flaveola,2012,56.2,,-40.422556,-20.5945
Tangara_cayana,2010,71,,-35.18,-5.92
Tangara_cayana,2012,72,,-35.18,-5.92
Tangara_cayana,2014,75,5.1,-49.398056,-22.530694
Tangara_cayana,2013,71,,-35.144167,-6.741389
Tangara_cayana,2010,71.5,,-35.18,-5.92
Tangara_cayana,2015,80,6.6,-49.402289,-22.529975
Tangara_cayana,2009,73,7.2,-35.144167,-6.741389
Tangara_cayana,2009,75,8.1,-35.144167,-6.741389
Tangara_cayana,2011,,,-35.18,-5.92
Tangara_cayana,2012,73,,-35.18,-5.92
Tangara_cayana,2012,76,,-35.18,-5.92
Tangara_cayana,2009,77,,-48.433333,-23.266667
Tangara_cayana,2011,,,-35.144167,-6.741389
Tangara_cayana,2011,,,-35.18,-5.92
Tangara_cayana,2011,,,-35.18,-5.92
Tangara_cayana,2012,72.2,,-35.18,-5.92
Tangara_cayana,2011,76,,-35.18,-5.92
Tangara_cayana,2017,,,-47.543972,-22.396028
Tangara_cayana,2012,74,,-35.18,-5.92
Tangara_cayana,2013,74,,-35.18,-5.92
Tangara_cayana,2010,,,-40.431389,-20.605556
Tangara_cayana,2010,73,,-35.18,-5.92
Tangara_cayana,2014,,,-35.18,-5.92
Tangara_cayana,2013,69,,-35.18,-5.92
Tangara_cayana,2017,76,7.2,-34.9532021832,-7.9964573463
Tangara_cayana,2014,,,-35.18,-5.92
Tangara_cayana,2009,70,6.3,-34.973484,-6.550309
Tangara_cayana,2013,72.6,,-44.4253,-19.8703
Tangara_cayana,2009,75,8.8,-35.144167,-6.741389
Tangara_cayana,2014,,,-35.18,-5.92
Tangara_cayana,2012,71.62,,-35.18,-5.92
Tangara_cayana,2010,,,-35.144167,-6.741389
Tangara_cayana,2013,74,,-35.18,-5.92
Tangara_cayana,2012,74,,-35.18,-5.92
Tangara_cayana,1999,68,,-39.746772,-18.708027
Tangara_cayana,2012,72,,-35.126,-6.700556
Tangara_cayana,2006,64,6.1,-35.139925,-6.741965
Tangara_cayana,2006,71,6.7,-35.139925,-6.741965
Tangara_cayana,2012,76,,-35.18,-5.92
Tangara_cayana,2012,74,,-35.18,-5.92
Tangara_cayana,2010,72,,-35.144167,-6.741389
Tangara_cayana,2010,,,-35.144167,-6.741389
Tangara_cayana,2012,70.5,,-35.18,-5.92
Tangara_cayana,2011,68,,-35.18,-5.92
Tangara_cayana,2010,74,6.3,-35.144167,-6.741389
Tangara_cayana,2011,74.5,,-35.18,-5.92
Tangara_cayana,2011,70,,-35.18,-5.92
Tangara_cayana,2012,72.5,,-35.18,-5.92
Tangara_cayana,2009,,,-35.144167,-6.741389
Tangara_cayana,2012,69.5,,-35.18,-5.92
Tangara_cayana,2015,,,-43.4711,-20
Tangara_cayana,2013,73.2,6.85,-35.154812,-7.042276
Tangara_cayana,2010,72,7.2,-35.144167,-6.741389
Tangara_cayana,1999,75,,-39.221283,-17.3042
Tangara_cayana,2009,70,7,-35.144167,-6.741389
Tangara_cayana,2012,71.62,,-35.18,-5.92
Tangara_cayana,2012,74.3,7.55,-34.965648,-7.466816
Tangara_cayana,2010,75,,-35.18,-5.92
Tangara_cayana,2011,74,,-35.18,-5.92
Tangara_cayana,2009,70,8,-35.144167,-6.741389
Tangara_cayana,2014,,,-35.18,-5.92
Tangara_cayana,2012,70,,-35.144167,-6.741389
Tangara_cayana,2011,70,,-35.18,-5.92
Tangara_cayana,2011,74,,-35.144167,-6.741389
Tangara_cayana,2016,54,7.6,-47.403056,-23.24
Tangara_cayana,2008,,8.7,-36.655833,-10.4
Tangara_cayana,2010,80,,-48.433333,-23.266667
Tangara_cayana,2011,74,,-35.18,-5.92
Tangara_cayana,2013,70,,-35.18,-5.92
Tangara_cayana,2012,70,,-35.18,-5.92
Tangara_cayana,2011,74,,-35.18,-5.92
Tangara_cayana,2011,,,-35.18,-5.92
Tangara_cayana,2013,,,-35.144167,-6.741389
Tangara_cayana,2014,76,,-35.18,-5.92
Tangara_cayana,2011,71,,-35.18,-5.92
Tangara_cayana,2013,75,,-35.18,-5.92
Tangara_cayana,2010,,,-35.144167,-6.741389
Tangara_cayana,2009,,,-44.415,-20.1475
Tangara_cayana,2013,72,,-35.18,-5.92
Tangara_cayana,2013,70,,-35.144167,-6.741389
Tangara_cayana,2011,73,,-35.18,-5.92
Tangara_cayana,2009,74,8.1,-35.144167,-6.741389
Tangara_cayana,2014,,,-35.18,-5.92
Tangara_cayana,2011,70.5,,-35.18,-5.92
Tangara_cayana,2010,,,-48.433333,-23.266667
Tangara_cayana,2011,,,-43.4881,-20.0978
Tangara_cayana,2012,,,-35.18,-5.92
Tangara_cayana,2009,76,7.5,-35.144167,-6.741389
Tangara_cayana,2013,,,-35.18,-5.92
Tangara_cayana,2010,70,,-35.18,-5.92
Tangara_cayana,2006,74,8.4,-35.139925,-6.741965
Tangara_cayana,2009,70,7.1,-35.144167,-6.741389
Tangara_cayana,2014,,,-35.18,-5.92
Tangara_cayana,2012,75,,-35.18,-5.92
Tangara_cayana,2011,,,-35.18,-5.92
Tangara_cayana,2011,71.5,,-35.18,-5.92
Tangara_cayana,2011,75,,-35.18,-5.92
Tangara_cayana,2009,,,-35.144167,-6.741389
Tangara_cayana,2012,61.6,,-35.18,-5.92
Tangara_cayana,2014,,,-35.18,-5.92
Tangara_cayana,2013,73.5,,-35.18,-5.92
Tangara_cayana,2009,70,7.8,-35.144167,-6.741389
Tangara_cayana,2010,,,-35.18,-5.92
Tangara_cayana,2012,72,,-35.18,-5.92
Tangara_cayana,2011,,,-35.18,-5.92
Tangara_cayana,2014,,,-35.18,-5.92
Tangara_cayana,2012,72,,-35.18,-5.92
Tangara_cayana,2013,73,,-35.144167,-6.741389
Tangara_cayana,2011,,,-35.144167,-6.741389
Tangara_cayana,2009,69.5,9.7,-34.973484,-6.550309
Tangara_cayana,2011,75,,-35.18,-5.92
Tangara_cayana,2010,,,-35.144167,-6.741389
Tangara_cayana,2014,,,-35.18,-5.92
Tangara_cayana,2015,76,7.2,-49.402289,-22.529975
Tangara_cayana,2011,,,-35.144167,-6.741389
Tangara_cayana,2012,67,,-35.126,-6.700556
Tangara_cayana,2008,,,-34.973484,-6.550309
Tangara_cayana,2013,,,-35.18,-5.92
Tangara_cayana,2012,73.5,,-35.18,-5.92
Tangara_cayana,2012,70,,-35.144167,-6.741389
Tangara_cayana,2011,72,,-35.18,-5.92
Tangara_cayana,2011,,,-35.144167,-6.741389
Tangara_cayana,2009,72,7.8,-35.144167,-6.741389
Tangara_cayana,2017,76,7.7,-49.398056,-22.530694
Tangara_cayana,2010,54,8.03,-38.41408333,-12.17980556
Tangara_cayana,2014,76,,-47.85306,-21.17113
Tangara_cayana,2010,75,7.3,-35.144167,-6.741389
Tangara_cayana,2012,70,,-35.18,-5.92
Tangara_cayana,2014,,,-35.18,-5.92
Tangara_cayana,2013,77,,-35.18,-5.92
Tangara_cayana,2011,73,,-35.18,-5.92
Tangara_cayana,2010,74.5,,-35.18,-5.92
Tangara_cayana,2016,67,7.7,-34.9532021832,-7.9964573463
Tangara_cayana,2014,,,-35.18,-5.92
Tangara_cayana,2012,,,-43.4711,-20
Tangara_cayana,2012,69,,-35.126,-6.700556
Tangara_cayana,2011,72,,-35.18,-5.92
Tangara_cayana,2016,67,9.6,-34.9532021832,-7.9964573463
Tangara_cayana,2014,,,-35.18,-5.92
Tangara_cayana,2006,74,7.3,-35.139925,-6.741965
Tangara_cayana,2009,69,8.1,-35.144167,-6.741389
Tangara_cayana,2009,81,7.3,-35.144167,-6.741389
Tangara_cayana,2012,72,,-35.18,-5.92
Tangara_cayana,2010,,,-43.4711,-20.0003
Tangara_cayana,2013,,,-35.18,-5.92
Tangara_cayana,2011,74.5,,-35.18,-5.92
Tangara_cayana,2014,72,7.1,-49.398056,-22.530694
Tangara_cayana,2011,71,,-35.18,-5.92
Tangara_cayana,2008,73,7.6,-36.434444,-10.465278
Tangara_cayana,2010,75,,-40.416861,-20.588917
Tangara_cayana,2014,,,-35.18,-5.92
Tangara_cayana,2012,72,,-35.18,-5.92
Tangara_cayana,2009,76,,-48.433333,-23.266667
Tangara_cayana,2011,73,,-35.18,-5.92
Tangara_cayana,2012,76.1,,-40.421322,-20.415332
Tangara_cayana,2010,70,,-35.18,-5.92
Tangara_cayana,2013,75,,-35.18,-5.92
Tangara_cayana,2014,,,-35.18,-5.92
Tangara_cayana,2011,,,-35.18,-5.92
Tangara_cayana,2011,74,,-35.18,-5.92
Tangara_cayana,2012,,,-35.18,-5.92
Tangara_cayana,2013,69,7.1,-35.154812,-7.042276
Tangara_cayana,2011,74,,-35.18,-5.92
Tangara_cayana,2009,71,6.8,-34.973484,-6.550309
Tangara_cayana,2011,71,,-35.18,-5.92
Tangara_cayana,2014,,,-35.18,-5.92
Tangara_cayana,2013,73.25,,-35.18,-5.92
Tangara_cayana,2014,,,-35.18,-5.92
Tangara_cayana,2009,,,-35.144167,-6.741389
Tangara_cayana,2011,,,-35.144167,-6.741389
Tangara_cayana,2011,71,,-35.18,-5.92
Tangara_cayana,2012,71,,-35.144167,-6.741389
Tangara_cayana,2013,71.5,,-35.18,-5.92
Tangara_cayana,2009,71,7.2,-35.144167,-6.741389
Tangara_cayana,2014,71.5,,-35.18,-5.92
Tangara_cayana,2012,68.5,,-35.18,-5.92
Tangara_cayana,2011,73,,-35.18,-5.92
Tangara_cayana,2012,70,,-35.18,-5.92
Tangara_cayana,2012,,,-35.18,-5.92
Tangara_cayana,2011,,,-35.18,-5.92
Tangara_cayana,2011,,,-35.144167,-6.741389
Tangara_cayana,1999,76,,-39.746772,-18.708027
Tangara_cayana,2013,70,,-35.18,-5.92
Tangara_cayana,2013,72,,-35.18,-5.92
Tangara_cayana,2010,69,,-35.144167,-6.741389
Tangara_cayana,2015,,,-43.5072,-20.0806
Tangara_cayana,2012,76.5,,-35.18,-5.92
Tangara_cayana,2011,70,,-35.144167,-6.741389
Tangara_cayana,2014,74,,-35.18,-5.92
Tangara_cayana,2009,70,7.1,-35.144167,-6.741389
Tangara_cayana,2011,67,,-35.144167,-6.741389
Tangara_cayana,2013,,,-35.18,-5.92
Tangara_cayana,2011,,,-35.18,-5.92
Tangara_cayana,2012,75,,-35.18,-5.92
Tangara_cayana,2013,74,,-35.126,-6.700556
Tangara_cayana,2009,71,8.1,-35.144167,-6.741389
Tangara_cayana,2006,79,,-48.46,-23.29
Tangara_cayana,2000,70.08,7.38,-34.930556,-7.928889
Tangara_cayana,2013,,,-35.18,-5.92
Tangara_cayana,2010,,,-35.144167,-6.741389
Tangara_cayana,2009,,,-44.415,-20.1475
Tangara_cayana,2010,,,-35.18,-5.92
Tangara_cayana,2010,70,,-35.18,-5.92
Tangara_cayana,2014,,,-35.18,-5.92
Tangara_cayana,2011,71.2,,-35.18,-5.92
Tangara_cayana,2006,73,8.6,-35.139925,-6.741965
Tangara_cayana,2012,,,-35.18,-5.92
Tangara_cayana,2011,,,-35.18,-5.92
Tangara_cayana,2011,75,,-35.18,-5.92
Tangara_cayana,2009,73,7.5,-35.144167,-6.741389
Tangara_cayana,2014,,,-35.18,-5.92
Tangara_cayana,2012,73,,-35.18,-5.92
Tangara_cayana,2013,68,,-35.18,-5.92
Tangara_cayana,2012,71.25,,-35.18,-5.92
Tangara_cayana,2012,,,-35.18,-5.92
Tangara_cayana,2014,,,-47.543972,-22.396028
Tangara_cayana,2011,,,-35.18,-5.92
Tangara_cayana,2009,,,-44.415,-20.1475
Tangara_cayana,2010,73,8.4,-35.746496,-6.968757
Tangara_cayana,2012,,,-35.18,-5.92
Tangara_cayana,2014,,,-35.18,-5.92
Tangara_cayana,2009,71,7.6,-35.144167,-6.741389
Tangara_cayana,2012,69,,-35.18,-5.92
Tangara_cayana,2014,,,-35.18,-5.92
Tangara_cayana,2009,73,8.8,-34.973484,-6.550309
Tangara_cayana,2012,73,,-35.126,-6.700556
Tangara_cayana,2012,70,,-35.144167,-6.741389
Tangara_cayana,2012,76,,-35.18,-5.92
Tangara_cayana,2011,72,,-35.18,-5.92
Tangara_cayana,2012,,,-43.1269,-16.0714
Tangara_cayana,2012,63,,-35.144167,-6.741389
Tangara_cayana,2012,73,,-35.18,-5.92
Tangara_cayana,2010,,,-35.144167,-6.741389
Tangara_cayana,2007,,,-44.6331,-15.6664
Tangara_cayana,2010,74.5,,-35.18,-5.92
Tangara_cayana,2012,64,,-35.18,-5.92
Tangara_cayana,2014,75.25,,-35.18,-5.92
Tangara_cayana,2010,73,,-35.18,-5.92
Tangara_cayana,2016,,,-42.6983,-16.08
Tangara_cayana,2012,73,,-35.18,-5.92
Tangara_cayana,2012,70,,-35.144167,-6.741389
Tangara_cayana,2010,73,7.3,-35.144167,-6.741389
Tangara_cayana,2010,,,-35.144167,-6.741389
Tangara_cayana,2011,75,,-35.18,-5.92
Tangara_cayana,2012,72.25,,-35.18,-5.92
Tangara_cayana,2008,68,7.4,-34.973484,-6.550309
Tangara_cayana,2011,70,,-35.18,-5.92
Tangara_cayana,2011,,,-35.144167,-6.741389
Tangara_cayana,2014,,,-35.18,-5.92
Tangara_cayana,2010,,,-35.18,-5.92
Tangara_cayana,2010,72,8.1,-35.144167,-6.741389
Tangara_cayana,2016,70,9,-34.9532021832,-7.9964573463
Tangara_cayana,2013,69,,-35.144167,-6.741389
Tangara_cayana,2010,,,-35.144167,-6.741389
Tangara_cayana,2010,79,,-48.433333,-23.266667
Tangara_cayana,2012,76,,-35.18,-5.92
Tangara_cayana,2000,68.91,8.16,-34.930556,-7.928889
Tangara_cayana,2010,67,,-35.144167,-6.741389
Tangara_cayana,2012,74,,-35.18,-5.92
Tangara_cayana,2012,,,-43.9364,-20.2953
Tangara_cayana,2012,70,,-35.144167,-6.741389
Tangara_cayana,2009,73.5,9,-34.973484,-6.550309
Tangara_cayana,2010,70,,-35.144167,-6.741389
Tangara_cayana,2011,75,,-35.18,-5.92
Tangara_cayana,2017,,,-47.543972,-22.396028
Tangara_cayana,2012,73,,-35.18,-5.92
Tangara_cayana,2009,,,-44.415,-20.1475
Tangara_cayana,2011,,,-35.144167,-6.741389
Tangara_cayana,2013,76,,-35.126,-6.700556
Tangara_cayana,2011,72,,-35.18,-5.92
Tangara_cayana,2011,,,-47.543972,-22.396028
Tangara_cayana,2013,69.5,,-35.18,-5.92
Tangara_cayana,2010,69,,-35.144167,-6.741389
Tangara_cayana,2012,71,,-35.144167,-6.741389
Tangara_cayana,2012,70,,-35.18,-5.92
Tangara_cayana,2010,75,7.6,-35.144167,-6.741389
Tangara_cayana,2014,,,-35.18,-5.92
Tangara_cayana,2010,,,-35.144167,-6.741389
Tangara_cayana,2012,74,,-35.18,-5.92
Tangara_cayana,2012,69.5,,-35.18,-5.92
Tangara_cayana,2012,68,,-35.18,-5.92
Tangara_cayana,2010,,,-35.18,-5.92
Tangara_cayana,2013,,,-35.18,-5.92
Tangara_cayana,2013,73.25,,-35.18,-5.92
Tangara_cayana,2011,73,,-35.18,-5.92
Tangara_cayana,2010,,,-35.144167,-6.741389
Tangara_cayana,2011,73.2,7,-36.405802,-8.20199
Tangara_cayana,2014,,,-35.18,-5.92
Tangara_cayana,2013,74,,-35.18,-5.92
Tangara_cayana,2010,,,-35.144167,-6.741389
Tangara_cayana,2012,72,,-35.18,-5.92
Tangara_cayana,2012,,,-35.18,-5.92
Tangara_cayana,2010,72,6.8,-35.144167,-6.741389
Tangara_cayana,2009,73,7,-35.144167,-6.741389
Tangara_cayana,2011,73,,-35.18,-5.92
Tangara_cayana,1996,67.58,8.74,-34.901833,-7.82675
Tangara_cayana,2012,70.45,7.4,-34.965648,-7.466816
Tangara_cayana,2013,,,-35.18,-5.92
Tangara_cayana,2010,,,-35.144167,-6.741389
Tangara_cayana,2010,78,,-35.18,-5.92
Tangara_cayana,2011,73,,-35.18,-5.92
Tangara_cayana,2017,,,-47.543972,-22.396028
Tangara_cayana,2011,71,,-35.18,-5.92
Tangara_cayana,2011,,,-35.18,-5.92
Tangara_cayana,2011,,,-35.144167,-6.741389
Tangara_cayana,2009,70,6.9,-35.144167,-6.741389
Tangara_cayana,2014,73,,-35.18,-5.92
Tangara_cayana,2006,69,8,-35.139925,-6.741965
Tangara_cayana,2017,72,9.7,-34.95615,-7.988219
Tangara_cayana,2011,,,-35.18,-5.92
Tangara_cayana,2008,71.5,7.9,-34.973484,-6.550309
Tangara_cayana,2011,74.5,,-35.18,-5.92
Tangara_cayana,2009,74,7.6,-35.144167,-6.741389
Tangara_cayana,2012,70,,-35.18,-5.92
Tangara_cayana,2012,74,,-35.18,-5.92
Tangara_cayana,2012,,,-35.18,-5.92
Tangara_cayana,2012,70.5,,-35.18,-5.92
Tangara_cayana,2012,75,,-35.18,-5.92
Tangara_cayana,2013,76,,-35.144167,-6.741389
Tangara_cayana,2012,,,-43.9364,-20.2953
Tangara_cayana,2010,,,-35.144167,-6.741389
Tangara_cayana,2014,74,,-35.18,-5.92
Tangara_cayana,2011,75,,-35.18,-5.92
Tangara_cayana,2008,71,6.4,-36.434444,-10.465278
Tangara_cayana,2011,72,,-35.18,-5.92
Tangara_cayana,2017,,10.75,-47.59813,-22.21768
Tangara_cayana,2014,,,-35.18,-5.92
Tangara_cayana,2000,72.06,8.91,-36.024444,-7.905556
Tangara_cayana,2010,,,-35.144167,-6.741389
Tangara_cayana,2014,72,,-35.18,-5.92
Tangara_cayana,2013,63,,-35.126,-6.700556
Tangara_cayana,2011,,,-35.18,-5.92
Tangara_cayana,2011,73,,-35.18,-5.92
Tangara_cayana,2011,,,-35.18,-5.92
Tangara_cayana,2010,,,-40.431389,-20.605556
Tangara_cayana,2014,,,-35.18,-5.92
Tangara_cayana,2011,73.1,,-35.18,-5.92
Tangara_cayana,2011,69.5,,-35.18,-5.92
Tangara_cayana,2014,75,6.1,-49.398056,-22.530694
Tangara_cayana,2010,,,-35.144167,-6.741389
Tangara_cayana,2011,,,-35.18,-5.92
Tangara_cayana,2011,73,,-35.18,-5.92
Tangara_cayana,2010,,,-35.144167,-6.741389
Tangara_cayana,2009,70,8.1,-35.144167,-6.741389
Tangara_cayana,2009,72,6.8,-35.144167,-6.741389
Tangara_cayana,2012,,,-35.18,-5.92
Tangara_cayana,2006,76,10,-35.139925,-6.741965
Tangara_cayana,2009,74,11.3,-35.144167,-6.741389
Tangara_cayana,2014,74,,-35.18,-5.92
Tangara_cayana,2012,,,-43.4711,-20
Tangara_cayana,2011,75,,-35.18,-5.92
Tangara_cayana,2005,77,,-48.46,-23.29
Tangara_cayana,2010,74.5,,-48.433333,-23.266667
Tangara_cayana,2016,,8.68,-47.59813,-22.21768
Tangara_cayana,2012,,,-43.9925,-19.9192
Tangara_cayana,2013,71,,-35.18,-5.92
Tangara_cayana,2013,70,,-35.144167,-6.741389
Tangara_cayana,2002,72.44,8.43,-35.196222,-8.041028
Tangara_cayana,2011,75,,-35.18,-5.92
Tangara_cayana,2010,74,8.6,-35.144167,-6.741389
Tangara_cayana,2010,70,7.6,-35.144167,-6.741389
Tangara_cayana,2012,65,,-35.126,-6.700556
Tangara_cayana,2012,69,,-35.18,-5.92
Tangara_cayana,2011,,,-35.18,-5.92
Tangara_cayana,2011,,,-35.18,-5.92
Tangara_cayana,2009,,,-35.144167,-6.741389
Tangara_cayana,2007,,,-44.683333,-20.6
Tangara_cayana,2010,72,,-35.18,-5.92
Tangara_cayana,2011,,,-35.144167,-6.741389
Tangara_cayana,2012,71.5,,-35.18,-5.92
Tangara_cayana,2009,69,9,-34.973484,-6.550309
Tangara_cayana,2012,71,,-35.18,-5.92
Tangara_cayana,2012,70,,-35.144167,-6.741389
Tangara_cayana,2013,74,,-35.18,-5.92
Tangara_cayana,2013,72,,-35.18,-5.92
Tangara_cayana,2011,74,,-35.18,-5.92
Tangara_cayana,2013,68.25,,-35.18,-5.92
Tangara_cayana,2013,,,-35.18,-5.92
Tangara_cayana,2016,,,-47.543972,-22.396028
Tangara_cayana,2009,71,8.5,-34.973484,-6.550309
Tangara_cayana,2014,74,6.7,-49.398056,-22.530694
Tangara_cayana,2012,73,,-35.18,-5.92
Tangara_cayana,2013,76,,-35.18,-5.92
Tangara_cayana,2014,69.5,,-35.18,-5.92
Tangara_cayana,2012,70.5,,-35.18,-5.92
Tangara_cayana,2011,,,-35.18,-5.92
Tangara_cayana,2012,,,-35.18,-5.92
Tangara_cayana,2010,52.5,,-35.18,-5.92
Tangara_cayana,2011,71,,-35.18,-5.92
Tangara_cayana,2011,73,,-35.18,-5.92
Tangara_cayana,2010,74,,-35.144167,-6.741389
Tangara_cayana,2011,69,,-35.18,-5.92
Tangara_cayana,2012,,,-35.18,-5.92
Tangara_cayana,2011,,,-35.144167,-6.741389
Tangara_cayana,2011,75,,-35.144167,-6.741389
Tangara_cayana,2014,72.25,,-35.18,-5.92
Tangara_cayana,2012,75,,-35.18,-5.92
Tangara_cayana,2011,71,,-35.18,-5.92
Tangara_cayana,2009,71,8.4,-35.144167,-6.741389
Tangara_cayana,2008,72.5,8.25,-34.973484,-6.550309
Tangara_cayana,2011,70.1,,-35.18,-5.92
Tangara_cayana,2013,73.5,,-35.18,-5.92
Tangara_cayana,2017,70,8.9,-34.9532021832,-7.9964573463
Tangara_cayana,2014,,,-35.18,-5.92
Tangara_cayana,2012,,,-35.18,-5.92
Tangara_cayana,2014,,,-35.18,-5.92
Tangara_cayana,2011,76.5,,-35.18,-5.92
Tangara_cayana,2011,73,,-35.18,-5.92
Tangara_cayana,2011,73.1,,-35.18,-5.92
Tangara_cayana,2014,71,7.3,-49.398056,-22.530694
Tangara_cayana,2014,,,-35.18,-5.92
Tangara_cayana,2011,,,-35.18,-5.92
Tangara_cayana,1999,74.44,7.74,-35.369722,-7.595278
Tangara_cayana,2011,75,,-35.18,-5.92
Tangara_cayana,2012,71.5,,-35.18,-5.92
Tangara_cayana,2013,72,,-35.18,-5.92
Tangara_cayana,2013,,,-35.144167,-6.741389
Tangara_cayana,2010,,,-35.144167,-6.741389
Tangara_cayana,2013,,,-35.18,-5.92
Tangara_cayana,2012,74,,-35.18,-5.92
Ramphocelus_bresilius,2006,79,7.5,-41.662676,-22.2781
Ramphocelus_bresilius,2007,,,-44.683333,-20.6
Ramphocelus_bresilius,2013,76.8,,-40.423752,-20.595417
Ramphocelus_bresilius,2001,79,6.5,-44.193483,-23.182683
Ramphocelus_bresilius,2000,77,7.6,-42.874163,-22.961388
Ramphocelus_bresilius,1997,,,-48.422847,-25.356797
Ramphocelus_bresilius,1999,84,,-40.970231,-21.232122
Ramphocelus_bresilius,2010,77.2,,-40.412528,-20.579222
Ramphocelus_bresilius,2004,,,-42.1964,-22.85394
Ramphocelus_bresilius,2001,80,7.1,-44.193483,-23.182683
Ramphocelus_bresilius,2015,82,,-46.305028,-23.883583
Ramphocelus_bresilius,2008,86,13,-36.655833,-10.4
Ramphocelus_bresilius,2001,80,7.8,-44.193483,-23.182683
Ramphocelus_bresilius,2010,78,7.8,-42.807354,-22.660477
Ramphocelus_bresilius,2009,81,7.5,-41.662676,-22.2781
Ramphocelus_bresilius,1997,83.6,,-48.422847,-25.356797
Ramphocelus_bresilius,2017,78.2,,-48.67189,-25.311564
Ramphocelus_bresilius,2004,,,-42.1964,-22.85394
Ramphocelus_bresilius,2007,,,-44.083333,-22.65
Ramphocelus_bresilius,2007,,,-44.083333,-22.65
Ramphocelus_bresilius,2004,,,-42.1964,-22.85394
Ramphocelus_bresilius,2000,82,,-42.874163,-22.961388
Ramphocelus_bresilius,2015,77,,-46.340917,-23.855861
Ramphocelus_bresilius,2001,78,6.9,-44.193483,-23.182683
Ramphocelus_bresilius,2012,76,,-40.423528,-20.592528
Ramphocelus_bresilius,2000,83,7.4,-42.874163,-22.961388
Ramphocelus_bresilius,2015,80,,-46.340917,-23.855861
Ramphocelus_bresilius,2009,72,10.2,-34.973484,-6.550309
Ramphocelus_bresilius,2001,,7,-44.193483,-23.182683
Ramphocelus_bresilius,2010,77,,-40.416611,-20.589722
Ramphocelus_bresilius,1999,80,,-40.970231,-21.232122
Ramphocelus_bresilius,2010,81.6,,-40.415752,-20.586806
Ramphocelus_bresilius,1997,87.2,,-48.422847,-25.356797
Ramphocelus_bresilius,1998,81.1,,-48.422847,-25.356797
Ramphocelus_bresilius,2016,,,-41.931636,-22.804856
Ramphocelus_bresilius,2009,76,,-41.662676,-22.2781
Ramphocelus_bresilius,2004,,,-42.1964,-22.85394
Ramphocelus_bresilius,2010,80,,-40.412861,-20.578417
Ramphocelus_bresilius,2012,83,8.4,-42.033417,-22.424508
Ramphocelus_bresilius,2010,79.5,,-40.420636,-20.592037
Ramphocelus_bresilius,2000,81,7.6,-42.874163,-22.961388
Ramphocelus_bresilius,1997,82,,-48.422847,-25.356797
Ramphocelus_bresilius,2015,79,,-46.340917,-23.855861
Ramphocelus_bresilius,2009,,,-40.423194,-20.595667
Ramphocelus_bresilius,2008,68,11,-34.973484,-6.550309
Ramphocelus_bresilius,2010,78.8,,-40.412861,-20.578417
Ramphocelus_bresilius,2004,,,-42.1964,-22.85394
Ramphocelus_bresilius,1995,75,,-42.246111,-22.580503
Ramphocelus_bresilius,1999,78,,-39.1028,-16.65549
Ramphocelus_bresilius,2001,81,7.1,-44.193483,-23.182683
Ramphocelus_bresilius,2010,71,11.04,-39.17563056,-13.78475278
Ramphocelus_bresilius,2001,80,7,-44.193483,-23.182683
Ramphocelus_bresilius,2010,79.5,,-40.425164,-20.603475
Ramphocelus_bresilius,2015,80,,-46.233611,-23.956417
Ramphocelus_bresilius,2002,,11.7,-47.931944,-25.096389
Ramphocelus_bresilius,2011,75.4,,-40.411778,-20.576694
Ramphocelus_bresilius,2015,77,,-46.340917,-23.855861
Ramphocelus_bresilius,2010,79.9,,-40.412528,-20.579222
Ramphocelus_bresilius,1996,81,8.9,-44.204194,-23.183073
Ramphocelus_bresilius,2011,,,-40.4114,-20.575
Ramphocelus_bresilius,2002,,12,-47.931944,-25.096389
Ramphocelus_bresilius,2009,83,7.8,-41.662676,-22.2781
Ramphocelus_bresilius,2011,82.6,,-40.418083,-20.584306
Ramphocelus_bresilius,2011,73.9,,-40.411778,-20.576694
Ramphocelus_bresilius,2013,76.2,,-40.415583,-20.587667
Ramphocelus_bresilius,2011,78.5,,-40.410056,-20.573861
Ramphocelus_bresilius,2011,74.6,,-40.410056,-20.573861
Ramphocelus_bresilius,2010,77.2,,-40.412861,-20.578417
Ramphocelus_bresilius,1997,,,-48.422847,-25.356797
Ramphocelus_bresilius,2010,80.6,,-40.416611,-20.589722
Ramphocelus_bresilius,2010,74.3,,-40.412528,-20.579222
Ramphocelus_bresilius,2010,76.6,,-40.416611,-20.588944
Ramphocelus_bresilius,2013,80,7.8,-42.292397,-22.937641
Ramphocelus_bresilius,2013,78,11.35,-39.28188889,-13.85077778
Ramphocelus_bresilius,2004,,,-42.1964,-22.85394
Ramphocelus_bresilius,2001,85,6.6,-44.193483,-23.182683
Ramphocelus_bresilius,1996,72,,-44.191562,-23.188225
Ramphocelus_bresilius,2000,81,7.4,-42.874163,-22.961388
Ramphocelus_bresilius,2011,77,,-40.411778,-20.576694
Ramphocelus_bresilius,2001,79,8.2,-44.193483,-23.182683
Ramphocelus_bresilius,2001,85,6.8,-44.193483,-23.182683
Ramphocelus_bresilius,1995,78,,-42.246111,-22.580503
Ramphocelus_bresilius,2010,81,,-40.412861,-20.578417
Ramphocelus_bresilius,2015,82,,-46.340917,-23.855861
Ramphocelus_bresilius,1999,78.5,,-48.422847,-25.356797
Ramphocelus_bresilius,2010,83,,-40.412528,-20.579222
Ramphocelus_bresilius,2004,,,-42.193194,-22.848914
Ramphocelus_bresilius,2017,84,,-42.611924,-22.933574
Ramphocelus_bresilius,2004,,,-42.1964,-22.85394
Ramphocelus_bresilius,2013,72.6,,-40.423639,-20.596806
Ramphocelus_bresilius,1997,82.8,,-48.422847,-25.356797
Ramphocelus_bresilius,2010,83,,-40.415556,-20.587667
Ramphocelus_bresilius,1997,82,,-48.422847,-25.356797
Ramphocelus_bresilius,2013,76,12.06,-39.28188889,-13.85077778
Ramphocelus_bresilius,2009,79.7,,-40.423194,-20.595667
Ramphocelus_bresilius,2016,,,-41.931636,-22.804856
Ramphocelus_bresilius,2001,,7.4,-44.193483,-23.182683
Ramphocelus_bresilius,2010,83.4,,-40.416861,-20.588917
Ramphocelus_bresilius,2013,79,11.45,-39.28188889,-13.85077778
Ramphocelus_bresilius,2010,81.4,,-40.423194,-20.595667
Ramphocelus_bresilius,2016,81,8,-42.292397,-22.937641
Ramphocelus_bresilius,2011,78.2,,-40.411222,-20.575917
Ramphocelus_bresilius,2007,,,-44.083333,-22.65
Ramphocelus_bresilius,2011,81,,-40.411222,-20.575917
Ramphocelus_bresilius,2004,,,-42.1964,-22.85394
Ramphocelus_bresilius,2010,76.1,,-40.412861,-20.578417
Ramphocelus_bresilius,2001,83,6.5,-44.193483,-23.182683
Ramphocelus_bresilius,2001,80,6.9,-44.193483,-23.182683
Ramphocelus_bresilius,2010,73,,-40.412528,-20.579222
Ramphocelus_bresilius,2013,82,,-39.28188889,-13.85077778
Ramphocelus_bresilius,2001,80,,-44.193483,-23.182683
Ramphocelus_bresilius,2004,,,-42.1964,-22.85394
Ramphocelus_bresilius,2010,78.8,,-40.420636,-20.592037
Ramphocelus_bresilius,2010,78.5,,-40.420636,-20.592037
Ramphocelus_bresilius,2004,,,-42.1964,-22.85394
Ramphocelus_bresilius,2017,83.25,,-48.67189,-25.311564
Ramphocelus_bresilius,2004,,,-42.1964,-22.85394
Ramphocelus_bresilius,1997,82.3,,-48.422847,-25.356797
Ramphocelus_bresilius,2010,77.9,,-40.425164,-20.603475
Ramphocelus_bresilius,2012,,,-40.423194,-20.595667
Ramphocelus_bresilius,2009,80.4,,-40.423194,-20.595667
Ramphocelus_bresilius,2010,84,11.81,-39.17563056,-13.78475278
Ramphocelus_bresilius,2011,86,,-42.292397,-22.937641
Ramphocelus_bresilius,2001,83,6.7,-44.193483,-23.182683
Ramphocelus_bresilius,2017,80.5,,-48.67189,-25.311564
Ramphocelus_bresilius,2001,78,6.5,-44.193483,-23.182683
Ramphocelus_bresilius,2000,79,7.2,-42.874163,-22.961388
Ramphocelus_bresilius,2001,82,7,-44.193483,-23.182683
Ramphocelus_bresilius,1997,85.1,,-48.422847,-25.356797
Tangara_palmarum,2014,,,-35.18,-5.92
Tangara_palmarum,2016,,,-43.4711,-20
Tangara_palmarum,1999,96.56,9.16,-35.369722,-7.595278
Tangara_palmarum,2010,97,10.8,-34.973484,-6.550309
Tangara_palmarum,2013,,,-35.18,-5.92
Tangara_palmarum,2010,,,-43.4714,-20.0003
Tangara_palmarum,2001,94.82,10.26,-34.906861,-7.798278
Tangara_palmarum,2008,68,8.39,-38.40218333,-12.93158889
Tangara_palmarum,2007,96,9.2,-49.066667,-26.9
Tangara_palmarum,2010,,,-43.4714,-20.0003
Tangara_palmarum,2013,,,-35.18,-5.92
Tangara_palmarum,2009,95,10,-34.973484,-6.550309
Tangara_palmarum,2013,96.5,,-44.4397,-19.8653
Tangara_palmarum,2013,100,10,-49.066667,-26.9
Tangara_palmarum,1999,102,10.9,-49.066667,-26.9
Tangara_palmarum,2012,,,-35.18,-5.92
Tangara_palmarum,2012,,,-35.144167,-6.741389
Tangara_palmarum,2009,96.5,11.8,-34.973484,-6.550309
Tangara_palmarum,2010,,,-43.4711,-19.9994
Tangara_palmarum,2009,96,11,-49.066667,-26.9
Tangara_palmarum,2013,,,-35.18,-5.92
Tangara_palmarum,2010,,,-43.4711,-19.9994
Tangara_palmarum,2012,,,-35.18,-5.92
Tangara_palmarum,2012,,,-35.144167,-6.741389
Tangara_palmarum,2011,,,-35.18,-5.92
Tangara_palmarum,2000,96.62,9.15,-35.864361,-8.98225
Tangara_palmarum,2000,92.21,9.19,-35.864361,-8.98225
Tangara_palmarum,2014,,,-35.18,-5.92
Tangara_palmarum,2016,,,-43.4711,-20
Tangara_palmarum,2000,94.28,10.71,-35.864361,-8.98225
Tangara_palmarum,2012,,,-43.4711,-20
Tangara_palmarum,2001,102,12.7,-49.066667,-26.9
Tangara_palmarum,2000,96.22,9.4,-35.864361,-8.98225
Tangara_palmarum,2010,45,13.6,-35.746496,-6.968757
Tangara_palmarum,2016,,,-43.4711,-20
Tangara_palmarum,2010,97,10,-35.746496,-6.968757
Drymophila_ferruginea,2010,,,-42.8764,-21.9108
Drymophila_ferruginea,2006,,,-41.003333,-20.4
Drymophila_ferruginea,1991,51.46,4.2,-42.88,-22.4
Drymophila_ferruginea,2010,,,-46.016667,-23.033333
Drymophila_ferruginea,1991,53.61,4.01,-42.0167,-21.95
Drymophila_ferruginea,2005,53.68,3.63,-43.45,-19.9833
Drymophila_ferruginea,1991,49.79,3.9,-42.0167,-21.95
Drymophila_ferruginea,2011,,,-43.4722,-19.9958
Drymophila_ferruginea,1991,57.97,4.29,-39.1167,-13.95
Drymophila_ferruginea,1991,54.78,4.08,-42.0167,-21.95
Drymophila_ferruginea,2005,47.92,3.79,-50.9833,-21.4333
Drymophila_ferruginea,2010,47.5,,-46.016667,-23.033333
Drymophila_ferruginea,2017,46.7,,-48.67189,-25.311564
Drymophila_ferruginea,1991,53.99,3.96,-39.1167,-13.95
Drymophila_ferruginea,2010,,,-43.425,-18.8986
Drymophila_ferruginea,2010,,,-42.8764,-21.9108
Drymophila_ferruginea,2003,49.75,3.91,-43.45,-19.9833
Drymophila_ferruginea,1990,52.94,4.14,-42.3664,-21.1306
Drymophila_ferruginea,2010,,,-46.016667,-23.033333
Drymophila_ferruginea,2014,60,5.4,-44.188799,-23.154769
Drymophila_ferruginea,2010,,,-46.016667,-23.033333
Drymophila_ferruginea,2017,45.2,,-48.67189,-25.311564
Drymophila_ferruginea,1992,51.59,3.88,-48.5747,-25.8828
Drymophila_ferruginea,2004,48.95,3.69,-43.45,-19.9833
Drymophila_ferruginea,2009,54,8.8,-49.25,-27.116667
Drymophila_ferruginea,1993,47.72,3.72,-48.55,-27.1667
Drymophila_ferruginea,2003,52.1,,-43.45,-19.9833
Drymophila_ferruginea,1992,53.74,3.97,-48.5747,-25.8828
Drymophila_ferruginea,1991,51.5,4.13,-49.2085,-24.7018
Drymophila_ferruginea,1991,54.3,3.92,-39.1167,-13.95
Drymophila_ferruginea,1992,51.64,4.11,-48.5747,-25.8828
Drymophila_ferruginea,1991,51.44,3.87,-49.2085,-24.7018
Drymophila_ferruginea,2009,54,7.4,-49.35,-27.383333
Drymophila_ferruginea,2010,52,,-46.016667,-23.033333
Drymophila_ferruginea,1991,51.19,3.95,-39.1167,-13.95
Drymophila_ferruginea,2017,47.5,,-48.67189,-25.311564
Drymophila_ferruginea,1992,52.25,4.55,-48.5747,-25.8828
Drymophila_ferruginea,2008,,,-43.4989,-20.0183
Drymophila_ferruginea,2001,50.25,3.88,-40.45,-19.75
Drymophila_ferruginea,1991,56.41,3.86,-39.1167,-13.95
Drymophila_ferruginea,2002,95.2,,-44.850694,-23.358056
Drymophila_ferruginea,2008,,,-43.4381,-20.2067
Drymophila_ferruginea,1995,56.18,4.23,-44.1,-22.9833
Drymophila_ferruginea,2005,52.25,4.09,-50.9833,-21.4333
Drymophila_ferruginea,1991,52.92,4.46,-39.1167,-13.95
Drymophila_ferruginea,2007,,,-43.45,-19.9667
Myiobius_barbatus,2016,62.55,,-48.650869,-25.286414
Myiobius_barbatus,2006,,,-47.452334,-23.920014
Myiobius_barbatus,2000,,,-48.416666,-24.316666
Myiobius_barbatus,2004,58.4,,-48.541493,-25.587558
Myiobius_barbatus,2010,,,-43.8142,-20.1528
Myiobius_barbatus,2004,65,5.5,-42.918417,-22.481667
Myiobius_barbatus,2003,64,,-48.541493,-25.587558
Myiobius_barbatus,2002,65.6,,-44.850694,-23.358056
Myiobius_barbatus,1999,63.97,7.68,-35.505556,-7.588889
Myiobius_barbatus,2017,,,-47.253177,-24.086093
Myiobius_barbatus,2017,60,,-47.245302,-24.06865
Myiobius_barbatus,2008,64.1,,-48.541493,-25.587558
Myiobius_barbatus,2005,,,-47.396673,-23.947513
Myiobius_barbatus,2016,66.3,,-48.656101,-25.279147
Myiobius_barbatus,2007,,,-47.410015,-23.951935
Myiobius_barbatus,2013,,,-40.6822,-20.3344
Myiobius_barbatus,2007,,,-47.410015,-23.951935
Myiobius_barbatus,2002,62.32,8.88,-35.050111,-8.239361
Myiobius_barbatus,2002,55,,-48.541493,-25.587558
Myiobius_barbatus,1999,62.83,8.68,-35.505556,-7.588889
Myiobius_barbatus,2002,61.26,8.57,-35.050111,-8.239361
Myiobius_barbatus,2001,,,-48.416666,-24.316666
Myiobius_barbatus,2016,66.5,,-48.656101,-25.279147
Myiobius_barbatus,2007,65.1,,-48.541493,-25.587558
Myiobius_barbatus,2016,59.45,,-48.681405,-25.29377
Myiobius_barbatus,2013,,,-40.6822,-20.3344
Myiobius_barbatus,1995,62,,-42.304444,-22.544028
Myiobius_barbatus,2011,55,5.84,-39.47375,-12.86025
Myiobius_barbatus,2007,65.8,,-48.541493,-25.587558
Myiobius_barbatus,2001,66.2,,-48.541493,-25.587558
Myiobius_barbatus,2007,64.6,,-34.957101,-6.991604
Myiobius_barbatus,2015,66,,-46.509514,-23.977439
Myiobius_barbatus,2005,58,,-48.541493,-25.587558
Myiobius_barbatus,2000,,6.4,-48.416666,-24.316666
Myiobius_barbatus,2004,66.9,,-48.541493,-25.587558
Myiobius_barbatus,1999,61.64,8.84,-35.505556,-7.588889
Myiobius_barbatus,2006,56.8,,-48.541493,-25.587558
Myiobius_barbatus,2000,,6.5,-48.416666,-24.316666
Myiobius_barbatus,1999,64.21,8.06,-35.505556,-7.588889
Myiobius_barbatus,1999,58.31,8.09,-35.369722,-7.595278
Myiobius_barbatus,2002,52.9,,-48.541493,-25.587558
Myiobius_barbatus,2001,,6,-48.416666,-24.316666
Myiobius_barbatus,2000,,6,-48.416666,-24.316666
Myiobius_barbatus,2000,,6.6,-48.416666,-24.316666
Myiobius_barbatus,2016,63,,-48.656101,-25.279147
Myiobius_barbatus,2007,58.6,,-34.957101,-6.991604
Myiobius_barbatus,2016,65,,-48.681405,-25.29377
Myiobius_barbatus,2006,,,-42.575483,-22.417983
Myiobius_barbatus,2005,58.1,,-48.541493,-25.587558
Myiobius_barbatus,2006,,,-47.452334,-23.920014
Machaeropterus_regulus,2017,53.64,5.53,-39.14374,-15.209971
Machaeropterus_regulus,2008,52,,-39.500511,-15.314456
Machaeropterus_regulus,2008,47,,-39.500511,-15.314456
Machaeropterus_regulus,2008,53,,-39.500511,-15.314456
Machaeropterus_regulus,2010,55,,-39.500511,-15.314456
Machaeropterus_regulus,2017,50.4,5.61,-39.089116,-15.258441
Machaeropterus_regulus,2017,51.58,7.25,-39.123508,-15.128903
Machaeropterus_regulus,2009,50,,-39.500511,-15.314456
Machaeropterus_regulus,2011,,,-39.2211,-14.6533
Machaeropterus_regulus,2009,50,,-39.671433,-14.032333
Machaeropterus_regulus,2017,50.53,9.18,-39.243959,-15.818562
Machaeropterus_regulus,2008,52,,-39.500511,-15.314456
Machaeropterus_regulus,2010,,,-39.500511,-15.314456
Machaeropterus_regulus,2009,53,,-39.500511,-15.314456
Machaeropterus_regulus,2008,52,,-39.671433,-14.032333
Machaeropterus_regulus,2009,57,,-39.500511,-15.314456
Machaeropterus_regulus,2010,54,,-39.500511,-15.314456
Machaeropterus_regulus,2009,53,,-39.671433,-14.032333
Machaeropterus_regulus,2014,,4.98,-39.28188889,-13.85077778
Machaeropterus_regulus,2011,,5.35,-39.47375,-12.86025
Machaeropterus_regulus,2008,54,,-38.79888,-12.55468
Machaeropterus_regulus,2008,54,,-38.79888,-12.55468
Machaeropterus_regulus,2010,53,,-39.500511,-15.314456
Machaeropterus_regulus,2011,51,5.2,-42.033417,-22.424508
Machaeropterus_regulus,2017,51.94,7.33,-39.123508,-15.128903
Machaeropterus_regulus,2014,,4.25,-39.28388889,-13.83805556
Machaeropterus_regulus,2013,,4.71,-39.45902778,-13.89791667
Machaeropterus_regulus,2008,52,,-38.79888,-12.55468
Machaeropterus_regulus,2009,52,,-39.671433,-14.032333
Machaeropterus_regulus,2008,56,,-39.500511,-15.314456
Machaeropterus_regulus,2013,,5.4,-39.45902778,-13.89791667
Machaeropterus_regulus,2014,,4.14,-39.28388889,-13.83805556
Machaeropterus_regulus,2008,51,,-39.500511,-15.314456
Machaeropterus_regulus,2009,54,,-39.500511,-15.314456
Machaeropterus_regulus,2008,53,,-38.79888,-12.55468
Machaeropterus_regulus,2014,,4.28,-39.44851111,-13.89180556
Machaeropterus_regulus,2012,,6.88,-39.44851111,-13.89180556
Machaeropterus_regulus,2008,51,,-39.671433,-14.032333
Machaeropterus_regulus,2014,,4.5,-39.28388889,-13.83805556
Machaeropterus_regulus,2009,54,,-39.500511,-15.314456
Machaeropterus_regulus,2008,52,,-38.79888,-12.55468
Machaeropterus_regulus,2013,,5.95,-39.45902778,-13.89791667
Machaeropterus_regulus,2010,55,,-39.500511,-15.314456
Machaeropterus_regulus,2013,,5.61,-39.45902778,-13.89791667
Volatinia_jacarina,2006,55,,-47.684,-23.915
Volatinia_jacarina,2008,51,5.2,-41.662676,-22.2781
Volatinia_jacarina,2010,51.6,,-40.413694,-20.580639
Volatinia_jacarina,2010,,,-40.412861,-20.578417
Volatinia_jacarina,2009,,,-43.9369,-20.29
Volatinia_jacarina,2010,46.5,,-40.423528,-20.592528
Volatinia_jacarina,2010,53.8,,-44.4136,-19.8808
Volatinia_jacarina,2009,49.5,,-48.433333,-23.266667
Volatinia_jacarina,2010,,,-48.433333,-23.266667
Volatinia_jacarina,2004,50.8,,-49.356283,-25.583954
Volatinia_jacarina,2010,51,,-40.413694,-20.580639
Volatinia_jacarina,2012,,,-35.18,-5.92
Volatinia_jacarina,2011,51,,-40.417444,-20.583694
Volatinia_jacarina,2010,,,-48.433333,-23.266667
Volatinia_jacarina,2010,53,6.7,-54.198213,-23.037761
Volatinia_jacarina,2010,49,6.4,-54.198213,-23.037761
Volatinia_jacarina,2010,48.5,,-40.416861,-20.588917
Volatinia_jacarina,2011,48.5,,-40.419778,-20.581417
Volatinia_jacarina,2013,50,,-35.126,-6.700556
Volatinia_jacarina,2009,,,-40.421322,-20.415332
Volatinia_jacarina,2010,,,-40.413694,-20.580639
Volatinia_jacarina,2010,49.8,,-40.416861,-20.588917
Volatinia_jacarina,2011,51.1,,-40.419667,-20.582222
Volatinia_jacarina,2009,,,-40.423194,-20.595667
Volatinia_jacarina,2009,50.5,,-40.423528,-20.592528
Volatinia_jacarina,2010,47.8,,-40.413694,-20.580639
Volatinia_jacarina,2010,,,-40.413694,-20.580639
Volatinia_jacarina,2011,43.9,,-40.419778,-20.581417
Volatinia_jacarina,2010,49.8,,-40.413694,-20.580639
Volatinia_jacarina,2010,53,,-48.433333,-23.266667
Volatinia_jacarina,2015,,,-43.4189,-18.9542
Volatinia_jacarina,2010,55,,-48.433333,-23.266667
Volatinia_jacarina,2011,45.6,,-40.419667,-20.582222
Volatinia_jacarina,2013,,,-35.18,-5.92
Volatinia_jacarina,2010,49.1,,-40.416861,-20.588917
Volatinia_jacarina,2017,45,7.2,-47.409444,-23.2475
Volatinia_jacarina,2010,51.7,,-40.413694,-20.580639
Volatinia_jacarina,2002,51.4,,-49.348803,-25.589976
Volatinia_jacarina,2011,,,-47.543972,-22.396028
Volatinia_jacarina,2014,52,7,-49.398056,-22.530694
Volatinia_jacarina,2011,50.5,,-40.270389,-20.219278
Volatinia_jacarina,1996,51.24,6.48,-34.901833,-7.82675
Volatinia_jacarina,2010,,,-48.433333,-23.266667
Volatinia_jacarina,2011,49.7,,-40.417752,-20.582333
Volatinia_jacarina,2011,45.1,,-40.419778,-20.581417
Volatinia_jacarina,2010,49,,-48.433333,-23.266667
Volatinia_jacarina,2009,,,-40.421322,-20.415332
Volatinia_jacarina,2011,48.3,,-40.410222,-20.574222
Volatinia_jacarina,2011,44.7,,-40.417444,-20.583694
Volatinia_jacarina,2015,50,,-47.86277,-21.16583
Volatinia_jacarina,2011,50.5,,-40.410056,-20.573861
Volatinia_jacarina,2010,50,,-48.433333,-23.266667
Volatinia_jacarina,2011,46.2,,-40.410222,-20.574222
Volatinia_jacarina,2004,51,,-49.356283,-25.583954
Volatinia_jacarina,2016,,,-43.4711,-20
Volatinia_jacarina,2011,49.9,,-40.418639,-20.583944
Volatinia_jacarina,2011,44.9,,-40.419778,-20.581417
Volatinia_jacarina,2016,,,-43.4711,-20
Volatinia_jacarina,2002,52,,-49.348803,-25.589976
Volatinia_jacarina,2010,,,-40.424667,-20.592556
Volatinia_jacarina,2010,52,,-48.433333,-23.266667
Volatinia_jacarina,2004,53,,-49.348803,-25.589976
Volatinia_jacarina,2011,52,,-40.418083,-20.584306
Volatinia_jacarina,2011,48.3,,-40.419778,-20.581417
Volatinia_jacarina,1999,62,,-41.031983,-21.735533
Volatinia_jacarina,2010,55,,-48.433333,-23.266667
Volatinia_jacarina,2010,53,7.45,-54.241637,-23.058797
Volatinia_jacarina,2011,,,-35.18,-5.92
Volatinia_jacarina,2006,,,-47.446516,-23.833638
Volatinia_jacarina,2002,50.1,,-49.348803,-25.589976
Volatinia_jacarina,2009,51,6.2,-54.22153,-23.895054
Volatinia_jacarina,2010,,,-48.433333,-23.266667
Volatinia_jacarina,2012,48,,-40.423528,-20.592528
Volatinia_jacarina,2010,50,,-48.433333,-23.266667
Volatinia_jacarina,2010,48,6.9,-54.198213,-23.037761
Volatinia_jacarina,2011,51.5,,-40.417252,-20.58175
Volatinia_jacarina,1999,48,,-40.4325,-20.629722
Volatinia_jacarina,2010,46,7.54,-38.40869444,-12.17463889
Volatinia_jacarina,2012,48,,-47.417778,-22.820556
Volatinia_jacarina,2011,44.8,,-40.419778,-20.581417
Volatinia_jacarina,2004,54,6.1,-41.662676,-22.2781
Volatinia_jacarina,2009,,,-44.3525,-20.1289
Volatinia_jacarina,2002,51.2,,-49.348803,-25.589976
Volatinia_jacarina,2011,,,-35.18,-5.92
Volatinia_jacarina,2002,50,,-51.302929,-30.051014
Volatinia_jacarina,2011,53.5,,-40.419778,-20.581417
Volatinia_jacarina,2010,,,-48.433333,-23.266667
Volatinia_jacarina,2010,54,,-48.433333,-23.266667
Volatinia_jacarina,2006,53,,-48.46,-23.29
Volatinia_jacarina,2014,50,6.4,-49.398056,-22.530694
Volatinia_jacarina,2013,,,-39.28188889,-13.85077778
Volatinia_jacarina,2012,49.8,,-40.421528,-20.595056
Volatinia_jacarina,2002,51.1,,-49.348803,-25.589976
Volatinia_jacarina,2010,52,,-48.433333,-23.266667
Volatinia_jacarina,2013,50,,-35.126,-6.700556
Volatinia_jacarina,2010,52,,-48.433333,-23.266667
Volatinia_jacarina,2011,49,,-40.418722,-20.583167
Volatinia_jacarina,2009,50,,-48.433333,-23.266667
Volatinia_jacarina,2018,49,,-47.545152,-22.395381
Volatinia_jacarina,1999,52,,-41.031983,-21.735533
Volatinia_jacarina,2010,50,,-48.433333,-23.266667
Volatinia_jacarina,2006,50,5.1,-41.662676,-22.2781
Volatinia_jacarina,2010,42,6.45,-38.41408333,-12.17980556
Volatinia_jacarina,2006,46.5,6.6,-49.066667,-26.9
Volatinia_jacarina,2012,,,-43.4711,-20
Volatinia_jacarina,2004,54.2,,-49.356283,-25.583954
Volatinia_jacarina,2013,50,6.89,-39.28388889,-13.83805556
Volatinia_jacarina,2011,53.6,,-40.420667,-20.582083
Volatinia_jacarina,2002,50,,-49.348803,-25.589976
Volatinia_jacarina,2010,,,-48.433333,-23.266667
Volatinia_jacarina,2004,49.7,,-49.356283,-25.583954
Volatinia_jacarina,2006,,,-48.46,-23.29
Molothrus_bonariensis,2012,,,-43.4711,-20
Molothrus_bonariensis,2015,,,-47.543972,-22.396028
Molothrus_bonariensis,2003,71,,-51.302929,-30.051014
Molothrus_bonariensis,2003,82,,-51.302929,-30.051014
Molothrus_bonariensis,2012,,,-47.543972,-22.396028
Molothrus_bonariensis,2004,98,,-52.51,-32.53
Molothrus_bonariensis,2011,,,-47.543972,-22.396028
Molothrus_bonariensis,2004,112,6.5,-52.53671,-32.538503
Molothrus_bonariensis,1998,103,,-51.23,-30.05
Molothrus_bonariensis,2006,115,7.72,-52.34131,-31.774476
Molothrus_bonariensis,2016,,,-47.543972,-22.396028
Molothrus_bonariensis,2008,100,8.4,-49.08526,-26.88302
Molothrus_bonariensis,2010,112,8.43,-51.174612,-30.058708
Molothrus_bonariensis,2014,,,-47.543972,-22.396028
Molothrus_bonariensis,2012,,,-47.543972,-22.396028
Molothrus_bonariensis,2004,116,7.11,-52.53671,-32.538503
Molothrus_bonariensis,1998,115,,-51.22,-30.04
Molothrus_bonariensis,2006,113,6.61,-52.340985,-31.770084
Molothrus_bonariensis,2011,,,-43.5647,-21.2664
Molothrus_bonariensis,2011,115,8.91,-50.46599,-30.450173
Molothrus_bonariensis,1998,92,,-51.19,-29.98
Molothrus_bonariensis,2012,,,-47.543972,-22.396028
Molothrus_bonariensis,2005,74.5,,-51.302929,-30.051014
Molothrus_bonariensis,2017,,,-47.543972,-22.396028
Molothrus_bonariensis,2016,,,-47.543972,-22.396028
Molothrus_bonariensis,2002,108,6.43,-52.53671,-32.538503
Molothrus_bonariensis,2017,,,-47.543972,-22.396028
Molothrus_bonariensis,2012,,,-43.4711,-20
Molothrus_bonariensis,2012,,,-43.4711,-20
Molothrus_bonariensis,2003,114,7.99,-52.53671,-32.538503
Molothrus_bonariensis,2012,,,-43.4711,-20
Molothrus_bonariensis,2005,73,,-51.302929,-30.051014
Molothrus_bonariensis,2011,,,-47.543972,-22.396028
Molothrus_bonariensis,2016,,,-47.543972,-22.396028
Molothrus_bonariensis,2003,111,7.27,-52.53671,-32.538503
Molothrus_bonariensis,2012,,,-47.543972,-22.396028
Molothrus_bonariensis,2004,104,,-52.17,-32.07
Molothrus_bonariensis,2012,,,-43.4711,-20
Molothrus_bonariensis,1998,104,,-51.22,-30.04
Molothrus_bonariensis,2004,112,8.37,-52.53671,-32.538503
Molothrus_bonariensis,2014,,,-47.543972,-22.396028
Molothrus_bonariensis,2012,,,-47.543972,-22.396028
Molothrus_bonariensis,2004,116,,-52.51,-32.53
Molothrus_bonariensis,2006,,7.71,-52.312126,-31.713546
Molothrus_bonariensis,2015,,,-47.543972,-22.396028
Molothrus_bonariensis,2014,,,-47.543972,-22.396028
Molothrus_bonariensis,2005,,9.1,-52.34131,-31.774476
Molothrus_bonariensis,2012,,,-43.4711,-20
Molothrus_bonariensis,2007,99,8.7,-54.229395,-23.068434
Molothrus_bonariensis,2017,,,-47.543972,-22.396028
Molothrus_bonariensis,2002,117,8.58,-52.304534,-32.090097
Molothrus_bonariensis,2004,101,7.84,-52.53671,-32.538503
Molothrus_bonariensis,1998,101,,-51.23,-30.05
Molothrus_bonariensis,1999,112,,-51.19,-29.98
Molothrus_bonariensis,2003,115,7.11,-52.53671,-32.538503
Molothrus_bonariensis,2004,116,7.59,-52.53671,-32.538503
Molothrus_bonariensis,1998,100,,-51.23,-30.05
Molothrus_bonariensis,2007,,,-43.45,-19.9667
Molothrus_bonariensis,2000,117,9.44,-49.166667,-26.733333
Molothrus_bonariensis,2015,,,-47.543972,-22.396028
Molothrus_bonariensis,2012,,,-43.4711,-20
Molothrus_bonariensis,2007,,6.85,-52.34131,-31.774476
Molothrus_bonariensis,2010,,,-43.4711,-20.0003
Molothrus_bonariensis,2001,115,7.48,-52.491386,-32.244536
Molothrus_bonariensis,2017,,,-47.543972,-22.396028
Molothrus_bonariensis,2014,96.6,,-47.85748,-21.16624
Molothrus_bonariensis,1998,106,,-51.23,-30.05
Molothrus_bonariensis,2013,,,-47.543972,-22.396028
Molothrus_bonariensis,1998,104,,-51.12,-30.03
Molothrus_bonariensis,2012,,,-47.543972,-22.396028
Molothrus_bonariensis,2016,,,-47.543972,-22.396028
Molothrus_bonariensis,2000,110,,-52.491386,-32.244536
Molothrus_bonariensis,2003,103,6.73,-52.53671,-32.538503
Molothrus_bonariensis,2004,112,7.09,-52.53671,-32.538503
Molothrus_bonariensis,1998,160,,-51.22,-30.04
Troglodytes_aedon,2012,,,-43.1275,-16.0736
Troglodytes_aedon,2010,49.9,,-40.426806,-20.59575
Troglodytes_aedon,2012,,,-48.992205,-25.49548
Troglodytes_aedon,2009,50,7,-48.915984,-26.894491
Troglodytes_aedon,2016,,,-43.4711,-20
Troglodytes_aedon,2010,50,7,-49.043714,-26.910586
Troglodytes_aedon,2013,,,-43.1347,-16.0514
Troglodytes_aedon,2014,54.9,,-44.4206,-19.8744
Troglodytes_aedon,2016,,,-43.4711,-20
Troglodytes_aedon,2005,50,7.6,-49.066667,-26.9
Troglodytes_aedon,2012,,,-48.992205,-25.49548
Troglodytes_aedon,2012,51.3,,-44.4281,-19.8867
Troglodytes_aedon,2012,,,-48.992205,-25.49548
Troglodytes_aedon,2012,49.5,,-40.421322,-20.415332
Troglodytes_aedon,2012,,,-43.9925,-19.9192
Troglodytes_aedon,2012,,,-43.9928,-19.9203
Troglodytes_aedon,2012,,,-48.992205,-25.49548
Troglodytes_aedon,2012,,,-43.9122,-20.3014
Troglodytes_aedon,2003,48,2.31,-52.53671,-32.538503
Troglodytes_aedon,2004,49,2.4,-52.53671,-32.538503
Troglodytes_aedon,2012,,,-48.992205,-25.49548
Troglodytes_aedon,2011,51,6,-48.6,-26.116667
Troglodytes_aedon,2004,50,,-52.17,-32.07
Troglodytes_aedon,2015,,,-43.4881,-20.0975
Troglodytes_aedon,2012,,,-48.992205,-25.49548
Troglodytes_aedon,2002,53,6.9,-52.516667,-26.55
Troglodytes_aedon,2012,51,3.54,-51.21971,-30.091272
Troglodytes_aedon,2016,51,,-48.4981,-27.4756
Troglodytes_aedon,2001,50,3.43,-52.53671,-32.538503
Troglodytes_aedon,2004,51,2.43,-52.53671,-32.538503
Troglodytes_aedon,2004,51,2.5,-52.53671,-32.538503
Troglodytes_aedon,2012,,,-43.4711,-20
Troglodytes_aedon,2003,51,2.68,-52.53671,-32.538503
Troglodytes_aedon,2005,46,4,-49.083333,-26.916667
Troglodytes_aedon,2011,,,-43.5075,-20.0819
Troglodytes_aedon,2011,55,8,-49.066667,-26.9
Troglodytes_aedon,2004,51,2.47,-52.53671,-32.538503
Troglodytes_aedon,2010,49.1,,-44.4136,-19.8808
Euphonia_violacea,2002,59.2,,-48.541493,-25.587558
Euphonia_violacea,2010,35,6.69,-39.17563056,-13.78475278
Euphonia_violacea,2009,58,,-39.671433,-14.032333
Euphonia_violacea,2014,,7.41,-39.28388889,-13.83805556
Euphonia_violacea,2017,62,,-49.223139,-28.167889
Euphonia_violacea,2010,65,,-48.433333,-23.266667
Euphonia_violacea,2010,58,,-38.79888,-12.55468
Euphonia_violacea,2017,65,,-49.313417,-28.093417
Euphonia_violacea,1997,61.7,,-48.422847,-25.356797
Euphonia_violacea,2017,63,,-49.313417,-28.093417
Euphonia_violacea,2016,57,7.5,-34.9445366915,-7.9938007267
Euphonia_violacea,2013,,6.91,-39.45902778,-13.89791667
Euphonia_violacea,2016,60,9.9,-34.9532021832,-7.9964573463
Euphonia_violacea,2012,58.7,,-48.541493,-25.587558
Euphonia_violacea,2009,61,,-39.671433,-14.032333
Euphonia_violacea,2007,58,7.6,-49.5,-27.116667
Euphonia_violacea,2017,56.9,,-48.67189,-25.311564
Euphonia_violacea,2010,65,,-48.433333,-23.266667
Euphonia_violacea,2009,60,,-39.671433,-14.032333
Euphonia_violacea,2010,58.6,,-48.541493,-25.587558
Euphonia_violacea,2010,57,,-39.671433,-14.032333
Euphonia_violacea,2013,84,9.2,-49.066667,-26.9
Euphonia_violacea,2010,,,-48.433333,-23.266667
Euphonia_violacea,2009,57,,-39.671433,-14.032333
Euphonia_violacea,2009,59,,-39.500511,-15.314456
Euphonia_violacea,2004,61.4,,-48.541493,-25.587558
Euphonia_violacea,2009,56,,-39.671433,-14.032333
Euphonia_violacea,2010,,7.06,-39.17563056,-13.78475278
Euphonia_violacea,2012,58.3,,-40.423528,-20.592528
Euphonia_violacea,2016,56,7.9,-34.9418676147,-8.0024407527
Euphonia_violacea,2013,59,9,-49.084214,-26.890728
Euphonia_violacea,2000,58.68,7.72,-35.864361,-8.98225
Euphonia_violacea,2014,68,,-48.541493,-25.587558
Euphonia_violacea,2003,60.22,8.91,-34.901833,-7.82675
Euphonia_violacea,2013,58,,-49.671408,-28.649798
Euphonia_violacea,2015,58.6,,-48.541493,-25.587558
Euphonia_violacea,2001,65,7,-49.17027,-26.77639
Euphonia_violacea,2009,58,,-39.500511,-15.314456
Euphonia_violacea,2000,59.01,7.52,-36.024444,-7.905556
Euphonia_violacea,2010,61,,-39.500511,-15.314456
Euphonia_violacea,2014,62.2,,-48.541493,-25.587558
Euphonia_violacea,2010,64,7.2,-49.066667,-26.9
Euphonia_violacea,2016,63.3,,-48.541493,-25.587558
Euphonia_violacea,2009,57,,-39.671433,-14.032333
Euphonia_violacea,2016,60,7,-35.746496,-6.968757
Euphonia_violacea,2008,59,,-39.671433,-14.032333
Euphonia_violacea,2005,61.3,,-48.541493,-25.587558
Euphonia_violacea,2010,,,-48.433333,-23.266667
Euphonia_violacea,2008,58,,-39.671433,-14.032333
Euphonia_violacea,1999,60,,-39.1028,-16.65549
Euphonia_violacea,2008,59,5.5,-36.655833,-10.4
Euphonia_violacea,2013,57.8,4.9,-35.154812,-7.042276
Euphonia_violacea,2004,58.7,,-48.541493,-25.587558
Euphonia_violacea,2007,61.5,,-48.541493,-25.587558
Euphonia_violacea,2008,60,,-39.671433,-14.032333
Euphonia_violacea,2010,69,,-48.433333,-23.266667
Euphonia_violacea,2004,60,6.6,-44.202778,-23.175
Euphonia_violacea,2016,62,,-48.4981,-27.4756
Euphonia_violacea,2010,58,,-39.500511,-15.314456
Euphonia_violacea,2009,58,,-39.671433,-14.032333
Euphonia_violacea,2013,,6.85,-39.45902778,-13.89791667
Euphonia_violacea,2000,57.03,7.23,-36.024444,-7.905556
Euphonia_violacea,2017,62.5,,-48.541493,-25.587558
Euphonia_violacea,2004,61.7,,-48.541493,-25.587558
Euphonia_violacea,2010,60,,-39.671433,-14.032333
Euphonia_violacea,2011,,,-35.828915,-9.246195
Euphonia_violacea,2010,62,,-48.433333,-23.266667
Euphonia_violacea,2010,56,,-39.671433,-14.032333
Euphonia_violacea,2009,58,6.1,-42.033417,-22.424508
Euphonia_violacea,2008,62,,-39.671433,-14.032333
Euphonia_violacea,2009,62,,-38.79888,-12.55468
Euphonia_violacea,2013,65,9,-49.066667,-26.9
Euphonia_violacea,2016,56,7.3,-34.9532021832,-7.9964573463
Euphonia_violacea,2008,62,6.7,-44.202778,-23.175
Euphonia_violacea,2008,62.3,,-48.541493,-25.587558
Euphonia_violacea,2008,59,,-39.500511,-15.314456
Euphonia_violacea,2008,59,,-39.671433,-14.032333
Euphonia_violacea,2010,60,,-39.500511,-15.314456
Euphonia_violacea,2004,60.8,,-48.541493,-25.587558
Euphonia_violacea,2012,60,,-35.08559,-6.805421
Euphonia_violacea,2010,,6.88,-39.17563056,-13.78475278
Euphonia_violacea,2000,60.22,7.27,-36.024444,-7.905556
Euphonia_violacea,2008,57,,-39.671433,-14.032333
Euphonia_violacea,2005,51.4,8.5,-49.067206,-26.917941
Euphonia_violacea,2009,56,,-39.671433,-14.032333
Euphonia_violacea,2008,60,7.6,-36.655833,-10.4
Euphonia_violacea,2000,55.95,7.57,-36.024444,-7.905556
Euphonia_violacea,2009,57,,-39.671433,-14.032333
Euphonia_violacea,2000,57.42,7.61,-36.024444,-7.905556
Euphonia_violacea,1999,57.82,7.04,-34.930556,-7.928889
Euphonia_violacea,2006,,,-47.490814,-23.873765
Euphonia_violacea,2006,,,-47.405913,-23.96164
Euphonia_violacea,2009,58,,-39.671433,-14.032333
Euphonia_violacea,2009,57,,-39.671433,-14.032333
Euphonia_violacea,2008,,,-39.671433,-14.032333
Euphonia_violacea,2016,,12.8,-35.746496,-6.968757
Euphonia_violacea,2016,65,6.5,-49.066667,-26.9
Euphonia_violacea,2000,57.61,7.49,-35.4142,-8.685722
Euphonia_violacea,2010,,,-40.423194,-20.595667
Euphonia_violacea,2008,59,,-39.671433,-14.032333
Euphonia_violacea,2009,57,,-39.671433,-14.032333
Euphonia_violacea,2008,58,,-39.671433,-14.032333
Euphonia_violacea,2000,62,7.3,-49.1,-26.9
Euphonia_violacea,2002,60.4,,-48.541493,-25.587558
Euphonia_violacea,2017,63,,-47.245302,-24.06865
Euphonia_violacea,1999,65,7.6,-49.066667,-26.9
Euphonia_violacea,2010,60,,-39.671433,-14.032333
Euphonia_violacea,1999,62,6.9,-49.061158,-26.916176
Euphonia_violacea,2007,62,,-48.541493,-25.587558
Euphonia_violacea,2012,59,,-40.423194,-20.595667
Euphonia_violacea,2007,61.9,,-48.541493,-25.587558
Euphonia_violacea,2013,38,7.59,-39.28188889,-13.85077778
Euphonia_violacea,2001,61.5,7.5,-48.512518,-27.531353
Euphonia_violacea,2003,59.88,7.74,-34.901833,-7.82675
Euphonia_violacea,2008,58,,-39.671433,-14.032333
Euphonia_violacea,2005,60.5,,-48.541493,-25.587558
Euphonia_violacea,2009,60,,-39.500511,-15.314456
Euphonia_violacea,2003,60.9,,-48.541493,-25.587558
Euphonia_violacea,2000,56.95,6.83,-36.024444,-7.905556
Euphonia_violacea,2010,60,,-48.433333,-23.266667
Euphonia_violacea,1996,57.66,6.85,-34.901833,-7.82675
Euphonia_violacea,2010,63,,-48.433333,-23.266667
Euphonia_violacea,2003,60.4,,-48.541493,-25.587558
Euphonia_violacea,2004,63.7,,-48.541493,-25.587558
Euphonia_violacea,2009,56,,-39.500511,-15.314456
Euphonia_violacea,2015,58,8.5,-35.746496,-6.968757
Euphonia_violacea,2000,58.58,7.33,-36.024444,-7.905556
Euphonia_violacea,2009,60,,-39.671433,-14.032333
Euphonia_violacea,1995,58,,-42.304444,-22.544028
Euphonia_violacea,2009,,,-39.500511,-15.314456
Euphonia_violacea,2016,58,7.5,-34.9532021832,-7.9964573463
Euphonia_violacea,2008,62,6.8,-49.066667,-26.9
Euphonia_violacea,1999,58.58,7.09,-34.930556,-7.928889
Euphonia_violacea,2012,60,,-49.403256,-28.600583
Euphonia_violacea,2003,61.7,,-48.541493,-25.587558
Euphonia_violacea,2014,57.12,7.12,-48.34105,-25.14759
Euphonia_violacea,2011,,,-35.828915,-9.246195
Euphonia_violacea,2004,64,7.5,-44.202778,-23.175
Euphonia_violacea,2000,58.01,7.94,-35.4142,-8.685722
Euphonia_violacea,2010,65,,-48.433333,-23.266667
Euphonia_violacea,2009,57,,-39.671433,-14.032333
Euphonia_violacea,2013,,7.36,-39.28188889,-13.85077778
Euphonia_violacea,2015,60,,-46.289722,-23.90525
Euphonia_violacea,2007,67,12.5,-49.5,-27.116667
Euphonia_violacea,2000,57.81,5.74,-35.85,-8.966667
Euphonia_violacea,2000,60.43,8.69,-35.864361,-8.98225
Euphonia_violacea,2008,59,,-48.541493,-25.587558
Euphonia_violacea,2011,61.9,,-40.410278,-20.602667
Euphonia_violacea,2016,59,7.1,-35.746496,-6.968757
Euphonia_violacea,2009,58,,-39.500511,-15.314456
Euphonia_violacea,2005,64,,-48.541493,-25.587558
Euphonia_violacea,2010,57,,-39.500511,-15.314456
Euphonia_violacea,2010,59,,-39.671433,-14.032333
Euphonia_violacea,2004,62.7,,-48.541493,-25.587558
Euphonia_violacea,2010,62,,-48.433333,-23.266667
Euphonia_violacea,2011,60,,-48.541493,-25.587558
Euphonia_violacea,2012,63.5,7.5,-49.066667,-26.9
Euphonia_violacea,2000,64,7.1,-49.083333,-26.9
Euphonia_violacea,2005,62,5.4,-44.202778,-23.175
Euphonia_violacea,2010,59.5,,-48.541493,-25.587558
Euphonia_violacea,2009,56,,-39.671433,-14.032333
Euphonia_violacea,2010,60,,-39.671433,-14.032333
Euphonia_violacea,2016,60,,-48.4981,-27.4756
Euphonia_violacea,2007,61,,-48.541493,-25.587558
Euphonia_violacea,2010,64,,-48.433333,-23.266667
Euphonia_violacea,2010,67,,-48.433333,-23.266667
Euphonia_violacea,2016,60,,-48.4981,-27.4756
Euphonia_violacea,1999,60,,-39.1028,-16.65549
Euphonia_violacea,2017,,,-47.543972,-22.396028
Euphonia_violacea,2009,59,,-39.671433,-14.032333
Euphonia_violacea,2007,56,7,-49.066667,-27
Euphonia_violacea,2004,59.2,,-48.541493,-25.587558
Euphonia_violacea,2002,62,9.11,-49.05,-26.866667
Euphonia_violacea,2010,57,,-39.500511,-15.314456
Euphonia_violacea,2009,57,,-38.79888,-12.55468
Euphonia_violacea,2008,57,,-39.500511,-15.314456
Euphonia_violacea,2004,,,-42.737667,-22.4084
Euphonia_violacea,2013,55,,-35.08559,-6.805421
Euphonia_violacea,2008,62.6,,-48.541493,-25.587558
Euphonia_violacea,2004,61.8,,-48.541493,-25.587558
Euphonia_violacea,2010,64,,-48.433333,-23.266667
Euphonia_violacea,2010,66,,-48.433333,-23.266667
Euphonia_violacea,1999,61.22,7.78,-34.930556,-7.928889
Euphonia_violacea,2007,55.4,8.2,-35.884722,-9.216667
Euphonia_violacea,2004,61.2,,-48.541493,-25.587558
Euphonia_violacea,2012,60,,-49.403256,-28.600583
Euphonia_violacea,2009,62.8,,-48.541493,-25.587558
Euphonia_violacea,2015,59,9,-49.066667,-26.9
Euphonia_violacea,2009,60,,-39.500511,-15.314456
Euphonia_violacea,2006,,,-47.490814,-23.873765
Euphonia_violacea,2012,57.5,,-40.423528,-20.592528
Euphonia_violacea,2016,63.2,,-48.541493,-25.587558
Euphonia_violacea,2009,58,,-39.671433,-14.032333
Euphonia_violacea,2011,63.5,,-48.541493,-25.587558
Euphonia_violacea,2016,59,8.3,-34.9532021832,-7.9964573463
Euphonia_violacea,2010,56,,-39.671433,-14.032333
Euphonia_violacea,2008,57,,-39.671433,-14.032333
Euphonia_violacea,2010,59,,-39.500511,-15.314456
Euphonia_violacea,2004,61.8,,-48.541493,-25.587558
Euphonia_violacea,2015,61,8.5,-34.9532021832,-7.9964573463
Euphonia_violacea,1999,60.93,7.15,-34.930556,-7.928889
Euphonia_violacea,2003,65.4,,-48.541493,-25.587558
Euphonia_violacea,2000,52.96,7.06,-35.864361,-8.98225
Euphonia_violacea,2005,60.3,,-48.541493,-25.587558
Tangara_sayaca,2002,93,10.5,-49.066667,-26.9
Tangara_sayaca,2012,,,-43.4711,-20
Tangara_sayaca,2005,95,7.01,-51.174612,-30.058708
Tangara_sayaca,2012,,,-43.4711,-20
Tangara_sayaca,2012,,,-35.18,-5.92
Tangara_sayaca,2011,96,,-48.498056,-27.475556
Tangara_sayaca,2010,,,-40.416028,-20.583528
Tangara_sayaca,2011,87,,-40.418722,-20.581278
Tangara_sayaca,2009,92.2,,-40.423528,-20.592528
Tangara_sayaca,2011,90.1,,-40.418722,-20.581278
Tangara_sayaca,2016,,,-42.6714,-15.9039
Tangara_sayaca,2016,59,,-50.178935,-29.482103
Tangara_sayaca,2009,96,11.7,-34.973484,-6.550309
Tangara_sayaca,2003,85,7.62,-52.53671,-32.538503
Tangara_sayaca,2003,91,8,-49.066667,-26.9
Tangara_sayaca,2016,,,-42.6714,-15.9039
Tangara_sayaca,2001,90,8.2,-51.174612,-30.058708
Tangara_sayaca,1999,89,8.2,-49.9,-26.333333
Tangara_sayaca,2012,,,-43.1347,-16.0592
Tangara_sayaca,2011,,,-35.18,-5.92
Tangara_sayaca,2007,72,8.1,-49.5,-27.116667
Tangara_sayaca,2010,,,-43.4881,-20.0978
Tangara_sayaca,2011,94.6,,-40.416306,-20.582222
Tangara_sayaca,2015,,,-43.4714,-20.0003
Tangara_sayaca,2011,93.1,,-40.420667,-20.582083
Tangara_sayaca,2016,,,-42.6714,-15.9039
Tangara_sayaca,2016,,,-42.6714,-15.9039
Tangara_sayaca,2001,93,6.84,-51.218164,-30.035373
Tangara_sayaca,2014,87,8,-49.398056,-22.530694
Tangara_sayaca,2011,,,-35.18,-5.92
Tangara_sayaca,2010,95.4,,-40.421095,-20.592901
Tangara_sayaca,2016,,,-43.4711,-20
Tangara_sayaca,2007,99,10.5,-49.5,-27.116667
Tangara_sayaca,2013,,,-43.0481,-15.9831
Tangara_sayaca,2012,,,-47.57926,-22.34485
Tangara_sayaca,2007,93,9.9,-49.066667,-26.9
Tangara_sayaca,2009,92,,-40.423194,-20.595667
Tangara_sayaca,2010,,,-43.4714,-20.0003
Tangara_sayaca,2010,,,-43.4881,-20.0978
Tangara_sayaca,2010,91.1,,-40.412528,-20.579222
Tangara_sayaca,2011,88,,-40.418056,-20.580861
Tangara_sayaca,2011,92,,-40.418722,-20.581278
Tangara_sayaca,1999,90,9,-49.166667,-26.733333
Tangara_sayaca,2011,90,,-40.418722,-20.581278
Tangara_sayaca,2009,93.6,,-40.423194,-20.595667
Tangara_sayaca,2016,91,11,-49.083333,-26.9
Tangara_sayaca,2012,,,-35.18,-5.92
Tangara_sayaca,2011,94,,-48.498056,-27.475556
Tangara_sayaca,2016,,,-42.6714,-15.9039
Tangara_sayaca,2012,,,-47.60579,-22.21623
Tangara_sayaca,2008,87,10,-52.3438,-26.9594
Tangara_sayaca,2012,,,-35.18,-5.92
Tangara_sayaca,2010,,,-35.18,-5.92
Tangara_sayaca,2012,,,-43.4711,-20
Tangara_sayaca,2011,87,,-40.418722,-20.581278
Tangara_sayaca,2010,,,-43.4714,-20.0003
Tangara_sayaca,2000,85,10.3,-49.17027,-26.77639
Tangara_sayaca,2004,88,7.68,-52.340985,-31.770084
Tangara_sayaca,2010,88.4,,-40.416861,-20.588917
Tangara_sayaca,2014,,,-43.4719,-20.0003
Tangara_sayaca,2010,90.5,,-44.4136,-19.8808
Tangara_sayaca,2009,88,7.09,-52.286558,-31.753366
Tangara_sayaca,2005,66,,-51.302929,-30.051014
Tangara_sayaca,1999,87.44,9.16,-35.369722,-7.595278
Tangara_sayaca,2011,89,,-40.418722,-20.581278
Tangara_sayaca,2007,80,8.5,-52.516667,-26.65
Tangara_sayaca,2009,,,-40.423528,-20.592528
Tangara_sayaca,2011,91.5,,-40.418722,-20.581278
Tangara_sayaca,2011,68,,-40.418583,-20.580278
Tangara_sayaca,2007,,,-43.45,-19.9667
Tangara_sayaca,1998,93,10.4,-49.083333,-26.9
Tangara_sayaca,2010,94,7.5,-49.066667,-26.9
Tangara_sayaca,2003,125,7,-49.066667,-26.9
Tangara_sayaca,2007,,,-43.45,-19.9667
Tangara_sayaca,2009,91,7.47,-52.233536,-31.758667
Tangara_sayaca,2013,,,-43.0481,-15.9831
Tangara_sayaca,2014,74,6.7,-49.398056,-22.530694
Tangara_sayaca,2016,,,-43.4711,-20
Tangara_sayaca,2010,112,,-40.420636,-20.592037
Tangara_sayaca,2011,93.3,,-40.417639,-20.581778
Dixiphia_pipra,2013,,6.67,-39.28388889,-13.83805556
Dixiphia_pipra,2012,63,4.8,-41.646325,-22.26745
Dixiphia_pipra,2013,,6.79,-39.45902778,-13.89791667
Dixiphia_pipra,2011,65.4,,-40.429042,-20.621794
Dixiphia_pipra,2013,,4.97,-39.45902778,-13.89791667
Dixiphia_pipra,2012,64,4.9,-41.646325,-22.26745
Dixiphia_pipra,2011,,5.6,-39.47375,-12.86025
Dixiphia_pipra,2012,65.5,,-40.422111,-20.594212
Dixiphia_pipra,2015,,6.59,-39.28388889,-13.83805556
Dixiphia_pipra,2012,64,5.4,-41.646325,-22.26745
Dixiphia_pipra,2017,61.56,8.73,-39.195871,-15.349397
Dixiphia_pipra,2013,,6.07,-39.28388889,-13.83805556
Dixiphia_pipra,2017,62.85,12.06,-39.23866,-15.894553
Dixiphia_pipra,2011,64,,-40.429042,-20.623347
Dixiphia_pipra,2012,,5.81,-39.44851111,-13.89180556
Dixiphia_pipra,2013,,5.64,-39.28388889,-13.83805556
Dixiphia_pipra,2017,61.6,10.29,-39.23866,-15.894553
Dixiphia_pipra,2017,59.56,9.04,-39.123508,-15.128903
Dixiphia_pipra,2013,62.8,,-40.423167,-20.596611
Dixiphia_pipra,2014,,6.61,-39.28388889,-13.83805556
Dixiphia_pipra,2012,,,-41.646325,-22.26745
Dixiphia_pipra,2017,62.77,8.99,-39.195871,-15.349397
Dixiphia_pipra,2012,65,5.6,-41.646325,-22.26745
Dixiphia_pipra,2017,61.84,10.36,-39.23866,-15.894553
Dixiphia_pipra,2013,,5.83,-39.28388889,-13.83805556
Dixiphia_pipra,2017,61.65,8,-39.078058,-15.249721
Dixiphia_pipra,1995,65,,-42.304444,-22.544028
Dixiphia_pipra,2017,61.49,9.4,-39.195871,-15.349397
Dixiphia_pipra,2017,,,-39.195871,-15.349397
Dixiphia_pipra,2011,63.5,,-40.429042,-20.623347
Dixiphia_pipra,2012,62,5.1,-41.646325,-22.26745
Dixiphia_pipra,2010,65.5,,-40.420605,-20.592769
Dixiphia_pipra,2017,62.8,9.5,-39.195235,-15.297331
Dixiphia_pipra,2013,63.5,,-40.423167,-20.596611
Dixiphia_pipra,2009,,,-42.047183,-22.421778
Dixiphia_pipra,2014,,5.95,-39.28388889,-13.83805556
Dixiphia_pipra,2012,67,4.7,-41.646325,-22.26745
Dixiphia_pipra,2017,61.7,9.22,-39.243959,-15.818562
Dixiphia_pipra,2011,,5.3,-39.47375,-12.86025
Dixiphia_pipra,2017,52.25,8.64,-39.092127,-15.180325
Conopophaga_melanops,2005,,,-47.396673,-23.947513
Conopophaga_melanops,2007,,,-47.460399,-23.88904
Conopophaga_melanops,2010,66,,-48.573806,-27.426111
Conopophaga_melanops,2007,,,-47.453913,-23.907938
Conopophaga_melanops,2015,65,,-46.509514,-23.977439
Conopophaga_melanops,2011,63.63,,-35.879097,-9.218164
Conopophaga_melanops,2017,59.05,,-48.681405,-25.29377
Conopophaga_melanops,2007,65,6,-44.202778,-23.175
Conopophaga_melanops,2006,67,6.2,-42.575483,-22.417983
Conopophaga_melanops,2001,63.6,8.5,-48.52396,-27.71722
Conopophaga_melanops,1999,65.87,10.44,-35.833611,-8.710278
Conopophaga_melanops,2007,61.7,11,-35.884722,-9.216667
Conopophaga_melanops,2001,,,-48.416666,-24.316666
Conopophaga_melanops,2012,66,6.3,-47.949986,-24.16386
Conopophaga_melanops,2012,62,5.4,-47.949986,-24.16386
Conopophaga_melanops,2007,,,-47.453913,-23.907938
Conopophaga_melanops,1996,,,-44.202778,-23.175
Conopophaga_melanops,2015,59,,-46.369417,-23.842417
Conopophaga_melanops,2001,68,8.9,-42.38333,-22.5
Conopophaga_melanops,2010,58.05,,-48.892222,-25.985278
Conopophaga_melanops,2012,62,7.85,-47.949986,-24.16386
Conopophaga_melanops,2015,,,-47.253177,-24.086093
Conopophaga_melanops,2000,,7.5,-48.416666,-24.316666
Conopophaga_melanops,2001,62.7,7.7,-48.474789,-27.585696
Conopophaga_melanops,1996,65,5.9,-44.202778,-23.175
Conopophaga_melanops,2017,61,,-48.541493,-25.587558
Conopophaga_melanops,2007,65,10.3,-35.884722,-9.216667
Conopophaga_melanops,2012,,,-47.949986,-24.16386
Conopophaga_melanops,2002,63.4,,-44.850694,-23.358056
Conopophaga_melanops,2013,,,-47.949986,-24.16386
Conopophaga_melanops,2015,68,,-46.509514,-23.977439
Conopophaga_melanops,2001,60.5,9,-48.474789,-27.585696
Conopophaga_melanops,2014,58.4,,-40.114444,-19.015
Conopophaga_melanops,2006,,,-47.48322,-23.886254
Conopophaga_melanops,2002,63,,-48.541493,-25.587558
Conopophaga_melanops,2001,73,10,-42.38333,-22.5
Conopophaga_melanops,2016,,,-42.047183,-22.421778
Conopophaga_melanops,2012,66,,-35.08559,-6.805421
Conopophaga_melanops,2015,68,,-46.509514,-23.977439
Conopophaga_melanops,2002,65.6,,-44.850694,-23.358056
Conopophaga_melanops,2010,55,,-48.573806,-27.426111
Conopophaga_melanops,2016,65,,-47.253177,-24.086093
Conopophaga_melanops,2015,64,,-46.457653,-23.876918
Conopophaga_melanops,2015,64,,-46.369417,-23.842417
Conopophaga_melanops,2012,64,,-35.879097,-9.218164
Conopophaga_melanops,2012,65,,-35.08559,-6.805421
Conopophaga_melanops,2001,67,9.8,-42.38333,-22.5
Conopophaga_melanops,2011,,,-35.828915,-9.246195
Conopophaga_melanops,2012,66,5.8,-42.047183,-22.421778
Conopophaga_melanops,2013,62,8,-47.949986,-24.16386
Conopophaga_melanops,2007,65,6,-44.202778,-23.175
Conopophaga_melanops,2012,,6.1,-47.949986,-24.16386
Conopophaga_melanops,2007,66,11.6,-35.884722,-9.216667
Conopophaga_melanops,2001,63,8.2,-48.52396,-27.71722
Conopophaga_melanops,2013,65,,-48.892222,-25.985278
Conopophaga_melanops,2007,,,-47.410015,-23.951935
Conopophaga_melanops,2012,67.6,7.3,-35.712064,-8.545119
Conopophaga_melanops,2015,60.5,,-47.198404,-24.045634
Conopophaga_melanops,2013,64,,-35.177922,-6.725132
Conopophaga_melanops,2006,64,,-45.982,-23.633
Conopophaga_melanops,2002,64.3,,-45.427917,-23.593222
Conopophaga_melanops,2002,63.6,,-44.850694,-23.358056
Conopophaga_melanops,2007,64,,-35.884722,-9.216667
Conopophaga_melanops,1996,67,6.8,-44.204194,-23.183073
Conopophaga_melanops,2007,65.3,,-34.957101,-6.991604
Conopophaga_melanops,1996,70,,-44.204194,-23.183073
Conopophaga_melanops,2002,65.8,,-44.850694,-23.358056
Conopophaga_melanops,2011,,,-35.828915,-9.246195
Conopophaga_melanops,2001,64.2,8.5,-48.52396,-27.71722
Conopophaga_melanops,2002,63.4,,-45.427917,-23.593222
Conopophaga_melanops,2006,,,-47.377344,-23.957743
Conopophaga_melanops,2002,65.6,,-44.850694,-23.358056
Conopophaga_melanops,2005,63,,-42.0464,-22.54815
Conopophaga_melanops,2002,65.7,,-45.427917,-23.593222
Conopophaga_melanops,1996,,,-44.202778,-23.175
Conopophaga_melanops,2005,,,-47.377344,-23.957743
Conopophaga_melanops,2012,68.2,,-35.879097,-9.218164
Conopophaga_melanops,2016,62,,-48.541493,-25.587558
Conopophaga_melanops,2017,61.65,,-48.658873,-25.291068
Conopophaga_melanops,2002,65,,-44.850694,-23.358056
Conopophaga_melanops,1996,66,6,-44.202778,-23.175
Conopophaga_melanops,2001,62.5,7.7,-48.52396,-27.71722
Conopophaga_melanops,2017,,,-47.198404,-24.045634
Conopophaga_melanops,2010,,,-42.8947,-21.925
Conopophaga_melanops,2007,64.2,9.8,-35.884722,-9.216667
Conopophaga_melanops,1999,67.49,10.15,-35.833611,-8.710278
Conopophaga_melanops,2002,61.1,,-45.427917,-23.593222
Conopophaga_melanops,2012,64.6,,-35.879097,-9.218164
Conopophaga_melanops,2014,,8.71,-39.28388889,-13.83805556
Conopophaga_melanops,2015,67,4.1,-40.15262778,-19.03415833
Conopophaga_melanops,2012,66.3,,-35.879097,-9.218164
Conopophaga_melanops,2015,62,,-46.369417,-23.842417
Conopophaga_melanops,2007,66.3,11,-35.884722,-9.216667
Conopophaga_melanops,2015,65,,-46.4848,-23.94686
Conopophaga_melanops,2012,73,,-35.08559,-6.805421
Conopophaga_melanops,2016,62.65,,-48.681405,-25.29377
Conopophaga_melanops,2015,,,-47.253177,-24.086093
Conopophaga_melanops,1993,,,-48.5867,-27.1702
Conopophaga_melanops,2012,64,,-35.879097,-9.218164
Conopophaga_melanops,2017,57.6,,-48.681405,-25.29377
Conopophaga_melanops,2007,65.8,8.1,-35.884722,-9.216667
Conopophaga_melanops,1999,63.81,10.88,-35.505556,-7.588889
Conopophaga_melanops,2002,65.5,,-44.850694,-23.358056
Conopophaga_melanops,2015,64,,-46.509514,-23.977439
Conopophaga_melanops,2006,,,-46.400954,-23.843052
Conopophaga_melanops,2000,62.22,9.81,-35.864361,-8.98225
Conopophaga_melanops,2007,64,,-34.957101,-6.991604
Conopophaga_melanops,1996,67,6,-44.202778,-23.175
Conopophaga_melanops,2015,63,,-47.245302,-24.06865
Conopophaga_melanops,2001,61.8,,-48.52396,-27.71722
Conopophaga_melanops,2005,,,-44.120167,-22.990433
Conopophaga_melanops,2000,,8,-48.416666,-24.316666
Conopophaga_melanops,2012,64.4,,-35.879097,-9.218164
Conopophaga_melanops,2001,62.7,9.5,-48.474789,-27.585696
Conopophaga_melanops,2005,79.6,,-46.400954,-23.843052
Conopophaga_melanops,2015,60,,-46.369417,-23.842417
Conopophaga_melanops,1996,70,5.6,-44.202778,-23.175
Conopophaga_melanops,2015,,,-47.198404,-24.045634
Conopophaga_melanops,2001,62.5,9.5,-48.474789,-27.585696
Conopophaga_melanops,2017,62.75,,-48.681405,-25.29377
Conopophaga_melanops,2001,,8.2,-48.40777778,-24.278333
Conopophaga_melanops,2004,66,6.1,-42.918417,-22.481667
Conopophaga_melanops,2002,64.1,,-45.427917,-23.593222
Conopophaga_melanops,2013,,8.75,-39.45902778,-13.89791667
Conopophaga_melanops,2010,64,11.7,-44.607931,-22.452726
Conopophaga_melanops,2017,61,,-48.541493,-25.587558
Conopophaga_melanops,2015,,,-47.198404,-24.045634
Conopophaga_melanops,2002,63.8,,-44.850694,-23.358056
Conopophaga_melanops,2015,60,,-46.369417,-23.842417
Conopophaga_melanops,2013,61,,-48.895407,-25.97896
Conopophaga_melanops,2012,64.4,,-35.879097,-9.218164
Conopophaga_melanops,2001,64.7,9,-48.474789,-27.585696
Conopophaga_melanops,1997,67,6,-44.204194,-23.183073
Conopophaga_melanops,1995,,,-42.304444,-22.544028
Conopophaga_melanops,2005,70,,-46.399266,-23.833688
Conopophaga_melanops,2015,62,,-47.253177,-24.086093
Conopophaga_melanops,2012,63.2,,-35.879097,-9.218164
Conopophaga_melanops,2012,67,7.9,-47.949986,-24.16386
Conopophaga_melanops,2001,62,8.2,-48.474789,-27.585696
Conopophaga_melanops,2007,63.5,11.2,-35.884722,-9.216667
Conopophaga_melanops,2001,63.7,8,-48.474789,-27.585696
Conopophaga_melanops,2001,,,-48.474789,-27.585696
Conopophaga_melanops,2007,66,5.6,-44.202778,-23.175
Conopophaga_melanops,2015,,,-47.253177,-24.086093
Conopophaga_melanops,2005,,,-46.400954,-23.843052
Conopophaga_melanops,2010,,,-42.8892,-21.9339
Conopophaga_melanops,2016,61.78,,-48.675863,-25.301518
Conopophaga_melanops,2017,58.35,,-48.658873,-25.291068
Conopophaga_melanops,2002,61.4,,-44.850694,-23.358056
Conopophaga_melanops,2015,,,-47.253177,-24.086093
Conopophaga_melanops,2015,65,6,-44.105278,-22.989722
Conopophaga_melanops,2017,62,,-48.541493,-25.587558
Conopophaga_melanops,2017,56.95,,-48.658873,-25.291068
Conopophaga_melanops,1996,68,6,-44.204194,-23.183073
Conopophaga_melanops,2004,62,6,-42.918417,-22.481667
Conopophaga_melanops,2017,58.75,,-48.642632,-25.28218
Conopophaga_melanops,2016,,,-47.253177,-24.086093
Conopophaga_melanops,2007,,,-44.202778,-23.175
Conopophaga_melanops,2002,64.6,,-44.850694,-23.358056
Conopophaga_melanops,2010,61.1,,-48.541493,-25.587558
Conopophaga_melanops,2012,63.3,,-35.879097,-9.218164
Conopophaga_melanops,1996,68,,-44.202778,-23.175
Conopophaga_melanops,2013,59.5,,-48.892222,-25.985278
Conopophaga_melanops,2002,63.7,,-44.850694,-23.358056
Conopophaga_melanops,2015,,,-47.253177,-24.086093
Conopophaga_melanops,2006,65,,-46.400954,-23.843052
Conopophaga_melanops,2016,62,,-47.198404,-24.045634
Conopophaga_melanops,2007,68,5.1,-44.202778,-23.175
Conopophaga_melanops,2010,65,,-48.888611,-25.993056
Conopophaga_melanops,2001,62.7,7.9,-48.474789,-27.585696
Conopophaga_melanops,2001,62.3,,-48.541493,-25.587558
Conopophaga_melanops,1996,67,5.6,-44.202778,-23.175
Conopophaga_melanops,2004,61.1,,-48.541493,-25.587558
Conopophaga_melanops,2002,101.8,,-45.427917,-23.593222
Conopophaga_melanops,2005,,,-47.405913,-23.96164
Conopophaga_melanops,2017,60.15,,-48.650869,-25.286414
Conopophaga_melanops,2001,64.8,9.5,-48.52396,-27.71722
Conopophaga_melanops,2015,61,,-46.509514,-23.977439
Conopophaga_melanops,2002,62,,-45.427917,-23.593222
Conopophaga_melanops,2012,64,6.8,-47.949986,-24.16386
Conopophaga_melanops,2001,,7,-48.40777778,-24.278333
Conopophaga_melanops,2013,,9.25,-39.45902778,-13.89791667
Conopophaga_melanops,2014,,8.15,-39.28388889,-13.83805556
Conopophaga_melanops,2007,,,-47.46575,-23.903054
Conopophaga_melanops,2002,64.2,,-45.427917,-23.593222
Conopophaga_melanops,1999,66.11,9.83,-35.505556,-7.588889
Conopophaga_melanops,2007,,,-47.449187,-23.854583
Conopophaga_melanops,2001,70,11.6,-42.38333,-22.5
Conopophaga_melanops,2002,63.4,,-44.850694,-23.358056
Conopophaga_melanops,2005,63,,-46.400954,-23.843052
Conopophaga_melanops,2017,60,,-47.253177,-24.086093
Conopophaga_melanops,2007,66,11,-35.884722,-9.216667
Conopophaga_melanops,2000,,7,-48.416666,-24.316666
Conopophaga_melanops,2002,62.6,,-44.850694,-23.358056
Conopophaga_melanops,1996,68,6.3,-44.204194,-23.183073
Conopophaga_melanops,2012,62.8,,-35.879097,-9.218164
Conopophaga_melanops,1996,,,-44.202778,-23.175
Conopophaga_melanops,2007,,,-47.449187,-23.854583
Conopophaga_melanops,2012,64.8,,-35.879097,-9.218164
Conopophaga_melanops,2015,65,,-46.4848,-23.94686
Conopophaga_melanops,2015,,,-47.198404,-24.045634
Conopophaga_melanops,2002,106.9,,-45.427917,-23.593222
Conopophaga_melanops,2001,76,11.9,-42.38333,-22.5
Conopophaga_melanops,2006,,,-47.449187,-23.854583
Conopophaga_melanops,2005,,,-47.405913,-23.96164
Conopophaga_melanops,2002,64.4,,-44.850694,-23.358056
Conopophaga_melanops,2000,,,-48.416666,-24.316666
Conopophaga_melanops,2017,,,-47.245302,-24.06865
Conopophaga_melanops,2016,58,,-48.658873,-25.291068
Conopophaga_melanops,2002,63.2,,-45.427917,-23.593222
Conopophaga_melanops,2007,67,5.3,-44.202778,-23.175
Conopophaga_melanops,1996,69,,-44.204194,-23.183073
Conopophaga_melanops,1996,68,6.1,-44.202778,-23.175
Conopophaga_melanops,2005,,,-47.405913,-23.96164
Conopophaga_melanops,2012,64.4,7.7,-35.712064,-8.545119
Conopophaga_melanops,2012,,,-35.177922,-6.725132
Conopophaga_melanops,2013,,,-47.949986,-24.16386
Conopophaga_melanops,2000,65.61,9.95,-35.864361,-8.98225
Conopophaga_melanops,2015,,,-47.245302,-24.06865
Conopophaga_melanops,2007,,,-47.460399,-23.88904
Conopophaga_melanops,2013,,9.29,-39.28188889,-13.85077778
Conopophaga_melanops,1996,68,6.1,-44.202778,-23.175
Conopophaga_melanops,1996,66,,-44.202778,-23.175
Conopophaga_melanops,1995,64,,-42.304444,-22.544028
Conopophaga_melanops,2015,,,-47.253177,-24.086093
Conopophaga_melanops,2015,59,,-46.369417,-23.842417
Conopophaga_melanops,2012,67.3,,-35.879097,-9.218164
Conopophaga_melanops,2005,64,6.1,-44.120167,-22.990433
Conopophaga_melanops,1997,67,6,-44.204194,-23.183073
Conopophaga_melanops,2007,65,5.7,-44.202778,-23.175
Conopophaga_melanops,2015,64,,-46.509514,-23.977439
Conopophaga_melanops,2017,,,-47.198404,-24.045634
Conopophaga_melanops,2011,61.2,,-48.541493,-25.587558
Conopophaga_melanops,2002,63.9,,-44.850694,-23.358056
Conopophaga_melanops,1996,,,-42.304444,-22.544028
Conopophaga_melanops,2012,,,-35.08559,-6.805421
Conopophaga_melanops,1996,,,-44.202778,-23.175
Conopophaga_melanops,2002,68.3,,-45.427917,-23.593222
Conopophaga_melanops,2012,70,,-35.08559,-6.805421
Conopophaga_melanops,2015,60,,-46.369417,-23.842417
Conopophaga_melanops,2001,61,9.5,-48.512518,-27.531353
Conopophaga_melanops,2007,67,10.6,-35.884722,-9.216667
Conopophaga_melanops,2001,,,-48.416666,-24.316666
Conopophaga_melanops,2002,63.8,,-44.850694,-23.358056
Conopophaga_melanops,2004,65,6,-42.737667,-22.4084
Conopophaga_melanops,2001,63.2,9.5,-48.52396,-27.71722
Conopophaga_melanops,2007,,,-47.410015,-23.951935
Conopophaga_melanops,2015,62,6.1,-44.105278,-22.989722
Conopophaga_melanops,2012,65.5,,-35.879097,-9.218164
Conopophaga_melanops,2016,64,,-47.245302,-24.06865
Conopophaga_melanops,2001,,6.9,-48.416666,-24.316666
Conopophaga_melanops,2007,,,-44.202778,-23.175
Conopophaga_melanops,2011,,,-40.38,-15.2586
Conopophaga_melanops,2002,64.8,,-44.850694,-23.358056
Conopophaga_melanops,2007,,,-47.46575,-23.903054
Conopophaga_melanops,2017,,,-47.253177,-24.086093
Conopophaga_melanops,2010,63,11.2,-49.216667,-26.883333
Conopophaga_melanops,2010,61.2,,-48.892222,-25.985278
Conopophaga_melanops,2001,62.2,8.5,-48.474789,-27.585696
Conopophaga_melanops,2013,68,,-35.08559,-6.805421
Conopophaga_melanops,2015,63,,-46.305028,-23.883583
Conopophaga_melanops,2011,,,-42.8764,-21.9108
Conopophaga_melanops,2002,59,,-48.541493,-25.587558
Conopophaga_melanops,2015,,,-47.245302,-24.06865
Conopophaga_melanops,2015,65,,-46.509514,-23.977439
Conopophaga_melanops,2017,56.6,,-47.253177,-24.086093
Conopophaga_melanops,1996,65,,-42.304444,-22.544028
Conopophaga_melanops,2017,59.6,,-48.681405,-25.29377
Conopophaga_melanops,1992,,,-49.066667,-27.15
Conopophaga_melanops,2017,59.4,,-48.541493,-25.587558
Conopophaga_melanops,2015,64,,-46.369417,-23.842417
Conopophaga_melanops,2001,,7,-48.416666,-24.316666
Conopophaga_melanops,2014,65,6.2,-42.047183,-22.421778
Conopophaga_melanops,2002,65.6,,-44.850694,-23.358056
Conopophaga_melanops,2007,105,9.5,-35.884722,-9.216667
Conopophaga_melanops,2001,,,-48.416666,-24.316666
Conopophaga_melanops,2007,68,5.7,-44.202778,-23.175
Conopophaga_melanops,2002,62.2,,-44.850694,-23.358056
Conopophaga_melanops,2015,68,9.5,-34.9445366915,-7.9938007267
Conopophaga_melanops,1999,62.72,10.29,-35.833611,-8.710278
Conopophaga_melanops,2004,64,5.9,-42.737667,-22.4084
Conopophaga_melanops,2001,61.8,9.6,-48.474789,-27.585696
Conopophaga_melanops,2017,,,-47.253177,-24.086093
Conopophaga_melanops,2012,64.8,,-35.879097,-9.218164
Conopophaga_melanops,2015,62,,-46.289722,-23.90525
Conopophaga_melanops,2015,62,,-46.340917,-23.855861
Conopophaga_melanops,2012,66,5.9,-42.047183,-22.421778
Conopophaga_melanops,2002,63.2,,-45.427917,-23.593222
Conopophaga_melanops,2015,62,,-46.289722,-23.90525
Conopophaga_melanops,1995,65,,-42.304444,-22.544028
Conopophaga_melanops,2012,62,7.95,-47.949986,-24.16386
Conopophaga_melanops,2016,61,,-47.198404,-24.045634
Conopophaga_melanops,2007,65,9.4,-35.884722,-9.216667
Conopophaga_melanops,2013,67,,-35.177922,-6.725132
Conopophaga_melanops,2015,60,,-46.369417,-23.842417
Conopophaga_melanops,2002,63.5,,-44.850694,-23.358056
Conopophaga_melanops,2015,64.5,,-46.509514,-23.977439
Conopophaga_melanops,2007,,,-47.453913,-23.907938
Conopophaga_melanops,2004,64,6,-42.737667,-22.4084
Conopophaga_melanops,2001,,10.1,-42.38333,-22.5
Conopophaga_melanops,2005,60,,-46.400954,-23.843052
Conopophaga_melanops,2005,60,,-46.400954,-23.843052
Conopophaga_melanops,2001,,,-48.52396,-27.71722
Conopophaga_melanops,2012,65,,-35.08559,-6.805421
Conopophaga_melanops,2007,67,11.5,-35.884722,-9.216667
Conopophaga_melanops,2010,65,,-48.573806,-27.426111
Formicivora_grisea,2012,,,-35.18,-5.92
Formicivora_grisea,2012,55,5.9,-35.37,-5.88
Formicivora_grisea,2010,54,5.5,-35.144167,-6.741389
Formicivora_grisea,2009,55,5.5,-35.144167,-6.741389
Formicivora_grisea,2008,55,8.2,-34.973484,-6.550309
Formicivora_grisea,2009,53,8.2,-34.973484,-6.550309
Formicivora_grisea,2009,,,-35.144167,-6.741389
Formicivora_grisea,2011,54.5,5.24,-35.37,-5.88
Formicivora_grisea,2012,,,-35.18,-5.92
Formicivora_grisea,2012,,,-35.18,-5.92
Formicivora_grisea,2012,53.8,4.2,-34.965648,-7.466816
Formicivora_grisea,2009,54,6.3,-35.144167,-6.741389
Formicivora_grisea,2012,,,-35.18,-5.92
Formicivora_grisea,2010,,,-35.18,-5.92
Formicivora_grisea,2012,,,-35.126,-6.700556
Formicivora_grisea,2008,57,8.5,-34.973484,-6.550309
Formicivora_grisea,2013,,,-35.18,-5.92
Formicivora_grisea,2006,,,-35.139925,-6.741965
Formicivora_grisea,2010,51,6.12,-38.41086111,-12.17652778
Formicivora_grisea,2011,,,-35.18,-5.92
Formicivora_grisea,2010,,,-35.18,-5.92
Formicivora_grisea,2013,,,-35.144167,-6.741389
Formicivora_grisea,2011,,,-35.18,-5.92
Formicivora_grisea,2010,,,-35.18,-5.92
Formicivora_grisea,2012,,,-35.18,-5.92
Formicivora_grisea,2012,,,-35.18,-5.92
Formicivora_grisea,2011,,,-35.18,-5.92
Formicivora_grisea,2011,,,-35.18,-5.92
Formicivora_grisea,2006,54,4.3,-35.139925,-6.741965
Formicivora_grisea,2010,51.6,,-40.412861,-20.578417
Formicivora_grisea,2013,,,-35.18,-5.92
Formicivora_grisea,2008,54,8.4,-36.434444,-10.465278
Formicivora_grisea,2006,56,7,-35.139925,-6.741965
Formicivora_grisea,2008,57,7.9,-34.973484,-6.550309
Formicivora_grisea,2012,58,6.59,-35.18,-5.92
Formicivora_grisea,2008,53,7.35,-34.973484,-6.550309
Formicivora_grisea,2011,,,-35.18,-5.92
Formicivora_grisea,2006,54,5.5,-35.139925,-6.741965
Formicivora_grisea,2009,55,7.9,-36.717067,-10.257492
Formicivora_grisea,2009,53,6.6,-35.144167,-6.741389
Formicivora_grisea,2015,52,6,-34.9532021832,-7.9964573463
Formicivora_grisea,2013,53,,-35.144167,-6.741389
Formicivora_grisea,2012,54.5,5.63,-35.37,-5.88
Formicivora_grisea,2016,55,6.6,-34.9532021832,-7.9964573463
Formicivora_grisea,2011,,,-35.18,-5.92
Formicivora_grisea,2010,53,5.8,-35.144167,-6.741389
Formicivora_grisea,2012,56,5.47,-35.37,-5.88
Formicivora_grisea,2013,,,-35.18,-5.92
Formicivora_grisea,2012,,,-35.18,-5.92
Formicivora_grisea,1999,52.64,7.76,-35.369722,-7.595278
Formicivora_grisea,2012,,,-35.18,-5.92
Formicivora_grisea,2009,54,8.6,-36.717067,-10.257492
Formicivora_grisea,2011,,,-35.18,-5.92
Formicivora_grisea,2011,,,-35.18,-5.92
Formicivora_grisea,2008,51,9.2,-36.434444,-10.465278
Formicivora_grisea,2011,,,-35.18,-5.92
Formicivora_grisea,2013,53,,-35.144167,-6.741389
Formicivora_grisea,2010,,,-35.18,-5.92
Formicivora_grisea,2011,,,-35.18,-5.92
Formicivora_grisea,2011,,,-35.18,-5.92
Formicivora_grisea,2013,50,7.01,-39.45902778,-13.89791667
Formicivora_grisea,2011,,,-35.18,-5.92
Formicivora_grisea,2008,,,-34.973484,-6.550309
Formicivora_grisea,2011,,,-35.18,-5.92
Formicivora_grisea,2010,,,-35.144167,-6.741389
Formicivora_grisea,2010,55,5.5,-35.144167,-6.741389
Formicivora_grisea,2012,55,,-35.126,-6.700556
Formicivora_grisea,2011,55,,-35.144167,-6.741389
Formicivora_grisea,2009,52,6.8,-35.144167,-6.741389
Formicivora_grisea,2014,,,-35.18,-5.92
Formicivora_grisea,2011,,,-35.18,-5.92
Formicivora_grisea,2008,,8.8,-36.655833,-10.4
Formicivora_grisea,2006,59,8.5,-35.139925,-6.741965
Formicivora_grisea,2010,51.3,,-40.423528,-20.592528
Formicivora_grisea,2011,,,-35.18,-5.92
Formicivora_grisea,2011,,,-35.18,-5.92
Formicivora_grisea,2011,,,-35.18,-5.92
Formicivora_grisea,2009,55,5.8,-35.144167,-6.741389
Formicivora_grisea,2009,,,-35.144167,-6.741389
Formicivora_grisea,2013,,,-35.18,-5.92
Formicivora_grisea,2011,,,-35.18,-5.92
Formicivora_grisea,2011,,,-35.18,-5.92
Formicivora_grisea,2011,,,-35.144167,-6.741389
Formicivora_grisea,2010,56,6.8,-35.144167,-6.741389
Formicivora_grisea,2012,,,-35.18,-5.92
Formicivora_grisea,2011,58,6.07,-35.37,-5.88
Formicivora_grisea,2011,,,-35.18,-5.92
Formicivora_grisea,2012,54.5,5.02,-35.18,-5.92
Formicivora_grisea,2010,,,-35.144167,-6.741389
Formicivora_grisea,2013,,,-35.144167,-6.741389
Formicivora_grisea,2013,53,,-35.144167,-6.741389
Formicivora_grisea,2013,,,-35.144167,-6.741389
Formicivora_grisea,2008,51,6.15,-38.40218333,-12.93158889
Formicivora_grisea,2010,50.4,,-40.424252,-20.592889
Formicivora_grisea,2012,,,-35.18,-5.92
Formicivora_grisea,2006,55,7.5,-35.139925,-6.741965
Formicivora_grisea,2011,,,-35.144167,-6.741389
Formicivora_grisea,2008,58,7.1,-34.973484,-6.550309
Formicivora_grisea,2010,,,-35.18,-5.92
Formicivora_grisea,2010,48.6,,-40.424252,-20.592889
Formicivora_grisea,2007,55.5,5.95,-35.01,-6.39
Formicivora_grisea,2015,50,8.8,-34.9532021832,-7.9964573463
Formicivora_grisea,2011,,,-35.18,-5.92
Formicivora_grisea,2010,76,,-35.144167,-6.741389
Formicivora_grisea,2011,56,,-35.144167,-6.741389
Formicivora_grisea,2010,,,-35.18,-5.92
Formicivora_grisea,2013,,,-35.18,-5.92
Formicivora_grisea,2014,,,-35.18,-5.92
Formicivora_grisea,2011,58,5.53,-35.37,-5.88
Formicivora_grisea,2014,,,-35.18,-5.92
Formicivora_grisea,2009,,,-34.973484,-6.550309
Formicivora_grisea,2011,,,-35.18,-5.92
Formicivora_grisea,2010,,,-35.18,-5.92
Formicivora_grisea,2009,56,7.5,-34.973484,-6.550309
Formicivora_grisea,2008,55,7.3,-34.973484,-6.550309
Formicivora_grisea,2011,,,-35.18,-5.92
Formicivora_grisea,2013,,,-35.18,-5.92
Formicivora_grisea,1999,53.25,6.56,-35.369722,-7.595278
Formicivora_grisea,2010,,,-35.18,-5.92
Formicivora_grisea,2013,,,-35.18,-5.92
Formicivora_grisea,2012,50,,-35.144167,-6.741389
Formicivora_grisea,2012,55,,-35.126,-6.700556
Formicivora_grisea,2011,,,-35.18,-5.92
Formicivora_grisea,2012,,,-35.144167,-6.741389
Formicivora_grisea,2011,,,-35.18,-5.92
Formicivora_grisea,2009,53.5,8.6,-34.973484,-6.550309
Formicivora_grisea,2010,,,-35.18,-5.92
Formicivora_grisea,2012,,,-35.18,-5.92
Formicivora_grisea,2010,52,4.1,-35.746496,-6.968757
Formicivora_grisea,2013,,,-35.18,-5.92
Formicivora_grisea,2009,,,-34.973484,-6.550309
Formicivora_grisea,2010,54,7.1,-35.746496,-6.968757
Formicivora_grisea,2011,,,-35.144167,-6.741389
Formicivora_grisea,2015,,,-40.2917,-17.8508
Formicivora_grisea,2009,,,-34.973484,-6.550309
Formicivora_grisea,2015,,,-40.2917,-17.8508
Formicivora_grisea,2010,,,-35.144167,-6.741389
Formicivora_grisea,2012,,,-35.18,-5.92
Formicivora_grisea,2010,,,-35.18,-5.92
Formicivora_grisea,2011,,,-35.18,-5.92
Formicivora_grisea,2006,50,5.4,-35.139925,-6.741965
Formicivora_grisea,2012,55,5.66,-35.37,-5.88
Formicivora_grisea,2009,55,5.8,-35.144167,-6.741389
Formicivora_grisea,2009,56,6.85,-34.973484,-6.550309
Formicivora_grisea,2011,,,-35.18,-5.92
Formicivora_grisea,2013,,,-35.18,-5.92
Formicivora_grisea,2011,,,-35.18,-5.92
Formicivora_grisea,2012,,,-35.18,-5.92
Formicivora_grisea,2015,55,6.7,-35.746496,-6.968757
Formicivora_grisea,2012,58,6.1,-35.37,-5.88
Formicivora_grisea,2011,,,-35.18,-5.92
Formicivora_grisea,2008,53,5.5,-36.434444,-10.465278
Formicivora_grisea,2012,55.5,6,-35.37,-5.88
Formicivora_grisea,2011,,,-35.144167,-6.741389
Formicivora_grisea,2011,,,-35.18,-5.92
Formicivora_grisea,2008,55,8.7,-34.973484,-6.550309
Formicivora_grisea,2013,,,-35.18,-5.92
Formicivora_grisea,2008,51,8.2,-34.973484,-6.550309
Formicivora_grisea,2011,,,-35.18,-5.92
Formicivora_grisea,2010,,,-35.18,-5.92
Formicivora_grisea,2013,48,,-34.854425,-7.063873
Formicivora_grisea,2010,,,-35.18,-5.92
Formicivora_grisea,2009,52,6.1,-35.144167,-6.741389
Formicivora_grisea,2013,,,-35.144167,-6.741389
Formicivora_grisea,2012,,,-35.18,-5.92
Formicivora_grisea,2010,54,5.5,-35.144167,-6.741389
Formicivora_grisea,2010,,,-35.18,-5.92
Formicivora_grisea,2011,,,-35.18,-5.92
Formicivora_grisea,2011,53.6,,-40.411222,-20.575917
Formicivora_grisea,2014,,,-35.18,-5.92
Formicivora_grisea,2011,,,-35.18,-5.92
Formicivora_grisea,2012,,,-35.144167,-6.741389
Formicivora_grisea,2012,,,-35.18,-5.92
Formicivora_grisea,2011,,,-35.18,-5.92
Formicivora_grisea,1999,52.21,7.18,-34.930556,-7.928889
Formicivora_grisea,2012,,,-35.18,-5.92
Formicivora_grisea,2012,,,-35.18,-5.92
Formicivora_grisea,2017,52.1,9.37,-39.5066,-15.800524
Formicivora_grisea,2010,,,-35.18,-5.92
Formicivora_grisea,2013,,,-35.18,-5.92
Formicivora_grisea,2010,,,-35.144167,-6.741389
Formicivora_grisea,2009,54,6.28,-35.37,-5.88
Formicivora_grisea,2012,55,,-35.126,-6.700556
Formicivora_grisea,2010,,,-35.18,-5.92
Formicivora_grisea,2014,,,-35.18,-5.92
Formicivora_grisea,2013,,,-35.144167,-6.741389
Formicivora_grisea,2015,52,5,-34.9532021832,-7.9964573463
Formicivora_grisea,2013,,,-35.18,-5.92
Formicivora_grisea,2010,,,-35.18,-5.92
Formicivora_grisea,2011,52,,-35.144167,-6.741389
Formicivora_grisea,2013,,,-35.18,-5.92
Formicivora_grisea,2011,51,,-35.144167,-6.741389
Formicivora_grisea,2009,53,8,-36.717067,-10.257492
Formicivora_grisea,2011,,,-35.18,-5.92
Formicivora_grisea,2008,,,-34.973484,-6.550309
Formicivora_grisea,2009,54,6.1,-35.144167,-6.741389
Formicivora_grisea,2010,50,8.1,-34.973484,-6.550309
Formicivora_grisea,2010,53.3,,-40.413389,-20.578806
Formicivora_grisea,2011,,,-35.18,-5.92
Formicivora_grisea,2012,,,-35.18,-5.92
Formicivora_grisea,2010,55,7.5,-35.144167,-6.741389
Formicivora_grisea,2011,,,-35.18,-5.92
Formicivora_grisea,2008,58,8.55,-34.973484,-6.550309
Formicivora_grisea,2006,57,9,-35.139925,-6.741965
Formicivora_grisea,2011,53,5.97,-35.37,-5.88
Formicivora_grisea,2009,55,9.6,-34.973484,-6.550309
Formicivora_grisea,2009,54.5,5.85,-35.37,-5.88
Formicivora_grisea,2010,,,-35.144167,-6.741389
Formicivora_grisea,2011,,,-35.144167,-6.741389
Formicivora_grisea,2013,,,-35.18,-5.92
Formicivora_grisea,2012,53,,-35.144167,-6.741389
Formicivora_grisea,2012,56.5,5.7,-35.37,-5.88
Formicivora_grisea,2010,,,-35.18,-5.92
Formicivora_grisea,2010,,,-35.18,-5.92
Formicivora_grisea,2006,54,5.1,-35.139925,-6.741965
Formicivora_grisea,2013,54,,-35.144167,-6.741389
Formicivora_grisea,2011,,,-35.18,-5.92
Formicivora_grisea,2010,56,5.6,-35.144167,-6.741389
Formicivora_grisea,2011,57,6.09,-35.37,-5.88
Formicivora_grisea,2008,55,11,-36.434444,-10.465278
Formicivora_grisea,2012,,,-35.18,-5.92
Formicivora_grisea,2010,,,-35.18,-5.92
Formicivora_grisea,2013,,,-35.18,-5.92
Formicivora_grisea,2010,53,5.8,-35.144167,-6.741389
Formicivora_grisea,2008,51,4.4,-36.655833,-10.4
Formicivora_grisea,2008,49,7.8,-34.973484,-6.550309
Formicivora_grisea,2010,54,7.6,-34.973484,-6.550309
Formicivora_grisea,2011,,,-35.144167,-6.741389
Formicivora_grisea,2013,,,-35.18,-5.92
Formicivora_grisea,2006,,,-35.139925,-6.741965
Formicivora_grisea,2010,55,6.6,-35.746496,-6.968757
Formicivora_grisea,2014,,,-35.18,-5.92
Formicivora_grisea,2012,,,-35.18,-5.92
Formicivora_grisea,2009,,,-35.144167,-6.741389
Ceratopipra_rubrocapilla,2015,61,8.1,-34.9445366915,-7.9938007267
Ceratopipra_rubrocapilla,2011,58.83,,-35.879097,-9.218164
Ceratopipra_rubrocapilla,2002,60.58,9.04,-35.050111,-8.239361
Ceratopipra_rubrocapilla,2011,,,-39.2211,-14.6533
Ceratopipra_rubrocapilla,2015,61,7.5,-34.9445366915,-7.9938007267
Ceratopipra_rubrocapilla,2009,64,,-38.79888,-12.55468
Ceratopipra_rubrocapilla,1999,58.33,9.21,-35.505556,-7.618056
Ceratopipra_rubrocapilla,2017,60.05,10.01,-39.092127,-15.180325
Ceratopipra_rubrocapilla,2016,64,11.7,-34.9445366915,-7.9938007267
Ceratopipra_rubrocapilla,1999,60.83,8.69,-35.369722,-7.595278
Ceratopipra_rubrocapilla,2017,61.5,9.1,-39.195235,-15.297331
Ceratopipra_rubrocapilla,2007,84,10.1,-35.884722,-9.216667
Ceratopipra_rubrocapilla,1999,62.53,9.51,-35.505556,-7.588889
Ceratopipra_rubrocapilla,2015,63,8.8,-34.9445366915,-7.9938007267
Ceratopipra_rubrocapilla,2012,63.6,8.2,-34.965648,-7.466816
Ceratopipra_rubrocapilla,2016,63,8.5,-34.9418676147,-8.0024407527
Ceratopipra_rubrocapilla,2017,60.23,7.28,-39.123508,-15.128903
Ceratopipra_rubrocapilla,2008,61.4,,-39.500511,-15.314456
Ceratopipra_rubrocapilla,2010,60,,-39.500511,-15.314456
Ceratopipra_rubrocapilla,1999,59.93,9.27,-35.369722,-7.595278
Ceratopipra_rubrocapilla,2017,61.12,9.29,-39.092127,-15.180325
Ceratopipra_rubrocapilla,2012,63.25,8.7,-35.715593,-8.515442
Ceratopipra_rubrocapilla,2017,60.96,9.16,-39.123508,-15.128903
Ceratopipra_rubrocapilla,2015,61,8,-34.9532021832,-7.9964573463
Ceratopipra_rubrocapilla,2010,62,,-39.500511,-15.314456
Ceratopipra_rubrocapilla,1999,61.48,9.75,-35.505556,-7.588889
Ceratopipra_rubrocapilla,2008,65,,-39.500511,-15.314456
Ceratopipra_rubrocapilla,2016,64,5.3,-34.95615,-7.988219
Ceratopipra_rubrocapilla,2015,60,7.9,-34.9418676147,-8.0024407527
Ceratopipra_rubrocapilla,2015,59,8.3,-34.9505362415,-8.0050982416
Ceratopipra_rubrocapilla,2012,61.1,8.5,-35.712064,-8.545119
Ceratopipra_rubrocapilla,2012,,7.46,-39.47925,-12.85088889
Ceratopipra_rubrocapilla,2012,63,,-35.879097,-9.218164
Ceratopipra_rubrocapilla,2015,65,7.9,-34.9418676147,-8.0024407527
Ceratopipra_rubrocapilla,2016,60,8.8,-34.9418676147,-8.0024407527
Ceratopipra_rubrocapilla,2017,61.71,9.76,-39.354754,-15.866612
Ceratopipra_rubrocapilla,2015,65,8.6,-34.9445366915,-7.9938007267
Ceratopipra_rubrocapilla,2014,66,4.9,-40.15262778,-19.03415833
Ceratopipra_rubrocapilla,2014,60,6.9,-40.15262778,-19.03415833
Ceratopipra_rubrocapilla,2016,60,8.8,-34.9418676147,-8.0024407527
Ceratopipra_rubrocapilla,2016,61,8.1,-34.9445366915,-7.9938007267
Ceratopipra_rubrocapilla,1999,64.11,8.92,-35.369722,-7.595278
Ceratopipra_rubrocapilla,2014,66,8.4,-40.15262778,-19.03415833
Ceratopipra_rubrocapilla,2010,,6.98,-39.17563056,-13.78475278
Ceratopipra_rubrocapilla,1999,61.86,9.04,-35.833611,-8.710278
Ceratopipra_rubrocapilla,2000,61.23,9.36,-35.864361,-8.98225
Ceratopipra_rubrocapilla,2000,60.57,9.11,-35.864361,-8.98225
Ceratopipra_rubrocapilla,2017,61.77,10.11,-39.375253,-15.985593
Ceratopipra_rubrocapilla,2016,62,10,-34.9418676147,-8.0024407527
Ceratopipra_rubrocapilla,2015,65,9,-34.9532021832,-7.9964573463
Ceratopipra_rubrocapilla,2015,63,6.8,-34.9418676147,-8.0024407527
Ceratopipra_rubrocapilla,2012,,7.02,-39.47375,-12.86025
Ceratopipra_rubrocapilla,2012,59.4,,-35.879097,-9.218164
Ceratopipra_rubrocapilla,2015,63,11.1,-34.9418676147,-8.0024407527
Ceratopipra_rubrocapilla,2015,61,8.3,-34.9445366915,-7.9938007267
Ceratopipra_rubrocapilla,2007,61,10,-35.884722,-9.216667
Ceratopipra_rubrocapilla,2013,,6.26,-39.45902778,-13.89791667
Ceratopipra_rubrocapilla,2011,,,-39.2211,-14.6533
Ceratopipra_rubrocapilla,2014,65,4.7,-42.047183,-22.421778
Ceratopipra_rubrocapilla,2016,60,7.6,-34.9445366915,-7.9938007267
Ceratopipra_rubrocapilla,2000,60.28,9.51,-35.414283,-8.685656
Ceratopipra_rubrocapilla,2016,66,9.3,-34.9418676147,-8.0024407527
Ceratopipra_rubrocapilla,2017,63.93,9.42,-39.123508,-15.128903
Ceratopipra_rubrocapilla,2000,62.74,9.36,-35.864361,-8.98225
Ceratopipra_rubrocapilla,1999,61.25,8.89,-35.369722,-7.595278
Ceratopipra_rubrocapilla,2015,65,8.3,-34.9445366915,-7.9938007267
Ceratopipra_rubrocapilla,2009,49,,-38.79888,-12.55468
Ceratopipra_rubrocapilla,2009,61,,-38.79888,-12.55468
Ceratopipra_rubrocapilla,2008,60,,-39.500511,-15.314456
Ceratopipra_rubrocapilla,2012,61.9,7.4,-35.712064,-8.545119
Ceratopipra_rubrocapilla,2017,60.7,9.04,-39.123508,-15.128903
Ceratopipra_rubrocapilla,2015,60,8.4,-34.9445366915,-7.9938007267
Ceratopipra_rubrocapilla,2017,,9.28,-39.092127,-15.180325
Ceratopipra_rubrocapilla,1995,65,,-42.304444,-22.544028
Ceratopipra_rubrocapilla,2017,64.66,8.38,-39.078058,-15.249721
Ceratopipra_rubrocapilla,2015,65,12.6,-34.9418676147,-8.0024407527
Ceratopipra_rubrocapilla,2016,65,5.1,-34.9532021832,-7.9964573463
Ceratopipra_rubrocapilla,2016,62,8.5,-34.9445366915,-7.9938007267
Ceratopipra_rubrocapilla,2014,65,7.5,-40.15262778,-19.03415833
Ceratopipra_rubrocapilla,2000,59.99,8.96,-35.864361,-8.98225
Ceratopipra_rubrocapilla,2009,65,,-39.500511,-15.314456
Ceratopipra_rubrocapilla,2011,63,,-35.836134,-9.244383
Ceratopipra_rubrocapilla,2008,63,,-39.500511,-15.314456
Ceratopipra_rubrocapilla,2017,62.41,8.4,-39.123508,-15.128903
Ceratopipra_rubrocapilla,2000,62.75,9.47,-35.414219,-8.685592
Ceratopipra_rubrocapilla,2010,,,-39.500511,-15.314456
Ceratopipra_rubrocapilla,2016,64,9.1,-34.9445366915,-7.9938007267
Ceratopipra_rubrocapilla,2008,62,,-38.79888,-12.55468
Ceratopipra_rubrocapilla,2015,63,9,-34.9445366915,-7.9938007267
Ceratopipra_rubrocapilla,2000,61.03,10.26,-35.864361,-8.98225
Ceratopipra_rubrocapilla,2004,61.69,8.68,-34.901833,-7.82675
Ceratopipra_rubrocapilla,2010,,6.7,-39.17563056,-13.78475278
Ceratopipra_rubrocapilla,2015,,,-34.9505362415,-8.0050982416
Ceratopipra_rubrocapilla,2015,61,10.1,-34.9418676147,-8.0024407527
Ceratopipra_rubrocapilla,2012,59.45,8.65,-35.712064,-8.545119
Ceratopipra_rubrocapilla,2015,64,8.4,-34.9418676147,-8.0024407527
Ceratopipra_rubrocapilla,2012,63.8,8.3,-35.715593,-8.515442
Ceratopipra_rubrocapilla,2000,63.43,8.53,-35.864361,-8.98225
Ceratopipra_rubrocapilla,2015,61,9,-34.9418676147,-8.0024407527
Ceratopipra_rubrocapilla,2010,58,,-38.79888,-12.55468
Ceratopipra_rubrocapilla,2000,63.4,8.89,-35.414214,-8.685586
Ceratopipra_rubrocapilla,2016,63,10.9,-34.95615,-7.988219
Ceratopipra_rubrocapilla,2016,61,10.6,-34.9418676147,-8.0024407527
Ceratopipra_rubrocapilla,2000,60.79,8.73,-35.414233,-8.685606
Ceratopipra_rubrocapilla,2009,61,,-39.500511,-15.314456
Ceratopipra_rubrocapilla,2013,,5.33,-39.45902778,-13.89791667
Ceratopipra_rubrocapilla,2011,,,-39.2211,-14.6533
Ceratopipra_rubrocapilla,2014,,8.86,-39.28388889,-13.83805556
Ceratopipra_rubrocapilla,2010,63,,-38.79888,-12.55468
Ceratopipra_rubrocapilla,2009,60,,-38.79888,-12.55468
Ceratopipra_rubrocapilla,2012,,6.94,-39.47375,-12.86025
Ceratopipra_rubrocapilla,2011,,,-35.828915,-9.246195
Ceratopipra_rubrocapilla,2017,60,8.2,-34.9418676147,-8.0024407527
Ceratopipra_rubrocapilla,2017,59.52,9.08,-39.123508,-15.128903
Ceratopipra_rubrocapilla,2012,61.7,,-35.879097,-9.218164
Ceratopipra_rubrocapilla,2013,35,6.66,-39.45902778,-13.89791667
Ceratopipra_rubrocapilla,2010,,6.96,-39.17563056,-13.78475278
Ceratopipra_rubrocapilla,2016,60,6.8,-34.9418676147,-8.0024407527
Ceratopipra_rubrocapilla,2015,62,8.2,-34.9418676147,-8.0024407527
Ceratopipra_rubrocapilla,2016,60,6.2,-34.9445366915,-7.9938007267
Ceratopipra_rubrocapilla,2016,62,10.2,-34.9532021832,-7.9964573463
Ceratopipra_rubrocapilla,1999,61.49,9.5,-35.369722,-7.595278
Ceratopipra_rubrocapilla,1999,61.03,9.58,-35.369722,-7.595278
Ceratopipra_rubrocapilla,2010,61.83,9.23,-34.992778,-8.022056
Ceratopipra_rubrocapilla,2008,64,,-39.500511,-15.314456
Ceratopipra_rubrocapilla,2002,61.53,8.89,-35.050111,-8.239361
Ceratopipra_rubrocapilla,2016,63,6.3,-34.95615,-7.988219
Ceratopipra_rubrocapilla,2010,,,-39.500511,-15.314456
Ceratopipra_rubrocapilla,2016,50,9.2,-34.9445366915,-7.9938007267
Ceratopipra_rubrocapilla,2016,64,9.5,-34.9532021832,-7.9964573463
Ceratopipra_rubrocapilla,2007,61,9.1,-35.884722,-9.216667
Ceratopipra_rubrocapilla,2010,59.1,,-35.828915,-9.246195
Ceratopipra_rubrocapilla,2009,61,,-39.671433,-14.032333
Ceratopipra_rubrocapilla,1999,63.14,9.77,-35.369722,-7.595278
Ceratopipra_rubrocapilla,2015,63,8.4,-34.9445366915,-7.9938007267
Ceratopipra_rubrocapilla,2016,64,11.5,-34.9532021832,-7.9964573463
Ceratopipra_rubrocapilla,1999,61.01,8.29,-35.833611,-8.710278
Ceratopipra_rubrocapilla,2012,,6.95,-39.47375,-12.86025
Ceratopipra_rubrocapilla,2016,52,10.3,-34.9532021832,-7.9964573463
Ceratopipra_rubrocapilla,2015,60.35,6.7,-35.511148,-7.616534
Ceratopipra_rubrocapilla,2016,64,8.9,-34.9418676147,-8.0024407527
Ceratopipra_rubrocapilla,2000,63.66,9.37,-35.864361,-8.98225
Ceratopipra_rubrocapilla,2008,63,,-38.79888,-12.55468
Ceratopipra_rubrocapilla,2016,61,8.5,-34.9418676147,-8.0024407527
Ceratopipra_rubrocapilla,2015,61,7.2,-34.9418676147,-8.0024407527
Ceratopipra_rubrocapilla,2009,63,,-39.500511,-15.314456
Ceratopipra_rubrocapilla,2016,65,11.5,-34.9418676147,-8.0024407527
Ceratopipra_rubrocapilla,2013,,7.37,-39.28188889,-13.85077778
Ceratopipra_rubrocapilla,2008,,,-39.500511,-15.314456
Ceratopipra_rubrocapilla,2009,62,,-38.79888,-12.55468
Ceratopipra_rubrocapilla,2008,61,,-39.500511,-15.314456
Ceratopipra_rubrocapilla,2015,70,8.4,-34.9445366915,-7.9938007267
Ceratopipra_rubrocapilla,1999,60.21,10.22,-35.369722,-7.595278
Ceratopipra_rubrocapilla,2015,65,8,-34.9445366915,-7.9938007267
Ceratopipra_rubrocapilla,2007,66,9,-35.884722,-9.216667
Ceratopipra_rubrocapilla,2016,,,-34.9445366915,-7.9938007267
Ceratopipra_rubrocapilla,2009,60,,-39.500511,-15.314456
Ceratopipra_rubrocapilla,2009,68,5.4,-42.047183,-22.421778
Ceratopipra_rubrocapilla,2000,62.69,8.93,-35.864361,-8.98225
Ceratopipra_rubrocapilla,2017,59.94,8.11,-39.092127,-15.180325
Ceratopipra_rubrocapilla,2016,61,8.5,-34.9445366915,-7.9938007267
Ceratopipra_rubrocapilla,1999,60.15,9.47,-35.505556,-7.588889
Ceratopipra_rubrocapilla,2000,59.94,8.92,-35.414303,-8.685675
Ceratopipra_rubrocapilla,2012,,7.54,-39.47375,-12.86025
Ceratopipra_rubrocapilla,2017,61.33,9.92,-39.195871,-15.349397
Ceratopipra_rubrocapilla,1999,64.23,8.38,-35.505556,-7.588889
Ceratopipra_rubrocapilla,2010,66,,-39.500511,-15.314456
Ceratopipra_rubrocapilla,2015,63,7.8,-34.9418676147,-8.0024407527
Ceratopipra_rubrocapilla,2010,64,,-39.500511,-15.314456
Ceratopipra_rubrocapilla,2008,65,,-38.79888,-12.55468
Ceratopipra_rubrocapilla,2009,65,,-38.79888,-12.55468
Ceratopipra_rubrocapilla,2000,61.75,8.63,-35.414197,-8.685694
Ceratopipra_rubrocapilla,1999,61.72,9.14,-35.505556,-7.588889
Ceratopipra_rubrocapilla,2000,62.71,9.27,-35.864361,-8.98225
Ceratopipra_rubrocapilla,2009,66,,-38.79888,-12.55468
Ceratopipra_rubrocapilla,2008,61,,-39.500511,-15.314456
Ceratopipra_rubrocapilla,2017,60.1,8.9,-39.195235,-15.297331
Ceratopipra_rubrocapilla,2014,59,6.5,-40.15262778,-19.03415833
Ceratopipra_rubrocapilla,2014,,7.34,-39.28188889,-13.85077778
Ceratopipra_rubrocapilla,1999,63.19,8.77,-35.833611,-8.710278
Ceratopipra_rubrocapilla,2016,61,8.4,-34.9418676147,-8.0024407527
Ceratopipra_rubrocapilla,2014,,9.81,-39.28388889,-13.83805556
Ceratopipra_rubrocapilla,1999,61.31,8.72,-35.369722,-7.595278
Ceratopipra_rubrocapilla,2008,64,,-39.500511,-15.314456
Ceratopipra_rubrocapilla,2008,64,,-38.79888,-12.55468
Ceratopipra_rubrocapilla,2010,36,7.22,-39.17563056,-13.78475278
Ceratopipra_rubrocapilla,2014,,8.93,-39.28388889,-13.83805556
Ceratopipra_rubrocapilla,2017,60.99,7.78,-39.089116,-15.258441
Ceratopipra_rubrocapilla,2015,61,12.9,-34.9532021832,-7.9964573463
Ceratopipra_rubrocapilla,2016,60,8.1,-34.9445366915,-7.9938007267
Ceratopipra_rubrocapilla,2012,,7,-39.47925,-12.85088889
Ceratopipra_rubrocapilla,2012,,7.29,-39.47375,-12.86025
Ceratopipra_rubrocapilla,2015,61,8.8,-34.9418676147,-8.0024407527
Ceratopipra_rubrocapilla,2015,,9.06,-39.28388889,-13.83805556
Ceratopipra_rubrocapilla,2016,70,11.3,-34.9445366915,-7.9938007267
Thamnophilus_ambiguus,2014,76,7,-40.15262778,-19.03415833
Thamnophilus_ambiguus,2009,,,-40.423528,-20.592528
Thamnophilus_ambiguus,2015,,,-40.421322,-20.415332
Thamnophilus_ambiguus,2013,67,4.5,-42.819081,-22.647121
Thamnophilus_ambiguus,2011,68.6,,-42.5789,-19.7869
Thamnophilus_ambiguus,2004,,,-42.193194,-22.848914
Thamnophilus_ambiguus,2012,63,,-40.421322,-20.415332
Thamnophilus_ambiguus,1999,69,,-40.970231,-21.232122
Thamnophilus_ambiguus,2012,69.7,,-40.423528,-20.592528
Thamnophilus_ambiguus,2012,70,5.2,-41.646325,-22.26745
Thamnophilus_ambiguus,2010,64.8,,-40.421972,-20.592111
Thamnophilus_ambiguus,2005,66,,-42.0464,-22.54815
Thamnophilus_ambiguus,2015,69,11.5,-40.15262778,-19.03415833
Thamnophilus_ambiguus,2012,73,5.1,-42.275644,-22.92586
Thamnophilus_ambiguus,2013,64,9.72,-39.45902778,-13.89791667
Thamnophilus_ambiguus,2010,66.5,,-40.421972,-20.592111
Thamnophilus_ambiguus,2010,,,-42.9067,-21.9606
Thamnophilus_ambiguus,2007,74,5.1,-42.292397,-22.937641
Thamnophilus_ambiguus,2004,,,-42.193194,-22.848914
Thamnophilus_ambiguus,2010,67,,-40.420944,-20.591778
Thamnophilus_ambiguus,2011,,,-42.8892,-21.9339
Thamnophilus_ambiguus,2004,,,-42.193194,-22.848914
Thamnophilus_ambiguus,2010,,,-42.033417,-22.424508
Thamnophilus_ambiguus,2004,,,-42.193194,-22.848914
Thamnophilus_ambiguus,2011,67.8,,-40.413194,-20.608528
Thamnophilus_ambiguus,2011,67.4,,-40.421322,-20.415332
Thamnophilus_ambiguus,2016,70,5.8,-42.238333,-22.859167
Thamnophilus_ambiguus,2007,74,5,-42.292397,-22.937641
Thamnophilus_ambiguus,2016,70,5.8,-42.238333,-22.859167
Thamnophilus_ambiguus,2010,68,,-38.79888,-12.55468
Thamnophilus_ambiguus,2010,,,-40.421322,-20.415332
Thamnophilus_ambiguus,2004,,,-42.193194,-22.848914
Thamnophilus_ambiguus,2011,69.2,,-40.413139,-20.608389
Thamnophilus_ambiguus,2009,72,5,-42.292397,-22.937641
Thamnophilus_ambiguus,2007,70,5.6,-42.292397,-22.937641
Thamnophilus_ambiguus,2012,68,5.8,-41.646325,-22.26745
Thamnophilus_ambiguus,2012,69,5.2,-41.645929,-22.26885
Thamnophilus_ambiguus,2010,67,,-40.420504,-20.59221
Thamnophilus_ambiguus,2009,,,-40.423528,-20.592528
Thamnophilus_ambiguus,2010,60,9.74,-38.41408333,-12.17980556
Thamnophilus_ambiguus,2010,66.7,,-40.421322,-20.415332
Thamnophilus_ambiguus,2012,72,5.5,-42.275644,-22.92586
Thamnophilus_ambiguus,2015,70,7.8,-40.15262778,-19.03415833
Thamnophilus_ambiguus,2008,58,,-38.79888,-12.55468
Thamnophilus_ambiguus,2011,67.4,,-40.410056,-20.573861
Thamnophilus_ambiguus,2010,67.1,,-40.421972,-20.592111
Thamnophilus_ambiguus,2010,71,,-40.412528,-20.579222
Thamnophilus_ambiguus,2010,67.5,,-40.420944,-20.591778
Thamnophilus_ambiguus,2011,,,-42.8892,-21.9339
Thamnophilus_ambiguus,2010,66.3,,-40.420636,-20.592037
Thamnophilus_ambiguus,2014,55,9.27,-39.28388889,-13.83805556
Thamnophilus_ambiguus,2004,,,-42.193194,-22.848914
Thamnophilus_ambiguus,2012,65,6,-41.646325,-22.26745
Thamnophilus_ambiguus,2004,,,-42.193194,-22.848914
Thamnophilus_ambiguus,2010,67.1,,-40.420944,-20.591778
Thamnophilus_ambiguus,2011,68.4,,-40.410278,-20.602667
Thamnophilus_ambiguus,2012,72,6.2,-42.292397,-22.937641
Thamnophilus_ambiguus,2011,57.8,,-40.410056,-20.573861
Thamnophilus_ambiguus,2013,66.9,,-40.423333,-20.595861
Thamnophilus_ambiguus,1999,72,,-40.970231,-21.232122
Thamnophilus_ambiguus,2010,66.9,,-40.421444,-20.591667
Thamnophilus_ambiguus,2012,,,-40.423528,-20.592528
Thamnophilus_ambiguus,2014,56,9.89,-39.28388889,-13.83805556
Thamnophilus_ambiguus,2010,,,-40.420504,-20.59221
Thamnophilus_ambiguus,2010,68,,-40.423194,-20.595667
Thamnophilus_ambiguus,2009,,,-40.421322,-20.415332
Thamnophilus_ambiguus,2012,67,,-40.422028,-20.596417
Thamnophilus_ambiguus,2016,70,5.4,-41.931636,-22.804856
Thamnophilus_ambiguus,2011,69.2,,-40.410944,-20.602444
Thamnophilus_ambiguus,2011,64.7,,-40.410944,-20.602444
Thamnophilus_ambiguus,2012,67.5,,-40.423528,-20.592528
Thamnophilus_ambiguus,2004,,,-42.193194,-22.848914
Thamnophilus_ambiguus,2009,66.9,,-40.423528,-20.592528
Thamnophilus_ambiguus,2011,60.7,,-40.413806,-20.609611
Thamnophilus_ambiguus,2011,70.2,,-40.410944,-20.602444
Thamnophilus_ambiguus,2012,71.3,,-40.423472,-20.587944
Thamnophilus_ambiguus,2012,66,5.5,-41.646325,-22.26745
Thamnophilus_ambiguus,2010,,,-40.420605,-20.592769
Thamnophilus_ambiguus,2004,,,-42.193194,-22.848914
Thamnophilus_ambiguus,2013,55,9.8,-39.45902778,-13.89791667
Thamnophilus_ambiguus,2004,72,,-42.263883,-22.32395
Thamnophilus_ambiguus,2010,,,-42.9067,-21.9606
Thamnophilus_ambiguus,2000,70,,-43.5326,-23.0476
Thamnophilus_ambiguus,1995,72,,-42.304444,-22.544028
Thamnophilus_ambiguus,2004,,,-42.193194,-22.848914
Thamnophilus_ambiguus,2003,69,,-42.512333,-22.439117
Thamnophilus_ambiguus,2011,67.2,,-40.411194,-20.60225
Thamnophilus_ambiguus,2009,69,,-38.79888,-12.55468
Thamnophilus_ambiguus,2009,67.3,,-40.423528,-20.592528
Thamnophilus_ambiguus,2011,64.2,,-40.410944,-20.602444
Thamnophilus_ambiguus,2009,,,-40.423194,-20.595667
Thamnophilus_ambiguus,2014,74,6,-42.292397,-22.937641
Thamnophilus_ambiguus,2004,,,-42.193194,-22.848914
Thamnophilus_ambiguus,2011,64.4,,-40.421322,-20.415332
Thamnophilus_ambiguus,2012,66.4,,-40.423528,-20.592528
Thamnophilus_ambiguus,2005,75,6.4,-42.0464,-22.54815
Thamnophilus_ambiguus,2007,69,4.9,-42.292397,-22.937641
Thamnophilus_ambiguus,2016,70,5.5,-42.238333,-22.859167
Thamnophilus_ambiguus,2004,,,-42.193194,-22.848914
Thamnophilus_ambiguus,1995,72,,-42.304444,-22.544028
Thamnophilus_ambiguus,2004,,,-42.193194,-22.848914
Thamnophilus_ambiguus,2010,69.8,,-40.421972,-20.592111
Thamnophilus_ambiguus,2012,71,5.2,-42.275644,-22.92586
Passer_domesticus,2016,,,-47.543972,-22.396028
Passer_domesticus,2016,,,-47.543972,-22.396028
Passer_domesticus,2013,,,-47.543972,-22.396028
Passer_domesticus,2015,,,-47.543972,-22.396028
Passer_domesticus,2011,,,-47.543972,-22.396028
Passer_domesticus,2016,,,-47.543972,-22.396028
Passer_domesticus,2015,,,-47.543972,-22.396028
Passer_domesticus,2012,,,-47.543972,-22.396028
Passer_domesticus,2016,74,9,-48.633333,-26.233333
Passer_domesticus,2012,,,-47.543972,-22.396028
Passer_domesticus,2012,,,-47.543972,-22.396028
Passer_domesticus,2014,,,-47.543972,-22.396028
Passer_domesticus,2011,,,-47.543972,-22.396028
Passer_domesticus,2011,,,-47.543972,-22.396028
Passer_domesticus,2012,,,-47.543972,-22.396028
Passer_domesticus,2012,,,-47.543972,-22.396028
Passer_domesticus,2012,,,-47.543972,-22.396028
Passer_domesticus,2012,,,-47.543972,-22.396028
Passer_domesticus,2010,,,-44.4136,-19.8808
Passer_domesticus,2004,78,7.58,-52.53671,-32.538503
Passer_domesticus,2011,78,8.19,-52.34131,-31.774476
Passer_domesticus,2011,,,-47.543972,-22.396028
Passer_domesticus,2015,,,-47.543972,-22.396028
Passer_domesticus,2012,,,-47.543972,-22.396028
Passer_domesticus,2011,,,-47.543972,-22.396028
Passer_domesticus,2011,,,-47.543972,-22.396028
Passer_domesticus,2000,90,14.1,-49.17027,-26.77639
Passer_domesticus,2016,,,-47.543972,-22.396028
Passer_domesticus,2012,,,-47.543972,-22.396028
Passer_domesticus,2011,,,-47.543972,-22.396028
Passer_domesticus,2004,75,8.36,-52.53671,-32.538503
Passer_domesticus,2017,,,-47.543972,-22.396028
Passer_domesticus,2002,80,8.14,-52.53671,-32.538503
Passer_domesticus,2003,77,7.79,-52.53671,-32.538503
Passer_domesticus,2009,79,6.74,-52.340985,-31.770084
Passer_domesticus,2012,,,-47.543972,-22.396028
Passer_domesticus,2013,,,-47.543972,-22.396028
Passer_domesticus,2012,,,-47.543972,-22.396028
Passer_domesticus,2017,,,-47.543972,-22.396028
Passer_domesticus,1999,73,10,-49.166667,-26.733333
Passer_domesticus,2017,,,-47.543972,-22.396028
Passer_domesticus,2014,,,-47.543972,-22.396028
Passer_domesticus,2017,,,-47.543972,-22.396028
Passer_domesticus,2013,,,-47.543972,-22.396028
Passer_domesticus,2010,,,-44.4136,-19.8808
Passer_domesticus,2011,,,-47.543972,-22.396028
Passer_domesticus,2017,,,-47.543972,-22.396028
Passer_domesticus,2016,,,-47.543972,-22.396028
Passer_domesticus,2007,75,8.7,-54.198213,-23.037761
Passer_domesticus,2012,,,-47.543972,-22.396028
Passer_domesticus,2005,74.8,8.2,-49.066667,-26.9
Passer_domesticus,2012,,,-47.543972,-22.396028
Passer_domesticus,2012,,,-47.543972,-22.396028
Passer_domesticus,2015,,,-47.543972,-22.396028
Passer_domesticus,2011,,,-47.543972,-22.396028
Passer_domesticus,2012,,,-47.543972,-22.396028
Passer_domesticus,2008,70.5,9,-49.066667,-26.9
Passer_domesticus,2004,79,7.28,-52.53671,-32.538503
Passer_domesticus,2011,,,-47.543972,-22.396028
Passer_domesticus,2014,,,-47.543972,-22.396028
Passer_domesticus,2012,,,-47.543972,-22.396028
Passer_domesticus,2012,,,-47.543972,-22.396028
Passer_domesticus,2011,,,-47.543972,-22.396028
Passer_domesticus,2016,,,-47.543972,-22.396028
Passer_domesticus,2012,,,-47.543972,-22.396028
Passer_domesticus,2000,70,15.3,-49.17027,-26.77639
Passer_domesticus,2012,,,-47.543972,-22.396028
Passer_domesticus,2015,,,-47.543972,-22.396028
Passer_domesticus,2012,,,-47.543972,-22.396028
Passer_domesticus,2012,,,-47.543972,-22.396028
Passer_domesticus,2012,,,-47.543972,-22.396028
Passer_domesticus,2013,,,-47.543972,-22.396028
Passer_domesticus,2018,72,,-47.545152,-22.395381
Passer_domesticus,2013,,,-47.543972,-22.396028
Passer_domesticus,2012,,,-47.543972,-22.396028
Passer_domesticus,2013,,,-47.543972,-22.396028
Passer_domesticus,2007,70,8.7,-49.066667,-26.9
Passer_domesticus,2016,,,-47.543972,-22.396028
Passer_domesticus,2016,,,-47.543972,-22.396028
Passer_domesticus,2003,75,8.8,-49.066667,-26.9
Passer_domesticus,2012,,,-47.543972,-22.396028
Passer_domesticus,2006,75,9.3,-49.066667,-26.9
Passer_domesticus,2014,,,-47.543972,-22.396028
Passer_domesticus,2016,,,-47.543972,-22.396028
Passer_domesticus,2017,,,-47.543972,-22.396028
Passer_domesticus,2003,78,7.29,-52.335699,-31.762182
Passer_domesticus,2013,,,-47.543972,-22.396028
Passer_domesticus,2017,,,-47.543972,-22.396028
Passer_domesticus,2017,,,-47.543972,-22.396028
Passer_domesticus,2012,,,-47.543972,-22.396028
Passer_domesticus,2001,,,-43.9931,-19.9231
Passer_domesticus,2012,,,-47.543972,-22.396028
Passer_domesticus,2012,,,-47.543972,-22.396028
Passer_domesticus,2012,,,-47.543972,-22.396028
Passer_domesticus,2014,,,-47.543972,-22.396028
Passer_domesticus,2013,,,-47.543972,-22.396028
Passer_domesticus,2012,,,-47.543972,-22.396028
Passer_domesticus,2012,,,-47.543972,-22.396028
Passer_domesticus,2017,60,,-51.737332,-30.057747
Passer_domesticus,2012,,,-47.543972,-22.396028
Passer_domesticus,2012,,,-47.543972,-22.396028
Passer_domesticus,2017,,,-47.543972,-22.396028
Passer_domesticus,2003,76,7.87,-52.53671,-32.538503
Passer_domesticus,2016,,,-45.0919,-21.1086
Passer_domesticus,2013,,,-47.543972,-22.396028
Passer_domesticus,2012,,,-47.543972,-22.396028
Passer_domesticus,2016,,,-47.543972,-22.396028
Passer_domesticus,2012,,,-47.543972,-22.396028
Passer_domesticus,2013,,,-47.543972,-22.396028
Passer_domesticus,2015,,,-47.543972,-22.396028
Passer_domesticus,2012,,,-47.543972,-22.396028
Passer_domesticus,2012,,,-47.543972,-22.396028
Passer_domesticus,2012,,,-47.543972,-22.396028
Passer_domesticus,2015,,,-47.543972,-22.396028
Passer_domesticus,2012,,,-47.543972,-22.396028
Passer_domesticus,2011,,,-47.543972,-22.396028
Passer_domesticus,2012,,,-47.543972,-22.396028
Passer_domesticus,2006,77,6.64,-52.34131,-31.774476
Passer_domesticus,2017,,,-47.543972,-22.396028
Passer_domesticus,2013,,,-47.543972,-22.396028
Passer_domesticus,2011,,,-47.543972,-22.396028
Passer_domesticus,2015,,,-47.543972,-22.396028
Passer_domesticus,2012,,,-47.543972,-22.396028
Passer_domesticus,2003,79,7.43,-52.53671,-32.538503
Passer_domesticus,2016,,,-42.6714,-15.9039
Passer_domesticus,2015,,,-47.543972,-22.396028
Passer_domesticus,2015,67,10,-49.004506,-26.611662
Passer_domesticus,2012,,,-47.543972,-22.396028
Passer_domesticus,2010,,9.65,-38.41408333,-12.17980556
Passer_domesticus,2012,,,-47.543972,-22.396028
Passer_domesticus,2015,,,-47.543972,-22.396028
Passer_domesticus,2003,75,10,-49.083333,-26.9
Passer_domesticus,2013,,,-47.543972,-22.396028
Passer_domesticus,2014,,,-47.543972,-22.396028
Passer_domesticus,2012,,,-47.543972,-22.396028
Passer_domesticus,2011,,,-47.543972,-22.396028
Passer_domesticus,2017,,,-47.543972,-22.396028
Passer_domesticus,2012,72,9.4,-49.066667,-26.9
Drymophila_squamata,2016,52,4.9,-42.047183,-22.421778
Drymophila_squamata,2016,53,4.8,-42.047183,-22.421778
Drymophila_squamata,1992,51.94,3.74,-48.5747,-25.8828
Drymophila_squamata,2003,50,,-48.541493,-25.587558
Drymophila_squamata,1991,52.11,4.05,-39.1039,-13.9447
Drymophila_squamata,2015,55,4.1,-42.047183,-22.421778
Drymophila_squamata,2017,50.05,,-48.681405,-25.29377
Drymophila_squamata,2010,,,-42.8342,-21.9139
Drymophila_squamata,2013,152,7.71,-39.28188889,-13.85077778
Drymophila_squamata,1996,,,-44.202778,-23.175
Drymophila_squamata,2017,54.78,8.68,-39.375253,-15.985593
Drymophila_squamata,2016,54.15,,-48.675863,-25.301518
Drymophila_squamata,2017,49.15,,-48.675863,-25.301518
Drymophila_squamata,2010,,,-42.8342,-21.9139
Drymophila_squamata,1996,55,4.5,-44.204194,-23.183073
Drymophila_squamata,2002,53.3,,-45.427917,-23.593222
Drymophila_squamata,1997,51.34,3.69,-43.7092,-22.6108
Drymophila_squamata,2002,52.2,,-48.541493,-25.587558
Drymophila_squamata,1992,53.32,3.87,-48.855,-26.0267
Drymophila_squamata,2016,51.35,,-48.675863,-25.301518
Drymophila_squamata,2017,47.21,6.61,-39.092127,-15.180325
Drymophila_squamata,2012,56.1,,-35.879097,-9.218164
Drymophila_squamata,2014,55,,-39.28388889,-13.83805556
Drymophila_squamata,2007,55,8.6,-35.884722,-9.216667
Drymophila_squamata,2001,50,,-48.541493,-25.587558
Drymophila_squamata,2005,50.6,,-48.541493,-25.587558
Drymophila_squamata,1994,55.75,3.93,-39.1,-16.2
Drymophila_squamata,2007,52,4.3,-44.202778,-23.175
Drymophila_squamata,1991,53.84,4.1,-48.3533,-25.5743
Drymophila_squamata,2017,51.8,,-48.673631,-25.304749
Drymophila_squamata,2015,55,4.4,-42.047183,-22.421778
Drymophila_squamata,2011,51,6.13,-39.47375,-12.86025
Drymophila_squamata,2006,,,-47.490814,-23.873765
Drymophila_squamata,2006,,,-47.452334,-23.920014
Drymophila_squamata,1991,50.92,3.63,-48.4935,-25.6292
Drymophila_squamata,1994,48.98,4.22,-39.1,-16.2
Drymophila_squamata,2016,52.3,,-48.541493,-25.587558
Drymophila_squamata,1996,55,,-44.202778,-23.175
Drymophila_squamata,2005,,,-47.405913,-23.96164
Drymophila_squamata,2015,56,4.2,-42.047183,-22.421778
Drymophila_squamata,2007,56.2,,-48.541493,-25.587558
Drymophila_squamata,2001,53.3,,-48.541493,-25.587558
Drymophila_squamata,2017,51,,-48.673631,-25.304749
Drymophila_squamata,1994,52.64,4.13,-39.1,-16.2
Drymophila_squamata,2017,47.7,,-48.681405,-25.29377
Drymophila_squamata,2002,49.89,3.63,-39.7089,-18.4194
Drymophila_squamata,2011,,,-42.8342,-21.9139
Drymophila_squamata,2017,47.98,8.27,-39.375253,-15.985593
Drymophila_squamata,2002,52.3,,-44.850694,-23.358056
Drymophila_squamata,2017,54.65,,-48.648012,-25.273966
Drymophila_squamata,2012,51,6.29,-39.44851111,-13.89180556
Drymophila_squamata,2011,53,6.7,-39.47375,-12.86025
Drymophila_squamata,2013,50,6.83,-39.28388889,-13.83805556
Drymophila_squamata,2012,52.3,,-35.879097,-9.218164
Drymophila_squamata,1991,49.67,3.91,-48.4935,-25.6292
Drymophila_squamata,1997,50.73,3.79,-47,-24.3167
Drymophila_squamata,2001,53.7,,-48.541493,-25.587558
Drymophila_squamata,2005,,,-47.405913,-23.96164
Drymophila_squamata,2001,52.1,,-48.541493,-25.587558
Drymophila_squamata,2002,55,,-44.850694,-23.358056
Drymophila_squamata,2003,56,,-48.541493,-25.587558
Drymophila_squamata,2014,47,7.14,-39.28388889,-13.83805556
Drymophila_squamata,2002,53.4,,-44.850694,-23.358056
Drymophila_squamata,2014,55,4.2,-42.047183,-22.421778
Drymophila_squamata,2009,56,4.5,-42.047183,-22.421778
Drymophila_squamata,2017,52.35,,-48.68104,-25.301984
Drymophila_squamata,2014,46,5.99,-39.28388889,-13.83805556
Drymophila_squamata,1995,51,,-42.304444,-22.544028
Drymophila_squamata,2014,50,4.2,-42.047183,-22.421778
Drymophila_squamata,2002,57.3,,-48.541493,-25.587558
Drymophila_squamata,1993,53.88,3.53,-48.5747,-25.8828
Drymophila_squamata,1992,50.68,3.95,-48.855,-26.0267
Drymophila_squamata,2015,54,4.7,-42.047183,-22.421778
Drymophila_squamata,2002,52.9,,-45.427917,-23.593222
Drymophila_squamata,1997,52.37,3.6,-47,-24.3167
Drymophila_squamata,2013,55,6.44,-39.28188889,-13.85077778
Drymophila_squamata,2005,,,-47.405913,-23.96164
Drymophila_squamata,2012,52,6.22,-39.44851111,-13.89180556
Drymophila_squamata,2012,50,6.49,-39.44851111,-13.89180556
Drymophila_squamata,2012,55,6.19,-39.44851111,-13.89180556
Drymophila_squamata,2017,53.1,,-48.673631,-25.304749
Drymophila_squamata,1997,56,4.4,-44.204194,-23.183073
Drymophila_squamata,2002,53.1,,-45.427917,-23.593222
Drymophila_squamata,2002,51.5,,-45.427917,-23.593222
Drymophila_squamata,2014,55,6.28,-39.28388889,-13.83805556
Drymophila_squamata,2017,57.7,,-48.673631,-25.304749
Drymophila_squamata,2014,48.13,4.14,-48.34105,-25.14759
Drymophila_squamata,2012,48,5.97,-39.47375,-12.86025
Drymophila_squamata,2015,52,4.4,-42.047183,-22.421778
Drymophila_squamata,2017,51,,-48.68104,-25.301984
Drymophila_squamata,2012,50,,-35.879097,-9.218164
Drymophila_squamata,2011,53,6.35,-39.47375,-12.86025
Drymophila_squamata,2014,55.9,,-48.541493,-25.587558
Drymophila_squamata,1990,50,3.66,-47.9666,-25.1333
Drymophila_squamata,2007,56,4,-44.202778,-23.175
Drymophila_squamata,2002,53,,-48.541493,-25.587558
Drymophila_squamata,1994,50.64,3.75,-39.1,-16.2
Tachyphonus_rufus,2011,86.5,,-35.18,-5.92
Tachyphonus_rufus,2013,,,-35.18,-5.92
Tachyphonus_rufus,2012,88,,-35.18,-5.92
Tachyphonus_rufus,2012,,,-35.18,-5.92
Tachyphonus_rufus,2011,86,,-35.18,-5.92
Tachyphonus_rufus,2010,85,,-35.18,-5.92
Tachyphonus_rufus,2011,84.5,,-35.18,-5.92
Tachyphonus_rufus,2012,89.5,,-35.18,-5.92
Tachyphonus_rufus,2012,86,,-35.18,-5.92
Tachyphonus_rufus,2013,,,-35.126,-6.700556
Tachyphonus_rufus,2011,90.5,,-35.18,-5.92
Tachyphonus_rufus,2011,91,,-35.18,-5.92
Tachyphonus_rufus,2013,,,-35.18,-5.92
Tachyphonus_rufus,2013,,,-35.18,-5.92
Tachyphonus_rufus,2009,87,8.4,-35.144167,-6.741389
Tachyphonus_rufus,2013,,,-35.18,-5.92
Tachyphonus_rufus,2010,,,-35.18,-5.92
Tachyphonus_rufus,2012,85,,-35.18,-5.92
Tachyphonus_rufus,2013,80,,-35.126,-6.700556
Tachyphonus_rufus,2012,87,,-35.18,-5.92
Tachyphonus_rufus,2012,89,,-35.18,-5.92
Tachyphonus_rufus,2011,90,,-35.18,-5.92
Tachyphonus_rufus,2012,88.5,,-35.18,-5.92
Tachyphonus_rufus,2011,,,-35.18,-5.92
Tachyphonus_rufus,2014,,,-35.18,-5.92
Tachyphonus_rufus,2014,,,-35.18,-5.92
Tachyphonus_rufus,2011,86,,-35.18,-5.92
Tachyphonus_rufus,2011,,,-35.18,-5.92
Tachyphonus_rufus,2013,,,-35.18,-5.92
Tachyphonus_rufus,2012,86,,-35.18,-5.92
Tachyphonus_rufus,2012,89,,-35.18,-5.92
Tachyphonus_rufus,2010,,,-35.144167,-6.741389
Tachyphonus_rufus,2012,81,,-35.18,-5.92
Tachyphonus_rufus,2013,,,-35.144167,-6.741389
Tachyphonus_rufus,2012,83,,-35.126,-6.700556
Tachyphonus_rufus,2010,,,-35.18,-5.92
Tachyphonus_rufus,2011,84,,-35.18,-5.92
Tachyphonus_rufus,2014,,,-35.18,-5.92
Tachyphonus_rufus,2013,,,-35.18,-5.92
Tachyphonus_rufus,2011,,,-35.144167,-6.741389
Tachyphonus_rufus,2012,82,,-35.18,-5.92
Tachyphonus_rufus,2011,,,-35.18,-5.92
Tachyphonus_rufus,2011,87.5,,-35.18,-5.92
Tachyphonus_rufus,2012,84,,-35.18,-5.92
Tachyphonus_rufus,2014,,,-35.18,-5.92
Tachyphonus_rufus,2014,,,-35.18,-5.92
Tachyphonus_rufus,2011,89,,-35.18,-5.92
Tachyphonus_rufus,2009,89,9.1,-35.144167,-6.741389
Tachyphonus_rufus,2013,,,-35.18,-5.92
Tachyphonus_rufus,2014,,,-35.18,-5.92
Tachyphonus_rufus,2012,91,,-35.18,-5.92
Tachyphonus_rufus,2014,,,-35.18,-5.92
Tachyphonus_rufus,2012,86,,-35.18,-5.92
Tachyphonus_rufus,2012,79.5,,-35.18,-5.92
Tachyphonus_rufus,2010,85,,-35.18,-5.92
Tachyphonus_rufus,2012,90,,-35.18,-5.92
Tachyphonus_rufus,2012,89.5,,-35.18,-5.92
Tachyphonus_rufus,2012,,,-35.18,-5.92
Tachyphonus_rufus,2011,91,,-35.18,-5.92
Tachyphonus_rufus,2013,,,-35.18,-5.92
Tachyphonus_rufus,2012,90,,-35.18,-5.92
Tachyphonus_rufus,2013,,,-35.18,-5.92
Tachyphonus_rufus,2010,86,,-35.18,-5.92
Tachyphonus_rufus,2010,90,,-35.18,-5.92
Tachyphonus_rufus,2012,90,,-35.18,-5.92
Tachyphonus_rufus,2013,,,-35.18,-5.92
Tachyphonus_rufus,2006,83,8.3,-35.139925,-6.741965
Tachyphonus_rufus,2010,82,8,-35.144167,-6.741389
Tachyphonus_rufus,2010,85,,-35.18,-5.92
Tachyphonus_rufus,2011,83,,-35.18,-5.92
Tachyphonus_rufus,2013,,,-35.18,-5.92
Tachyphonus_rufus,2013,,,-35.18,-5.92
Tachyphonus_rufus,2011,,,-35.18,-5.92
Tachyphonus_rufus,2014,,,-35.18,-5.92
Tachyphonus_rufus,2012,,,-35.18,-5.92
Tachyphonus_rufus,2017,80,9.3,-34.9532021832,-7.9964573463
Tachyphonus_rufus,2011,,,-35.18,-5.92
Tachyphonus_rufus,2013,,,-35.18,-5.92
Tachyphonus_rufus,2012,89,,-35.18,-5.92
Tachyphonus_rufus,2014,,,-35.18,-5.92
Tachyphonus_rufus,2011,90.5,,-35.18,-5.92
Tachyphonus_rufus,2012,92,,-35.18,-5.92
Tachyphonus_rufus,2010,,8.6,-35.144167,-6.741389
Tachyphonus_rufus,2012,89,,-35.18,-5.92
Tachyphonus_rufus,2011,82.5,,-35.18,-5.92
Tachyphonus_rufus,2010,90,,-35.18,-5.92
Tachyphonus_rufus,2014,,,-35.18,-5.92
Tachyphonus_rufus,2013,,,-35.18,-5.92
Tachyphonus_rufus,2011,,,-35.18,-5.92
Tachyphonus_rufus,2014,,,-35.18,-5.92
Tachyphonus_rufus,2013,,,-35.18,-5.92
Tachyphonus_rufus,2010,91.5,,-35.18,-5.92
Tachyphonus_rufus,2012,85,,-35.18,-5.92
Tachyphonus_rufus,2011,87.5,,-35.18,-5.92
Tachyphonus_rufus,2010,85,,-35.18,-5.92
Tachyphonus_rufus,2012,84,,-35.18,-5.92
Tachyphonus_rufus,2010,,,-35.18,-5.92
Tachyphonus_rufus,2013,,,-35.18,-5.92
Tachyphonus_rufus,2013,,,-35.18,-5.92
Tachyphonus_rufus,2014,,,-35.18,-5.92
Tachyphonus_rufus,2013,,,-35.18,-5.92
Tachyphonus_rufus,2009,90,8.4,-35.144167,-6.741389
Tachyphonus_rufus,2011,90,,-35.18,-5.92
Tachyphonus_rufus,2011,89.5,,-35.18,-5.92
Tachyphonus_rufus,2010,92.5,,-35.18,-5.92
Tachyphonus_rufus,2011,80.5,,-35.18,-5.92
Tachyphonus_rufus,2011,,,-35.18,-5.92
Tachyphonus_rufus,2014,,,-35.18,-5.92
Tachyphonus_rufus,2012,84,,-35.18,-5.92
Tachyphonus_rufus,2013,,,-35.18,-5.92
Tachyphonus_rufus,2010,91,,-35.18,-5.92
Tachyphonus_rufus,2012,88.5,,-35.18,-5.92
Tachyphonus_rufus,2014,,,-35.18,-5.92
Tachyphonus_rufus,2012,88.5,,-35.18,-5.92
Tachyphonus_rufus,2010,89,,-35.18,-5.92
Tachyphonus_rufus,2011,86,,-35.18,-5.92
Tachyphonus_rufus,2014,,,-35.18,-5.92
Tachyphonus_rufus,2013,,,-35.18,-5.92
Tachyphonus_rufus,2011,87,,-35.18,-5.92
Tachyphonus_rufus,2013,,,-35.18,-5.92
Tachyphonus_rufus,2012,79.5,,-35.18,-5.92
Tachyphonus_rufus,2013,,,-35.144167,-6.741389
Tachyphonus_rufus,2010,93.5,,-35.18,-5.92
Tachyphonus_rufus,2011,84,,-35.18,-5.92
Tachyphonus_rufus,2013,,,-35.18,-5.92
Tachyphonus_rufus,2011,85,,-35.18,-5.92
Tachyphonus_rufus,2012,86,,-35.18,-5.92
Tachyphonus_rufus,2013,,,-35.18,-5.92
Tachyphonus_rufus,2010,89,,-35.18,-5.92
Tachyphonus_rufus,2013,,,-35.18,-5.92
Tachyphonus_rufus,2010,90,,-35.18,-5.92
Tachyphonus_rufus,2010,88,8.3,-35.144167,-6.741389
Tachyphonus_rufus,2010,89,,-35.18,-5.92
Tachyphonus_rufus,2013,,,-35.18,-5.92
Tachyphonus_rufus,2014,,,-35.18,-5.92
Tachyphonus_rufus,2011,86,,-35.18,-5.92
Tachyphonus_rufus,2010,87,,-35.18,-5.92
Tachyphonus_rufus,2011,89,,-35.18,-5.92
Tachyphonus_rufus,2012,89,,-35.18,-5.92
Tachyphonus_rufus,2014,,,-35.18,-5.92
Tachyphonus_rufus,2012,86,,-35.18,-5.92
Tachyphonus_rufus,2010,,,-35.18,-5.92
Tachyphonus_rufus,2010,88,,-35.18,-5.92
Tachyphonus_rufus,2011,86,,-35.18,-5.92
Tachyphonus_rufus,2012,89,,-35.18,-5.92
Tachyphonus_rufus,2011,87,,-35.18,-5.92
Tachyphonus_rufus,2014,,,-35.18,-5.92
Tachyphonus_rufus,2010,89,,-35.18,-5.92
Tachyphonus_rufus,2011,84,,-35.18,-5.92
Tachyphonus_rufus,2011,89,,-35.18,-5.92
Tachyphonus_rufus,2012,91,,-35.18,-5.92
Tachyphonus_rufus,2011,,,-35.18,-5.92
Tachyphonus_rufus,2013,,,-35.18,-5.92
Tachyphonus_rufus,2010,87,,-35.18,-5.92
Tachyphonus_rufus,2014,,,-35.18,-5.92
Tachyphonus_rufus,2014,,,-35.18,-5.92
Tachyphonus_rufus,2011,91,,-35.18,-5.92
Tachyphonus_rufus,2012,,,-35.18,-5.92
Tachyphonus_rufus,2014,,,-35.18,-5.92
Tachyphonus_rufus,2010,91,9.3,-35.144167,-6.741389
Tachyphonus_rufus,2013,,,-35.18,-5.92
Tachyphonus_rufus,2010,79,10.9,-34.973484,-6.550309
Tachyphonus_rufus,2014,,,-35.18,-5.92
Tachyphonus_rufus,2012,84,,-35.18,-5.92
Tachyphonus_rufus,2011,89,,-35.18,-5.92
Tachyphonus_rufus,2010,,8.9,-35.144167,-6.741389
Tachyphonus_rufus,2012,86,,-35.18,-5.92
Tachyphonus_rufus,2011,86,,-35.18,-5.92
Tachyphonus_rufus,2011,84,,-35.18,-5.92
Tachyphonus_rufus,2010,81,,-35.18,-5.92
Tachyphonus_rufus,2011,87,,-35.18,-5.92
Tachyphonus_rufus,2012,,,-35.18,-5.92
Tachyphonus_rufus,2010,,,-35.18,-5.92
Tachyphonus_rufus,2014,,,-35.18,-5.92
Tachyphonus_rufus,2010,,,-35.18,-5.92
Tachyphonus_rufus,2017,86,9.9,-34.9532021832,-7.9964573463
Tachyphonus_rufus,2012,88,,-35.18,-5.92
Tachyphonus_rufus,2012,85.5,,-35.18,-5.92
Tachyphonus_rufus,2011,86,,-35.18,-5.92
Tachyphonus_rufus,2010,,,-35.18,-5.92
Tachyphonus_rufus,2012,85,,-35.18,-5.92
Tachyphonus_rufus,2014,,,-35.18,-5.92
Tachyphonus_rufus,2011,93,,-35.18,-5.92
Tachyphonus_rufus,2012,88.5,,-35.18,-5.92
Tachyphonus_rufus,2010,87,,-35.18,-5.92
Tachyphonus_rufus,2011,,,-35.18,-5.92
Tachyphonus_rufus,2014,,,-35.18,-5.92
Tachyphonus_rufus,2012,81.5,,-35.18,-5.92
Tachyphonus_rufus,2011,89,,-35.18,-5.92
Tachyphonus_rufus,2012,86,,-35.126,-6.700556
Tachyphonus_rufus,2012,85,,-35.18,-5.92
Tachyphonus_rufus,2012,91,,-35.18,-5.92
Tachyphonus_rufus,2014,,,-35.18,-5.92
Tachyphonus_rufus,2011,87,,-35.18,-5.92
Tachyphonus_rufus,2013,,,-35.18,-5.92
Tachyphonus_rufus,2011,82.5,,-35.18,-5.92
Tachyphonus_rufus,2013,,,-35.18,-5.92
Tachyphonus_rufus,2014,,,-35.18,-5.92
Tachyphonus_rufus,2012,83.5,,-35.18,-5.92
Tachyphonus_rufus,2012,88,,-35.18,-5.92
Tachyphonus_rufus,2014,,,-35.18,-5.92
Tachyphonus_rufus,2014,,,-35.18,-5.92
Tachyphonus_rufus,2010,91,,-35.18,-5.92
Tachyphonus_rufus,2013,,,-35.18,-5.92
Tachyphonus_rufus,2009,85,10.4,-34.973484,-6.550309
Tachyphonus_rufus,2011,85,,-35.18,-5.92
Tachyphonus_rufus,2012,84.5,,-35.18,-5.92
Tachyphonus_rufus,2010,88,,-35.18,-5.92
Tachyphonus_rufus,2012,91,,-35.18,-5.92
Tachyphonus_rufus,2013,,,-35.18,-5.92
Tachyphonus_rufus,2014,,,-35.18,-5.92
Tachyphonus_rufus,2012,82.5,,-35.18,-5.92
Tachyphonus_rufus,2012,85,,-35.18,-5.92
Tachyphonus_rufus,2011,,,-35.18,-5.92
Tachyphonus_rufus,2012,86.5,,-35.18,-5.92
Tachyphonus_rufus,2013,,,-35.18,-5.92
Tachyphonus_rufus,2010,88,,-35.18,-5.92
Tachyphonus_rufus,2011,86,,-35.18,-5.92
Tachyphonus_rufus,2012,,,-35.18,-5.92
Tachyphonus_rufus,2011,85.5,,-35.18,-5.92
Tachyphonus_rufus,2011,89.5,,-35.18,-5.92
Tachyphonus_rufus,2011,,,-35.18,-5.92
Tachyphonus_rufus,2012,84.5,,-35.18,-5.92
Tachyphonus_rufus,2012,85,,-35.18,-5.92
Tachyphonus_rufus,2012,92,,-35.18,-5.92
Tachyphonus_rufus,2012,86,,-35.18,-5.92
Tachyphonus_rufus,2008,86,10.5,-34.973484,-6.550309
Tachyphonus_rufus,2011,92,,-35.18,-5.92
Tachyphonus_rufus,2014,,,-35.18,-5.92
Tachyphonus_rufus,2013,,,-35.18,-5.92
Tachyphonus_rufus,2014,,,-35.18,-5.92
Tachyphonus_rufus,2012,,,-35.18,-5.92
Tachyphonus_rufus,2012,90,,-35.18,-5.92
Tachyphonus_rufus,2014,,,-35.18,-5.92
Tachyphonus_rufus,2014,,,-35.18,-5.92
Tachyphonus_rufus,2010,87,,-35.18,-5.92
Tachyphonus_rufus,2016,80,8.4,-34.9532021832,-7.9964573463
Tachyphonus_rufus,2013,,,-35.18,-5.92
Tachyphonus_rufus,2011,90,,-35.18,-5.92
Tachyphonus_rufus,2011,85.5,,-35.18,-5.92
Tachyphonus_rufus,2013,,,-35.18,-5.92
Tachyphonus_rufus,2011,88,,-35.18,-5.92
Tachyphonus_rufus,2013,,,-35.144167,-6.741389
Tachyphonus_rufus,2012,,,-35.18,-5.92
Tachyphonus_rufus,2010,80,7.82,-38.41408333,-12.17980556
Tachyphonus_rufus,2011,,,-35.18,-5.92
Tachyphonus_rufus,2011,87.5,,-35.18,-5.92
Tachyphonus_rufus,2010,89.5,,-35.18,-5.92
Tachyphonus_rufus,2013,,,-35.18,-5.92
Tachyphonus_rufus,2013,,,-35.18,-5.92
Tachyphonus_rufus,2012,84.5,,-35.18,-5.92
Tachyphonus_rufus,2011,86.5,,-35.18,-5.92
Tachyphonus_rufus,2011,81,,-35.18,-5.92
Tachyphonus_rufus,2011,83,,-35.18,-5.92
Tachyphonus_rufus,2012,88.5,,-35.18,-5.92
Tachyphonus_rufus,2012,82,,-35.18,-5.92
Tachyphonus_rufus,2016,90,9,-34.9532021832,-7.9964573463
Tachyphonus_rufus,2013,,,-35.18,-5.92
Tachyphonus_rufus,2011,90.5,,-35.18,-5.92
Tachyphonus_rufus,2011,81,,-35.18,-5.92
Tachyphonus_rufus,2011,,,-35.18,-5.92
Tachyphonus_rufus,2012,84,,-35.18,-5.92
Tachyphonus_rufus,2010,,,-35.18,-5.92
Tachyphonus_rufus,2013,,,-35.18,-5.92
Tachyphonus_rufus,2011,88,,-35.18,-5.92
Tachyphonus_rufus,2012,93,,-35.18,-5.92
Tachyphonus_rufus,2013,,,-35.18,-5.92
Tachyphonus_rufus,2013,,,-35.18,-5.92
Tachyphonus_rufus,2011,,,-35.18,-5.92
Tachyphonus_rufus,2010,86,,-35.18,-5.92
Tachyphonus_rufus,2011,90,,-35.18,-5.92
Tachyphonus_rufus,2011,89,,-35.18,-5.92
Tachyphonus_rufus,2011,74,,-35.18,-5.92
Tachyphonus_rufus,2011,84,,-35.18,-5.92
Tachyphonus_rufus,2011,89,,-35.18,-5.92
Tachyphonus_rufus,2016,85,9.1,-34.9532021832,-7.9964573463
Tachyphonus_rufus,2012,83.5,,-35.18,-5.92
Tachyphonus_rufus,2011,86.5,,-35.18,-5.92
Tachyphonus_rufus,2012,78.5,,-35.18,-5.92
Tachyphonus_rufus,2011,86,,-35.18,-5.92
Tachyphonus_rufus,2010,,,-35.18,-5.92
Tachyphonus_rufus,2011,,,-35.144167,-6.741389
Tachyphonus_rufus,2014,,,-35.18,-5.92
Tachyphonus_rufus,2011,79,,-35.18,-5.92
Tachyphonus_rufus,2014,,,-35.18,-5.92
Tachyphonus_rufus,2012,,,-35.18,-5.92
Tachyphonus_rufus,2012,86,,-35.18,-5.92
Tachyphonus_rufus,2012,,,-35.18,-5.92
Tachyphonus_rufus,2011,82.5,,-35.18,-5.92
Tachyphonus_rufus,2014,,,-35.18,-5.92
Tachyphonus_rufus,2017,86,9.9,-34.9532021832,-7.9964573463
Tachyphonus_rufus,2010,,,-35.18,-5.92
Tachyphonus_rufus,2013,,,-35.18,-5.92
Tachyphonus_rufus,2012,82.5,,-35.18,-5.92
Tachyphonus_rufus,2010,87,,-35.18,-5.92
Tachyphonus_rufus,2010,85,8.7,-35.144167,-6.741389
Tachyphonus_rufus,2016,88,8.6,-34.9532021832,-7.9964573463
Tachyphonus_rufus,2011,90.5,,-35.18,-5.92
Tachyphonus_rufus,2012,84.5,,-35.18,-5.92
Tachyphonus_rufus,2017,84,9.7,-34.95615,-7.988219
Tachyphonus_rufus,2011,90,,-35.18,-5.92
Tachyphonus_rufus,2012,87.5,,-35.18,-5.92
Tachyphonus_rufus,2012,85.5,,-35.18,-5.92
Tachyphonus_rufus,2011,90,,-35.18,-5.92
Tachyphonus_rufus,2012,82.5,,-35.18,-5.92
Tachyphonus_rufus,2013,,,-35.18,-5.92
Tachyphonus_rufus,2014,,,-35.18,-5.92
Tachyphonus_rufus,2011,,,-35.18,-5.92
Tachyphonus_rufus,2013,,,-35.18,-5.92
Tachyphonus_rufus,2011,87,,-35.18,-5.92
Tachyphonus_rufus,2012,87,,-35.18,-5.92
Tachyphonus_rufus,2016,90,8.9,-34.9532021832,-7.9964573463
Tachyphonus_rufus,2012,90,,-35.18,-5.92
Tachyphonus_rufus,2011,85,,-35.18,-5.92
Tachyphonus_rufus,2011,88.5,,-35.18,-5.92
Tachyphonus_rufus,2010,90.5,,-35.18,-5.92
Tachyphonus_rufus,2010,89,,-35.18,-5.92
Tachyphonus_rufus,2012,82,,-35.18,-5.92
Tachyphonus_rufus,2014,,,-35.18,-5.92
Tachyphonus_rufus,2010,86,8.4,-35.144167,-6.741389
Tachyphonus_rufus,2012,82.5,,-35.18,-5.92
Tachyphonus_rufus,2014,,,-35.18,-5.92
Tachyphonus_rufus,2014,,,-35.18,-5.92
Tachyphonus_rufus,2010,,,-35.18,-5.92
Tachyphonus_rufus,2011,87.5,,-35.18,-5.92
Tachyphonus_rufus,2013,,,-35.18,-5.92
Tachyphonus_rufus,2012,90,,-35.18,-5.92
Tachyphonus_rufus,2011,91,,-35.18,-5.92
Tachyphonus_rufus,2013,,,-35.18,-5.92
Tachyphonus_rufus,2012,89,,-35.18,-5.92
Tachyphonus_rufus,2014,,,-35.18,-5.92
Tachyphonus_rufus,2012,90.5,,-35.18,-5.92
Tachyphonus_rufus,2010,81,8.57,-39.17563056,-13.78475278
Tachyphonus_rufus,2010,89,,-35.18,-5.92
Tachyphonus_rufus,2011,76.5,,-35.18,-5.92
Tachyphonus_rufus,2014,,,-35.18,-5.92
Tachyphonus_rufus,2010,84,8.4,-35.144167,-6.741389
Tachyphonus_rufus,2011,88,,-35.18,-5.92
Tachyphonus_rufus,2011,88,,-35.18,-5.92
Tachyphonus_rufus,2014,,,-35.18,-5.92
Tachyphonus_rufus,2014,,,-35.18,-5.92
Tachyphonus_rufus,2014,,,-35.18,-5.92
Tachyphonus_rufus,2012,85.5,,-35.18,-5.92
Tachyphonus_rufus,2011,87,,-35.18,-5.92
Tachyphonus_rufus,2011,89.5,,-35.18,-5.92
Tachyphonus_rufus,2011,90,,-35.18,-5.92
Tachyphonus_rufus,2014,,,-35.18,-5.92
Tachyphonus_rufus,2010,,,-35.18,-5.92
Tachyphonus_rufus,2013,92,,-35.126,-6.700556
Tachyphonus_rufus,2011,89.5,,-35.18,-5.92
Tachyphonus_rufus,2010,86,8.9,-34.973484,-6.550309
Tachyphonus_rufus,2012,90,,-35.18,-5.92
Tachyphonus_rufus,2011,85,,-35.18,-5.92
Tachyphonus_rufus,2013,,,-35.18,-5.92
Tachyphonus_rufus,2012,86,,-35.18,-5.92
Tachyphonus_rufus,2011,88.5,,-35.18,-5.92
Tachyphonus_rufus,2012,84.5,,-35.18,-5.92
Tachyphonus_rufus,2006,92,7.8,-35.139925,-6.741965
Tachyphonus_rufus,2016,84,11.6,-34.9532021832,-7.9964573463
Tachyphonus_rufus,2011,85,,-35.18,-5.92
Tachyphonus_rufus,2012,86,,-35.18,-5.92
Tachyphonus_rufus,2012,,,-35.18,-5.92
Tachyphonus_rufus,2011,89.5,,-35.18,-5.92
Tachyphonus_rufus,2013,,,-35.18,-5.92
Tachyphonus_rufus,2014,,,-35.18,-5.92
Tachyphonus_rufus,2011,82,,-35.18,-5.92
Tachyphonus_rufus,2012,92.5,,-35.18,-5.92
Tachyphonus_rufus,2013,80,,-35.126,-6.700556
Tachyphonus_rufus,2010,86,,-35.18,-5.92
Tachyphonus_rufus,2017,87,8.4,-34.95615,-7.988219
Tachyphonus_rufus,2014,,,-35.18,-5.92
Tachyphonus_rufus,2011,90,,-35.18,-5.92
Tachyphonus_rufus,2011,86.5,,-35.18,-5.92
Tachyphonus_rufus,2010,93.5,,-35.18,-5.92
Tachyphonus_rufus,2011,85.5,,-35.18,-5.92
Tachyphonus_rufus,2012,89.5,,-35.18,-5.92
Tachyphonus_rufus,2014,,,-35.18,-5.92
Tachyphonus_rufus,2013,84.55,8.3,-35.154812,-7.042276
Tachyphonus_rufus,2013,,,-35.18,-5.92
Tachyphonus_rufus,2010,,,-34.973484,-6.550309
Tachyphonus_rufus,2011,88,,-35.18,-5.92
Tachyphonus_rufus,2012,86,,-35.18,-5.92
Tachyphonus_rufus,2012,88,,-35.18,-5.92
Tachyphonus_rufus,2011,,,-35.18,-5.92
Tachyphonus_rufus,2011,91,,-35.18,-5.92
Tachyphonus_rufus,2012,84,,-35.18,-5.92
Tachyphonus_rufus,2012,89.5,,-35.18,-5.92
Tachyphonus_rufus,2011,89,,-35.18,-5.92
Tachyphonus_rufus,2014,,,-35.18,-5.92
Tachyphonus_rufus,2013,,,-35.18,-5.92
Tachyphonus_rufus,2012,86,,-35.18,-5.92
Tachyphonus_rufus,2012,83,,-35.18,-5.92
Tachyphonus_rufus,2010,89,,-35.18,-5.92
Tachyphonus_rufus,2012,89,,-35.18,-5.92
Tachyphonus_rufus,2011,87,,-35.18,-5.92
Tachyphonus_rufus,2012,85.5,,-35.18,-5.92
Tachyphonus_rufus,2011,,,-35.18,-5.92
Tachyphonus_rufus,2010,89,8.4,-35.144167,-6.741389
Tachyphonus_rufus,2010,,,-35.18,-5.92
Tachyphonus_rufus,2014,,,-35.18,-5.92
Tachyphonus_rufus,2013,,,-35.18,-5.92
Tachyphonus_rufus,2014,,,-35.18,-5.92
Tachyphonus_rufus,2011,81,,-35.18,-5.92
Tachyphonus_rufus,2011,83,,-35.18,-5.92
Tachyphonus_rufus,2012,85,,-35.18,-5.92
Tachyphonus_rufus,2010,86,,-35.18,-5.92
Tachyphonus_rufus,2010,,,-34.973484,-6.550309
Tachyphonus_rufus,2013,,,-35.18,-5.92
Tachyphonus_rufus,2012,89,,-35.18,-5.92
Tachyphonus_rufus,2012,84.5,,-35.18,-5.92
Tachyphonus_rufus,2016,79,11.8,-34.95615,-7.988219
Tachyphonus_rufus,2014,,,-35.18,-5.92
Tachyphonus_rufus,2011,85,,-35.18,-5.92
Tachyphonus_rufus,2013,,,-35.18,-5.92
Tachyphonus_rufus,2014,,,-35.18,-5.92
Tachyphonus_rufus,2014,,,-35.18,-5.92
Tachyphonus_rufus,2013,,,-35.18,-5.92
Tachyphonus_rufus,2011,89,,-35.144167,-6.741389
Tachyphonus_rufus,2014,,,-35.18,-5.92
Tachyphonus_rufus,2013,,,-35.18,-5.92
Tachyphonus_rufus,2014,,,-35.18,-5.92
Tachyphonus_rufus,2012,85.5,,-35.18,-5.92
Tachyphonus_rufus,2011,86,,-35.18,-5.92
Tachyphonus_rufus,2012,81,,-35.18,-5.92
Tachyphonus_rufus,2013,,,-35.18,-5.92
Tachyphonus_rufus,2014,,,-35.18,-5.92
Tachyphonus_rufus,2009,80,9.4,-35.144167,-6.741389
Tachyphonus_rufus,2014,,,-35.18,-5.92
Tachyphonus_rufus,2012,90,,-35.18,-5.92
Tachyphonus_rufus,2014,,,-35.18,-5.92
Tachyphonus_rufus,2011,89.5,,-35.18,-5.92
Tachyphonus_rufus,2012,89,,-35.18,-5.92
Tachyphonus_rufus,2012,83.5,,-35.18,-5.92
Tachyphonus_rufus,2006,85,10.6,-35.139925,-6.741965
Tachyphonus_rufus,2012,88,,-35.18,-5.92
Tachyphonus_rufus,2012,83,,-35.126,-6.700556
Tachyphonus_rufus,2012,81,,-35.18,-5.92
Tachyphonus_rufus,2012,86.5,,-35.18,-5.92
Tachyphonus_rufus,2014,,,-35.18,-5.92
Tachyphonus_rufus,2011,,,-35.144167,-6.741389
Tachyphonus_rufus,2010,,,-35.144167,-6.741389
Tachyphonus_rufus,2012,77.5,,-35.18,-5.92
Tachyphonus_rufus,2012,84.5,,-35.18,-5.92
Tachyphonus_rufus,2011,83,,-35.18,-5.92
Tachyphonus_rufus,2012,90,,-35.18,-5.92
Tachyphonus_rufus,2011,88,,-35.18,-5.92
Tachyphonus_rufus,2012,81.5,,-35.18,-5.92
Tachyphonus_rufus,2011,88.5,,-35.18,-5.92
Tachyphonus_rufus,2010,,,-35.144167,-6.741389
Tachyphonus_rufus,2013,,,-35.18,-5.92
Tachyphonus_rufus,2011,87.5,,-35.18,-5.92
Tachyphonus_rufus,2008,75,9.9,-36.655833,-10.4
Tachyphonus_rufus,2012,84,,-35.18,-5.92
Tachyphonus_rufus,2011,93.5,,-35.18,-5.92
Tachyphonus_rufus,2013,,,-35.18,-5.92
Tachyphonus_rufus,2012,85.5,,-35.18,-5.92
Tachyphonus_rufus,2011,88.5,,-35.18,-5.92
Tachyphonus_rufus,2010,87.5,,-35.18,-5.92
Tachyphonus_rufus,2010,91,,-35.18,-5.92
Tachyphonus_rufus,2011,87,,-35.18,-5.92
Tachyphonus_rufus,2012,,,-35.18,-5.92
Tachyphonus_rufus,2013,,,-35.18,-5.92
Tachyphonus_rufus,2011,88.5,,-35.18,-5.92
Tachyphonus_rufus,2012,92,,-35.18,-5.92
Tachyphonus_rufus,2011,,,-35.18,-5.92
Tachyphonus_rufus,2011,86,,-35.18,-5.92
Tachyphonus_rufus,2011,89,,-35.18,-5.92
Tachyphonus_rufus,2006,88,7.6,-35.139925,-6.741965
Tachyphonus_rufus,2013,,,-35.18,-5.92
Tachyphonus_rufus,2012,81,,-35.18,-5.92
Tachyphonus_rufus,2017,99,10.9,-34.9532021832,-7.9964573463
Tachyphonus_rufus,2012,86.5,,-35.18,-5.92
Tachyphonus_rufus,2013,88,,-35.126,-6.700556
Tachyphonus_rufus,2013,,,-35.144167,-6.741389
Tachyphonus_rufus,2012,85.5,,-35.18,-5.92
Tachyphonus_rufus,2012,87.5,,-35.18,-5.92
Tachyphonus_rufus,2011,81.5,,-35.18,-5.92
Tachyphonus_rufus,2013,,,-35.18,-5.92
Tachyphonus_rufus,2012,82,,-35.18,-5.92
Tachyphonus_rufus,2014,,,-35.18,-5.92
Tachyphonus_rufus,2012,87,,-35.18,-5.92
Tachyphonus_rufus,2011,87,,-35.18,-5.92
Tachyphonus_rufus,2011,86,,-35.18,-5.92
Tachyphonus_rufus,2012,87.5,,-35.18,-5.92
Tachyphonus_rufus,2011,88.5,,-35.18,-5.92
Tachyphonus_rufus,2012,84.5,,-35.18,-5.92
Tachyphonus_rufus,2014,,,-35.18,-5.92
Tachyphonus_rufus,2011,84,,-35.18,-5.92
Tachyphonus_rufus,2012,88.5,,-35.18,-5.92
Tachyphonus_rufus,2009,89.5,9.4,-34.973484,-6.550309
Tachyphonus_rufus,2011,86,,-35.18,-5.92
Tachyphonus_rufus,2010,89,,-35.18,-5.92
Tachyphonus_rufus,2014,,,-35.18,-5.92
Tachyphonus_rufus,2012,,,-35.18,-5.92
Tachyphonus_rufus,2012,89,,-35.18,-5.92
Tachyphonus_rufus,2008,,,-34.973484,-6.550309
Tachyphonus_rufus,2012,84.5,,-35.18,-5.92
Tachyphonus_rufus,2014,,,-35.18,-5.92
Tachyphonus_rufus,2013,,,-35.18,-5.92
Tachyphonus_rufus,2011,87.5,,-35.18,-5.92
Tachyphonus_rufus,2011,82.5,,-35.18,-5.92
Tachyphonus_rufus,2012,86.5,,-35.18,-5.92
Tachyphonus_rufus,2010,87,,-35.18,-5.92
Tachyphonus_rufus,2013,87,,-35.144167,-6.741389
Tachyphonus_rufus,2012,89.5,,-35.18,-5.92
Tachyphonus_rufus,2011,,,-35.18,-5.92
Tachyphonus_rufus,2010,,,-35.144167,-6.741389
Tachyphonus_rufus,2011,89.5,,-35.18,-5.92
Tachyphonus_rufus,2014,,,-35.18,-5.92
Tachyphonus_rufus,2013,,,-35.18,-5.92
Tachyphonus_rufus,2013,,,-35.126,-6.700556
Tachyphonus_rufus,2012,84.5,,-35.18,-5.92
Tachyphonus_rufus,2013,86,,-35.144167,-6.741389
Tachyphonus_rufus,2013,,,-35.18,-5.92
Tachyphonus_rufus,2012,83,,-35.18,-5.92
Tachyphonus_rufus,2012,85,,-35.18,-5.92
Tachyphonus_rufus,2012,84,,-35.18,-5.92
Tachyphonus_rufus,2010,86,,-35.18,-5.92
Tachyphonus_rufus,2011,86.5,,-35.18,-5.92
Tachyphonus_rufus,2013,,,-35.18,-5.92
Tachyphonus_rufus,2012,88,,-35.18,-5.92
Tachyphonus_rufus,2006,75,9.1,-35.139925,-6.741965
Tachyphonus_rufus,2012,84,,-35.18,-5.92
Tachyphonus_rufus,2011,85.5,,-35.18,-5.92
Tachyphonus_rufus,2010,93,,-35.18,-5.92
Tachyphonus_rufus,2011,,,-35.18,-5.92
Tachyphonus_rufus,2013,,,-35.18,-5.92
Tachyphonus_rufus,2010,86,7.5,-35.144167,-6.741389
Tachyphonus_rufus,2012,89,,-35.18,-5.92
Tachyphonus_rufus,2012,84.5,,-35.18,-5.92
Tachyphonus_rufus,2014,,,-35.18,-5.92
Tachyphonus_rufus,2014,,,-35.18,-5.92
Tachyphonus_rufus,2011,86,,-35.18,-5.92
Tachyphonus_rufus,2013,,,-35.126,-6.700556
Tachyphonus_rufus,2013,77,8.82,-39.28188889,-13.85077778
Tachyphonus_rufus,2011,86.5,,-35.18,-5.92
Tachyphonus_rufus,2011,86,,-35.18,-5.92
Tachyphonus_rufus,2010,89,,-35.18,-5.92
Tachyphonus_rufus,2011,91.5,,-35.18,-5.92
Tachyphonus_rufus,2012,88,,-35.18,-5.92
Tachyphonus_rufus,2012,90,,-35.18,-5.92
Tachyphonus_rufus,2011,87,,-35.18,-5.92
Tachyphonus_rufus,2012,83.5,,-35.18,-5.92
Tachyphonus_rufus,2011,86,,-35.18,-5.92
Tachyphonus_rufus,2012,82,,-35.18,-5.92
Tachyphonus_rufus,2010,85,,-35.18,-5.92
Tachyphonus_rufus,2010,,,-35.18,-5.92
Tachyphonus_rufus,2008,91,8.5,-36.655833,-10.4
Tachyphonus_rufus,2006,89,8.4,-35.139925,-6.741965
Tachyphonus_rufus,2012,79,,-35.18,-5.92
Tachyphonus_rufus,2011,86,,-35.18,-5.92
Tachyphonus_rufus,2012,83,,-35.144167,-6.741389
Tachyphonus_rufus,2010,,,-35.18,-5.92
Tachyphonus_rufus,2011,81.5,,-35.18,-5.92
Tachyphonus_rufus,2011,86,,-35.18,-5.92
Tachyphonus_rufus,2010,93,,-35.18,-5.92
Tachyphonus_rufus,2013,,,-35.18,-5.92
Tachyphonus_rufus,2011,85.5,,-35.18,-5.92
Tachyphonus_rufus,2012,89,,-35.18,-5.92
Tachyphonus_rufus,2010,85,,-35.18,-5.92
Tachyphonus_rufus,2012,85.5,,-35.18,-5.92
Tachyphonus_rufus,2013,,,-35.18,-5.92
Tachyphonus_rufus,2011,90,,-35.18,-5.92
Tachyphonus_rufus,2013,,,-35.18,-5.92
Tachyphonus_rufus,2011,84,,-35.18,-5.92
Tachyphonus_rufus,2012,84,,-35.18,-5.92
Tachyphonus_rufus,2011,87.5,,-35.18,-5.92
Tachyphonus_rufus,2011,84,,-35.18,-5.92
Tachyphonus_rufus,2011,78.5,,-35.18,-5.92
Tachyphonus_rufus,2014,,,-35.18,-5.92
Tachyphonus_rufus,2012,89.5,,-35.18,-5.92
Tachyphonus_rufus,2011,89.5,,-35.18,-5.92
Tachyphonus_rufus,2011,,,-35.18,-5.92
Tachyphonus_rufus,2015,85,10,-56.667619,-20.845447
Tachyphonus_rufus,2013,,,-35.18,-5.92
Tachyphonus_rufus,2012,87.5,,-35.18,-5.92
Tachyphonus_rufus,2010,90.5,,-35.18,-5.92
Tachyphonus_rufus,2013,,,-35.18,-5.92
Tachyphonus_rufus,2012,82,,-35.18,-5.92
Tachyphonus_rufus,2013,,,-35.18,-5.92
Tachyphonus_rufus,2011,86.5,,-35.18,-5.92
Tachyphonus_rufus,2011,85,,-35.18,-5.92
Tachyphonus_rufus,2011,76.5,,-35.18,-5.92
Tachyphonus_rufus,2011,,,-35.18,-5.92
Tachyphonus_rufus,2010,88.5,,-35.18,-5.92
Tachyphonus_rufus,2012,88.5,,-35.18,-5.92
Tachyphonus_rufus,2011,84,,-35.18,-5.92
Tachyphonus_rufus,2013,,,-35.18,-5.92
Tachyphonus_rufus,2012,83.5,,-35.18,-5.92
Tachyphonus_rufus,2011,84,,-35.18,-5.92
Tachyphonus_rufus,2014,,,-35.18,-5.92
Tachyphonus_rufus,2011,84.5,,-35.18,-5.92
Tachyphonus_rufus,2010,88,,-35.18,-5.92
Tachyphonus_rufus,2008,86,10,-34.973484,-6.550309
Tachyphonus_rufus,2013,,,-35.18,-5.92
Tachyphonus_rufus,2011,86,,-35.18,-5.92
Tachyphonus_rufus,2013,,,-35.18,-5.92
Tachyphonus_rufus,2012,,,-35.18,-5.92
Tachyphonus_rufus,2011,87,,-35.18,-5.92
Tachyphonus_rufus,2014,,,-35.18,-5.92
Tachyphonus_rufus,2011,87.5,,-35.18,-5.92
Tachyphonus_rufus,2014,,,-35.18,-5.92
Tachyphonus_rufus,2011,87,,-35.18,-5.92
Tachyphonus_rufus,2012,89,,-35.18,-5.92
Tachyphonus_rufus,2006,90,10,-35.139925,-6.741965
Tachyphonus_rufus,2016,71,10.7,-34.9418676147,-8.0024407527
Tachyphonus_rufus,2010,84,,-35.18,-5.92
Tachyphonus_rufus,2010,85,,-35.18,-5.92
Tachyphonus_rufus,2014,,,-35.18,-5.92
Tachyphonus_rufus,2014,,,-35.18,-5.92
Tachyphonus_rufus,2011,88,,-35.18,-5.92
Tachyphonus_rufus,2012,88.5,,-35.18,-5.92
Tachyphonus_rufus,2012,88.5,,-35.18,-5.92
Tachyphonus_rufus,2012,87.5,,-35.18,-5.92
Tachyphonus_rufus,2011,85,,-35.18,-5.92
Tachyphonus_rufus,2011,91,,-35.18,-5.92
Tachyphonus_rufus,2014,,,-35.18,-5.92
Tachyphonus_rufus,2010,,,-35.144167,-6.741389
Tachyphonus_rufus,2012,,,-35.18,-5.92
Tachyphonus_rufus,2013,,,-35.18,-5.92
Tachyphonus_rufus,2014,,,-35.18,-5.92
Tachyphonus_rufus,2011,81,,-35.18,-5.92
Tachyphonus_rufus,2012,84,,-35.18,-5.92
Tachyphonus_rufus,2011,75.7,,-35.879097,-9.218164
Tachyphonus_rufus,2012,86,,-35.18,-5.92
Tachyphonus_rufus,2014,,,-35.18,-5.92
Tachyphonus_rufus,2014,,,-35.18,-5.92
Tachyphonus_rufus,2013,,,-35.18,-5.92
Tachyphonus_rufus,2012,85,,-35.18,-5.92
Tachyphonus_rufus,2013,,,-35.18,-5.92
Tachyphonus_rufus,2011,84,,-35.18,-5.92
Tachyphonus_rufus,2011,89.5,,-35.18,-5.92
Tachyphonus_rufus,2012,,,-35.18,-5.92
Tachyphonus_rufus,2011,84,,-35.18,-5.92
Tachyphonus_rufus,2012,85,,-35.18,-5.92
Tachyphonus_rufus,2012,,,-35.18,-5.92
Tachyphonus_rufus,2012,87,,-35.18,-5.92
Tachyphonus_rufus,2010,83,7.5,-35.144167,-6.741389
Tachyphonus_rufus,2013,,,-35.18,-5.92
Tachyphonus_rufus,2011,87,,-35.144167,-6.741389
Tachyphonus_rufus,2014,,,-35.18,-5.92
Tachyphonus_rufus,2014,,,-35.18,-5.92
Tachyphonus_rufus,2013,,,-35.18,-5.92
Tachyphonus_rufus,2013,,,-35.144167,-6.741389
Tachyphonus_rufus,2012,84,,-35.18,-5.92
Tachyphonus_rufus,2010,,,-35.18,-5.92
Tachyphonus_rufus,2013,,,-35.18,-5.92
Tachyphonus_rufus,2016,95,9.5,-34.9532021832,-7.9964573463
Tachyphonus_rufus,2012,,,-35.144167,-6.741389
Tachyphonus_rufus,2011,,,-35.144167,-6.741389
Tachyphonus_rufus,2012,88,,-35.18,-5.92
Tachyphonus_rufus,2011,86.5,,-35.18,-5.92
Tachyphonus_rufus,2010,85.5,,-35.18,-5.92
Tachyphonus_rufus,2010,86,,-35.18,-5.92
Tachyphonus_rufus,2011,84.5,,-35.18,-5.92
Tachyphonus_rufus,2010,88.5,,-35.18,-5.92
Tachyphonus_rufus,2012,86,,-35.18,-5.92
Tachyphonus_rufus,2011,87,,-35.18,-5.92
Tachyphonus_rufus,2010,87,,-35.18,-5.92
Tachyphonus_rufus,2012,85,,-35.18,-5.92
Tachyphonus_rufus,2013,,,-35.18,-5.92
Tachyphonus_rufus,2013,,,-35.18,-5.92
Tachyphonus_rufus,2011,88,,-35.18,-5.92
Tachyphonus_rufus,2011,85,,-35.18,-5.92
Tachyphonus_rufus,2011,89,,-35.18,-5.92
Tachyphonus_rufus,2010,,,-35.18,-5.92
Tachyphonus_rufus,2012,80,,-35.18,-5.92
Tachyphonus_rufus,2011,,,-35.18,-5.92
Tachyphonus_rufus,2014,,,-35.18,-5.92
Tachyphonus_rufus,2013,,,-35.18,-5.92
Tachyphonus_rufus,2010,89,,-35.18,-5.92
Tachyphonus_rufus,2011,88.5,,-35.18,-5.92
Tachyphonus_rufus,2012,89,,-35.18,-5.92
Tachyphonus_rufus,2006,92,10.2,-35.139925,-6.741965
Tachyphonus_rufus,2011,89,,-35.18,-5.92
Tachyphonus_rufus,2012,,,-35.18,-5.92
Tachyphonus_rufus,2012,86,,-35.126,-6.700556
Tachyphonus_rufus,2012,88.5,,-35.18,-5.92
Tachyphonus_rufus,2011,,,-35.144167,-6.741389
Tachyphonus_rufus,2011,,,-35.18,-5.92
Tachyphonus_rufus,2012,,,-35.18,-5.92
Tachyphonus_rufus,2013,,,-35.18,-5.92
Tachyphonus_rufus,2013,,,-35.18,-5.92
Tachyphonus_rufus,2012,,,-35.18,-5.92
Tachyphonus_rufus,2012,87,,-35.126,-6.700556
Tachyphonus_rufus,2011,89,,-35.18,-5.92
Tachyphonus_rufus,2014,,,-35.18,-5.92
Tachyphonus_rufus,2012,,,-35.144167,-6.741389
Tachyphonus_rufus,2012,86,,-35.18,-5.92
Tachyphonus_rufus,2014,,,-35.18,-5.92
Tachyphonus_rufus,2014,,,-35.18,-5.92
Tachyphonus_rufus,2013,,,-43.1269,-16.0742
Tachyphonus_rufus,2013,,,-35.18,-5.92
Tachyphonus_rufus,2010,88,,-35.18,-5.92
Tachyphonus_rufus,2013,,,-35.18,-5.92
Tachyphonus_rufus,2011,86,,-35.18,-5.92
Tachyphonus_rufus,2014,,,-35.18,-5.92
Tachyphonus_rufus,2011,,,-35.18,-5.92
Tachyphonus_rufus,2010,88.5,,-35.18,-5.92
Tachyphonus_rufus,2014,,,-35.18,-5.92
Tachyphonus_rufus,2011,94,,-35.18,-5.92
Tachyphonus_rufus,2012,86.5,,-35.18,-5.92
Tachyphonus_rufus,2011,83,,-35.18,-5.92
Tachyphonus_rufus,2012,88,,-35.18,-5.92
Tachyphonus_rufus,2008,88.5,9.9,-34.973484,-6.550309
Tachyphonus_rufus,2012,88.5,,-35.18,-5.92
Tachyphonus_rufus,2011,85,,-35.18,-5.92
Tachyphonus_rufus,2008,91,9.2,-34.973484,-6.550309
Tachyphonus_rufus,2011,,,-35.18,-5.92
Tachyphonus_rufus,2010,,,-35.18,-5.92
Tachyphonus_rufus,2014,,,-35.18,-5.92
Tachyphonus_rufus,2010,87.5,,-35.18,-5.92
Tachyphonus_rufus,2014,,,-35.18,-5.92
Tachyphonus_rufus,2011,,,-35.18,-5.92
Tachyphonus_rufus,2012,88.5,,-35.18,-5.92
Tachyphonus_rufus,2014,,,-35.18,-5.92
Tachyphonus_rufus,2013,,,-35.18,-5.92
Tachyphonus_rufus,2013,,,-35.18,-5.92
Tachyphonus_rufus,2012,85,,-35.18,-5.92
Tachyphonus_rufus,2012,86,,-35.18,-5.92
Tachyphonus_rufus,2012,91,,-35.18,-5.92
Tachyphonus_rufus,2011,87,,-35.18,-5.92
Tachyphonus_rufus,2014,,,-35.18,-5.92
Tachyphonus_rufus,2011,87,,-35.18,-5.92
Tachyphonus_rufus,2012,84.5,,-35.18,-5.92
Tachyphonus_rufus,2012,85,,-35.18,-5.92
Tachyphonus_rufus,2014,,,-35.18,-5.92
Tachyphonus_rufus,2011,87,,-35.18,-5.92
Tachyphonus_rufus,2010,,,-35.144167,-6.741389
Tachyphonus_rufus,2012,,,-35.18,-5.92
Tachyphonus_rufus,2017,87,9.8,-34.9532021832,-7.9964573463
Tachyphonus_rufus,2013,,,-35.18,-5.92
Tachyphonus_rufus,2009,81,9.4,-35.144167,-6.741389
Tachyphonus_rufus,2012,,,-35.18,-5.92
Tachyphonus_rufus,2010,92,,-35.18,-5.92
Tachyphonus_rufus,2011,88.5,,-35.18,-5.92
Tachyphonus_rufus,2014,,,-35.18,-5.92
Tachyphonus_rufus,2006,91,7.4,-35.139925,-6.741965
Tachyphonus_rufus,2011,84,,-35.18,-5.92
Tachyphonus_rufus,2012,85,,-35.18,-5.92
Tachyphonus_rufus,2014,,,-35.18,-5.92
Tachyphonus_rufus,2013,,,-35.18,-5.92
Tachyphonus_rufus,2012,90,,-35.18,-5.92
Tachyphonus_rufus,2012,85.5,,-35.18,-5.92
Tachyphonus_rufus,2012,87.5,,-35.18,-5.92
Tachyphonus_rufus,2011,92.5,,-35.18,-5.92
Tachyphonus_rufus,2013,,,-35.18,-5.92
Tachyphonus_rufus,2012,86,,-35.18,-5.92
Tachyphonus_rufus,2014,,,-35.18,-5.92
Tachyphonus_rufus,2012,88,,-35.18,-5.92
Tachyphonus_rufus,2013,,,-35.18,-5.92
Tachyphonus_rufus,2012,85.5,,-35.18,-5.92
Tachyphonus_rufus,2013,90,,-35.126,-6.700556
Tachyphonus_rufus,2012,,,-35.18,-5.92
Tachyphonus_rufus,2014,,,-35.18,-5.92
Tachyphonus_rufus,2011,,,-35.18,-5.92
Tachyphonus_rufus,2012,92,,-35.18,-5.92
Tachyphonus_rufus,2012,90,,-35.18,-5.92
Tachyphonus_rufus,2011,86,,-35.18,-5.92
Tachyphonus_rufus,2013,,,-35.18,-5.92
Tachyphonus_rufus,2011,90.5,,-35.18,-5.92
Tachyphonus_rufus,2014,,,-35.18,-5.92
Tachyphonus_rufus,2012,,,-35.18,-5.92
Tachyphonus_rufus,2014,,,-35.18,-5.92
Tachyphonus_rufus,2012,83.5,,-35.18,-5.92
Tachyphonus_rufus,2013,,,-35.18,-5.92
Tachyphonus_rufus,2014,,,-35.18,-5.92
Tachyphonus_rufus,2013,,,-35.18,-5.92
Tachyphonus_rufus,2010,,,-35.144167,-6.741389
Tachyphonus_rufus,2012,86,,-35.18,-5.92
Tachyphonus_rufus,2012,84.5,,-35.18,-5.92
Tachyphonus_rufus,2009,84,8.3,-35.144167,-6.741389
Tachyphonus_rufus,2013,,,-35.18,-5.92
Tachyphonus_rufus,2011,91,,-35.18,-5.92
Tachyphonus_rufus,2010,88,,-35.18,-5.92
Tachyphonus_rufus,2014,,,-35.18,-5.92
Tachyphonus_rufus,2012,84.5,,-35.18,-5.92
Tachyphonus_rufus,2013,,,-35.18,-5.92
Tachyphonus_rufus,2013,88,,-35.144167,-6.741389
Tachyphonus_rufus,2011,87,,-35.18,-5.92
Tachyphonus_rufus,2014,,,-35.18,-5.92
Tachyphonus_rufus,2011,87,,-35.18,-5.92
Tachyphonus_rufus,2012,87,,-35.18,-5.92
Tachyphonus_rufus,2010,89,,-35.18,-5.92
Tachyphonus_rufus,2011,91.5,,-35.18,-5.92
Tachyphonus_rufus,2010,84,9.2,-35.144167,-6.741389
Tachyphonus_rufus,2010,86,,-35.18,-5.92
Tachyphonus_rufus,2011,,,-35.18,-5.92
Tachyphonus_rufus,2012,89,,-35.18,-5.92
Tachyphonus_rufus,2012,75,,-35.18,-5.92
Tachyphonus_rufus,2013,,,-35.18,-5.92
Tachyphonus_rufus,2012,,,-35.18,-5.92
Tachyphonus_rufus,2011,86.5,,-35.18,-5.92
Tachyphonus_rufus,2012,,,-35.18,-5.92
Tachyphonus_rufus,2011,85.5,,-35.18,-5.92
Tachyphonus_rufus,2014,,,-35.18,-5.92
Tachyphonus_rufus,2013,,,-35.18,-5.92
Tachyphonus_rufus,2014,,,-35.18,-5.92
Tachyphonus_rufus,2013,,,-35.18,-5.92
Tachyphonus_rufus,2013,,,-35.18,-5.92
Tachyphonus_rufus,2010,90,,-35.18,-5.92
Tachyphonus_rufus,2014,,,-35.18,-5.92
Tachyphonus_rufus,2010,86,,-35.18,-5.92
Tachyphonus_rufus,2011,88,,-35.18,-5.92
Tachyphonus_rufus,2017,90,9.4,-34.9532021832,-7.9964573463
Tachyphonus_rufus,2010,88,,-35.18,-5.92
Tachyphonus_rufus,2011,85,,-35.18,-5.92
Tachyphonus_rufus,2013,,,-35.18,-5.92
Tachyphonus_rufus,2013,,,-35.18,-5.92
Tachyphonus_rufus,2011,81,,-35.18,-5.92
Tachyphonus_rufus,2014,,,-35.18,-5.92
Tachyphonus_rufus,2012,84,,-35.18,-5.92
Tachyphonus_rufus,2011,86.5,,-35.18,-5.92
Tachyphonus_rufus,2013,83,,-35.144167,-6.741389
Tachyphonus_rufus,2012,85,,-35.126,-6.700556
Tachyphonus_rufus,2011,90,,-35.18,-5.92
Tachyphonus_rufus,2012,,,-35.18,-5.92
Tachyphonus_rufus,2006,85,9,-35.139925,-6.741965
Tachyphonus_rufus,2011,86,,-35.18,-5.92
Tachyphonus_rufus,2011,90,,-35.18,-5.92
Tachyphonus_rufus,2012,92,,-35.18,-5.92
Tachyphonus_rufus,2013,,,-35.18,-5.92
Tachyphonus_rufus,2012,90,,-35.18,-5.92
Tachyphonus_rufus,2010,92,,-35.18,-5.92
Tachyphonus_rufus,2011,90,,-35.18,-5.92
Tachyphonus_rufus,2011,88,,-35.18,-5.92
Tachyphonus_rufus,2013,,,-35.18,-5.92
Tachyphonus_rufus,2006,87,9.2,-35.139925,-6.741965
Tachyphonus_rufus,2014,,,-35.18,-5.92
Tachyphonus_rufus,2011,86,,-35.18,-5.92
Tachyphonus_rufus,2011,91,,-35.18,-5.92
Tachyphonus_rufus,2012,81,,-35.18,-5.92
Tachyphonus_rufus,2012,85,,-35.18,-5.92
Tachyphonus_rufus,2012,87,,-35.126,-6.700556
Tachyphonus_rufus,2011,87,,-35.18,-5.92
Tachyphonus_rufus,2012,74.5,,-35.18,-5.92
Tachyphonus_rufus,2013,,,-35.18,-5.92
Tachyphonus_rufus,2014,,,-35.18,-5.92
Tachyphonus_rufus,2013,,,-35.18,-5.92
Tachyphonus_rufus,2011,84,,-35.18,-5.92
Tachyphonus_rufus,2012,92,,-35.18,-5.92
Tachyphonus_rufus,2016,85,11.1,-34.9532021832,-7.9964573463
Tachyphonus_rufus,2012,,,-35.18,-5.92
Tachyphonus_rufus,2012,88.5,,-35.18,-5.92
Tachyphonus_rufus,2012,85,,-35.18,-5.92
Tachyphonus_rufus,2012,,,-35.18,-5.92
Tachyphonus_rufus,2010,90,,-35.18,-5.92
Tachyphonus_rufus,2011,,,-35.18,-5.92
Tachyphonus_rufus,2013,,,-35.18,-5.92
Tachyphonus_rufus,2015,85,10.05,-56.853557,-20.490824
Tachyphonus_rufus,2014,,,-35.18,-5.92
Tachyphonus_rufus,2014,,,-35.18,-5.92
Tachyphonus_rufus,2011,83,,-35.18,-5.92
Tachyphonus_rufus,2013,,,-35.18,-5.92
Tachyphonus_rufus,2012,89,,-35.18,-5.92
Tachyphonus_rufus,2012,89.5,,-35.18,-5.92
Tachyphonus_rufus,2013,,,-35.18,-5.92
Tachyphonus_rufus,2011,83.5,,-35.18,-5.92
Tachyphonus_rufus,2013,,,-35.18,-5.92
Tachyphonus_rufus,2014,,,-35.18,-5.92
Tachyphonus_rufus,2012,,,-35.18,-5.92
Tachyphonus_rufus,2010,87.5,,-35.18,-5.92
Tachyphonus_rufus,2012,86,,-35.18,-5.92
Tachyphonus_rufus,2010,87,,-35.18,-5.92
Tachyphonus_rufus,2012,87.5,,-35.18,-5.92
Tachyphonus_rufus,2013,,,-35.18,-5.92
Tachyphonus_rufus,2014,,,-35.18,-5.92
Tachyphonus_rufus,2012,84,,-35.144167,-6.741389
Tachyphonus_rufus,2017,81,9.9,-34.9532021832,-7.9964573463
Tachyphonus_rufus,2011,85.5,,-35.18,-5.92
Tachyphonus_rufus,2012,,,-35.18,-5.92
Tachyphonus_rufus,2010,86,,-35.144167,-6.741389
Tachyphonus_rufus,2011,91.1,,-35.18,-5.92
Tachyphonus_rufus,2011,,,-35.18,-5.92
Tachyphonus_rufus,2013,,,-35.18,-5.92
Tachyphonus_rufus,2011,87.5,,-35.18,-5.92
Tachyphonus_rufus,2010,86,,-35.18,-5.92
Tachyphonus_rufus,2011,90.5,,-35.18,-5.92
Tachyphonus_rufus,2011,84,,-35.18,-5.92
Tachyphonus_rufus,2014,,,-35.18,-5.92
Tachyphonus_rufus,2013,,,-35.18,-5.92
Tachyphonus_rufus,2010,89,8.7,-35.144167,-6.741389
Tachyphonus_rufus,2012,84,,-35.18,-5.92
Tachyphonus_rufus,2010,87,,-35.18,-5.92
Tachyphonus_rufus,2012,,,-35.18,-5.92
Tachyphonus_rufus,2011,90.5,,-35.18,-5.92
Tachyphonus_rufus,2011,87,,-35.18,-5.92
Tachyphonus_rufus,2012,88.5,,-35.18,-5.92
Tachyphonus_rufus,2013,72,,-35.144167,-6.741389
Tachyphonus_rufus,2010,,,-35.18,-5.92
Tachyphonus_rufus,2011,90.5,,-35.18,-5.92
Tachyphonus_rufus,2011,82.5,,-35.18,-5.92
Tachyphonus_rufus,2013,,,-35.18,-5.92
Tachyphonus_rufus,2012,85,,-35.18,-5.92
Tachyphonus_rufus,2011,88,,-35.18,-5.92
Tachyphonus_rufus,2011,85.5,,-35.18,-5.92
Chiroxiphia_pareola,2012,66.8,,-35.879097,-9.218164
Chiroxiphia_pareola,1999,71.1,9.41,-35.505556,-7.588889
Chiroxiphia_pareola,2009,70,8.5,-35.144167,-6.741389
Chiroxiphia_pareola,2008,70,,-38.79888,-12.55468
Chiroxiphia_pareola,2016,68,9.8,-34.95615,-7.988219
Chiroxiphia_pareola,2009,67,12.8,-34.973484,-6.550309
Chiroxiphia_pareola,2014,36,6.28,-39.45902778,-13.89791667
Chiroxiphia_pareola,2016,70,8.4,-34.9418676147,-8.0024407527
Chiroxiphia_pareola,2008,51,,-38.79888,-12.55468
Chiroxiphia_pareola,2017,72.09,13.35,-39.092127,-15.180325
Chiroxiphia_pareola,2009,68,11.1,-37.052089,-10.531875
Chiroxiphia_pareola,2012,35,,-39.47375,-12.86025
Chiroxiphia_pareola,2011,68,7.03,-39.47375,-12.86025
Chiroxiphia_pareola,2015,,,-35.746496,-6.968757
Chiroxiphia_pareola,2017,68,10.6,-34.9532021832,-7.9964573463
Chiroxiphia_pareola,2012,68.8,,-35.879097,-9.218164
Chiroxiphia_pareola,1999,70.05,11.1,-35.369722,-7.595278
Chiroxiphia_pareola,2016,62,10.4,-34.9445366915,-7.9938007267
Chiroxiphia_pareola,2015,65,11,-35.746496,-6.968757
Chiroxiphia_pareola,2015,70,9.6,-34.9505362415,-8.0050982416
Chiroxiphia_pareola,2014,,6.81,-39.28388889,-13.83805556
Chiroxiphia_pareola,2016,61,8.5,-34.9445366915,-7.9938007267
Chiroxiphia_pareola,2011,65.66,,-35.879097,-9.218164
Chiroxiphia_pareola,2008,70,11.4,-34.973484,-6.550309
Chiroxiphia_pareola,1999,68.46,10.51,-35.505556,-7.588889
Chiroxiphia_pareola,2007,71,10.2,-35.884722,-9.216667
Chiroxiphia_pareola,2010,75,10.2,-35.746496,-6.968757
Chiroxiphia_pareola,2006,71,8.7,-35.177922,-6.725132
Chiroxiphia_pareola,2015,64,10.8,-34.9532021832,-7.9964573463
Chiroxiphia_pareola,2009,52,10.1,-37.052089,-10.531875
Chiroxiphia_pareola,2008,,,-38.79888,-12.55468
Chiroxiphia_pareola,2016,70,10.5,-34.9418676147,-8.0024407527
Chiroxiphia_pareola,2009,70,9.9,-35.144167,-6.741389
Chiroxiphia_pareola,2016,71,5,-35.746496,-6.968757
Chiroxiphia_pareola,2017,75,10.8,-34.9532021832,-7.9964573463
Chiroxiphia_pareola,2013,,,-35.08559,-6.805421
Chiroxiphia_pareola,2012,68,,-35.08559,-6.805421
Chiroxiphia_pareola,2011,65.63,,-35.879097,-9.218164
Chiroxiphia_pareola,2015,67,10.5,-34.9532021832,-7.9964573463
Chiroxiphia_pareola,2011,71.5,8.14,-35.18,-5.92
Chiroxiphia_pareola,2007,66.4,10.4,-35.884722,-9.216667
Chiroxiphia_pareola,2016,70,9.8,-34.95615,-7.988219
Chiroxiphia_pareola,2010,,,-35.144167,-6.741389
Chiroxiphia_pareola,2009,70,11.4,-37.052089,-10.531875
Chiroxiphia_pareola,2015,70,9.5,-34.9505362415,-8.0050982416
Chiroxiphia_pareola,2009,72,10.1,-35.144167,-6.741389
Chiroxiphia_pareola,2010,67,3.3,-35.144167,-6.741389
Chiroxiphia_pareola,2017,76,11.3,-34.95615,-7.988219
Chiroxiphia_pareola,2000,70.23,10.72,-35.864361,-8.98225
Chiroxiphia_pareola,2011,,,-35.18,-5.92
Chiroxiphia_pareola,2011,72.09,,-35.879097,-9.218164
Chiroxiphia_pareola,2015,69,10,-34.9505362415,-8.0050982416
Chiroxiphia_pareola,2000,68.32,10.08,-35.864361,-8.98225
Chiroxiphia_pareola,2008,,10.7,-36.655833,-10.4
Chiroxiphia_pareola,2011,69.42,,-35.879097,-9.218164
Chiroxiphia_pareola,2009,67,10.6,-37.052089,-10.531875
Chiroxiphia_pareola,2011,70.51,,-35.879097,-9.218164
Chiroxiphia_pareola,2015,70,,-35.746496,-6.968757
Chiroxiphia_pareola,1999,69.03,10.78,-35.151667,-8.661389
Chiroxiphia_pareola,2016,74,7.7,-34.9445366915,-7.9938007267
Chiroxiphia_pareola,2016,70,11.7,-34.9418676147,-8.0024407527
Chiroxiphia_pareola,2011,67.87,,-35.879097,-9.218164
Chiroxiphia_pareola,2009,73,11.6,-37.052089,-10.531875
Chiroxiphia_pareola,2009,67,,-38.79888,-12.55468
Chiroxiphia_pareola,2010,74,6.6,-35.144167,-6.741389
Chiroxiphia_pareola,2015,73,12,-34.9445366915,-7.9938007267
Chiroxiphia_pareola,2010,66,10,-35.746496,-6.968757
Chiroxiphia_pareola,2015,68.1,8,-35.511148,-7.616534
Chiroxiphia_pareola,2016,52,7.1,-34.9532021832,-7.9964573463
Chiroxiphia_pareola,2015,70,10,-34.9445366915,-7.9938007267
Chiroxiphia_pareola,2015,70,7,-34.9418676147,-8.0024407527
Chiroxiphia_pareola,2009,70,10.8,-34.973484,-6.550309
Chiroxiphia_pareola,2000,67.55,9.47,-35.864361,-8.98225
Chiroxiphia_pareola,2009,78,7.9,-37.052089,-10.531875
Chiroxiphia_pareola,2015,71,12,-34.9532021832,-7.9964573463
Chiroxiphia_pareola,1999,69.04,9.76,-35.505556,-7.618056
Chiroxiphia_pareola,2009,70,11.6,-34.973484,-6.550309
Chiroxiphia_pareola,2010,69,,-35.144167,-6.741389
Chiroxiphia_pareola,2013,,,-35.08559,-6.805421
Chiroxiphia_pareola,2008,52,,-38.79888,-12.55468
Chiroxiphia_pareola,2000,69.1,8.79,-35.414217,-8.685589
Chiroxiphia_pareola,2015,65,11.3,-34.9418676147,-8.0024407527
Chiroxiphia_pareola,2010,,,-35.18,-5.92
Chiroxiphia_pareola,2007,69,10.1,-35.884722,-9.216667
Chiroxiphia_pareola,2017,72,11.1,-34.9445366915,-7.9938007267
Chiroxiphia_pareola,2012,67.6,,-35.879097,-9.218164
Chiroxiphia_pareola,2016,70,11.6,-34.9445366915,-7.9938007267
Chiroxiphia_pareola,2015,70,9.6,-34.9445366915,-7.9938007267
Chiroxiphia_pareola,2009,54,9.8,-37.052089,-10.531875
Chiroxiphia_pareola,2011,,,-35.18,-5.92
Chiroxiphia_pareola,2011,66.95,,-35.879097,-9.218164
Chiroxiphia_pareola,1999,64.63,10.44,-35.505556,-7.588889
Chiroxiphia_pareola,1999,71.39,9.57,-35.505556,-7.588889
Chiroxiphia_pareola,2000,66.66,10.07,-35.864361,-8.98225
Chiroxiphia_pareola,2015,73,12,-34.9445366915,-7.9938007267
Chiroxiphia_pareola,1999,71.25,10.05,-35.369722,-7.595278
Chiroxiphia_pareola,2017,73,6.5,-35.746496,-6.968757
Chiroxiphia_pareola,2016,71,12.6,-34.9418676147,-8.0024407527
Chiroxiphia_pareola,2015,71,9,-34.9505362415,-8.0050982416
Chiroxiphia_pareola,2000,70.54,10.28,-35.864361,-8.98225
Chiroxiphia_pareola,2013,69,,-35.144167,-6.741389
Chiroxiphia_pareola,2003,71.64,10.39,-35.050111,-8.239361
Chiroxiphia_pareola,2000,69.12,10.59,-35.864361,-8.98225
Chiroxiphia_pareola,2010,54,6.6,-35.144167,-6.741389
Chiroxiphia_pareola,2016,75,8.2,-35.746496,-6.968757
Chiroxiphia_pareola,2007,72,12.4,-35.884722,-9.216667
Chiroxiphia_pareola,2000,70.41,10.13,-35.414208,-8.685806
Chiroxiphia_pareola,2008,71,,-38.79888,-12.55468
Chiroxiphia_pareola,2008,54,,-39.500511,-15.314456
Chiroxiphia_pareola,2016,64,10.6,-34.9418676147,-8.0024407527
Chiroxiphia_pareola,2015,68,7.6,-34.9445366915,-7.9938007267
Chiroxiphia_pareola,2016,68,9.4,-35.746496,-6.968757
Chiroxiphia_pareola,2015,70,8,-34.9445366915,-7.9938007267
Chiroxiphia_pareola,2012,35,7.37,-39.47925,-12.85088889
Chiroxiphia_pareola,2009,52,9.4,-37.052089,-10.531875
Chiroxiphia_pareola,2017,64,9,-34.9445366915,-7.9938007267
Chiroxiphia_pareola,2012,46.9,,-35.879097,-9.218164
Chiroxiphia_pareola,1999,68.91,8.98,-35.505556,-7.618056
Chiroxiphia_pareola,2009,55,9.4,-37.052089,-10.531875
Chiroxiphia_pareola,2017,70,11.3,-34.95615,-7.988219
Chiroxiphia_pareola,2016,71,11.7,-34.9418676147,-8.0024407527
Chiroxiphia_pareola,2015,75,13.5,-35.746496,-6.968757
Chiroxiphia_pareola,2009,66,,-38.79888,-12.55468
Chiroxiphia_pareola,2010,74,7.3,-35.746496,-6.968757
Chiroxiphia_pareola,2015,72,10,-34.9532021832,-7.9964573463
Chiroxiphia_pareola,2010,69,9.2,-35.144167,-6.741389
Chiroxiphia_pareola,2015,65,10.5,-34.9418676147,-8.0024407527
Chiroxiphia_pareola,1999,72.26,10.81,-35.369722,-7.595278
Chiroxiphia_pareola,2010,74,9,-35.746496,-6.968757
Chiroxiphia_pareola,2012,70,,-35.144167,-6.741389
Chiroxiphia_pareola,2016,70,9.3,-34.9445366915,-7.9938007267
Chiroxiphia_pareola,2000,67.07,10.47,-35.864361,-8.98225
Chiroxiphia_pareola,2013,69,,-35.144167,-6.741389
Chiroxiphia_pareola,2010,,,-34.973484,-6.550309
Chiroxiphia_pareola,2000,68.99,10.75,-35.864361,-8.98225
Chiroxiphia_pareola,2015,67,10.2,-34.9532021832,-7.9964573463
Chiroxiphia_pareola,2016,69,11,-34.9445366915,-7.9938007267
Chiroxiphia_pareola,2009,73,10,-37.052089,-10.531875
Chiroxiphia_pareola,2012,66.5,,-35.879097,-9.218164
Chiroxiphia_pareola,2017,68,11.8,-34.9532021832,-7.9964573463
Chiroxiphia_pareola,2015,70,10,-34.9505362415,-8.0050982416
Chiroxiphia_pareola,2014,36,6.38,-39.28388889,-13.83805556
Chiroxiphia_pareola,2010,65,8.6,-35.09258,-7.181982
Chiroxiphia_pareola,2007,71,11.6,-35.884722,-9.216667
Chiroxiphia_pareola,2015,68,,-35.746496,-6.968757
Chiroxiphia_pareola,2013,62,,-35.144167,-6.741389
Chiroxiphia_pareola,2009,50,11.6,-37.052089,-10.531875
Chiroxiphia_pareola,2009,72,8.5,-35.144167,-6.741389
Chiroxiphia_pareola,2000,70.48,10.52,-35.864361,-8.98225
Chiroxiphia_pareola,2016,68,9.6,-34.9445366915,-7.9938007267
Chiroxiphia_pareola,2017,70,9,-35.746496,-6.968757
Chiroxiphia_pareola,2015,70,10.4,-34.9418676147,-8.0024407527
Chiroxiphia_pareola,2015,70,13.5,-35.746496,-6.968757
Chiroxiphia_pareola,2009,69.5,12.5,-34.973484,-6.550309
Chiroxiphia_pareola,2015,70,8.5,-34.9445366915,-7.9938007267
Chiroxiphia_pareola,2013,,7.52,-39.45902778,-13.89791667
Chiroxiphia_pareola,2013,36,6.88,-39.45902778,-13.89791667
Chiroxiphia_pareola,2016,74,10,-34.9445366915,-7.9938007267
Chiroxiphia_pareola,2013,70.8,7.2,-35.154812,-7.042276
Chiroxiphia_pareola,2009,49,10.1,-37.052089,-10.531875
Chiroxiphia_pareola,2007,69.9,11,-35.884722,-9.216667
Chiroxiphia_pareola,2012,35,7.33,-39.47375,-12.86025
Chiroxiphia_pareola,2011,,,-35.18,-5.92
Chiroxiphia_pareola,2015,69,11.3,-34.9445366915,-7.9938007267
Chiroxiphia_pareola,2012,,7.21,-39.47375,-12.86025
Chiroxiphia_pareola,2007,68,10.6,-35.884722,-9.216667
Chiroxiphia_pareola,2008,,,-38.79888,-12.55468
Chiroxiphia_pareola,2000,72.21,10.06,-35.864361,-8.98225
Chiroxiphia_pareola,2009,52,9.5,-37.052089,-10.531875
Chiroxiphia_pareola,2015,67,10.5,-34.9445366915,-7.9938007267
Chiroxiphia_pareola,2008,71.07,10.89,-36.666667,-10.35
Chiroxiphia_pareola,2012,62,,-35.879097,-9.218164
Chiroxiphia_pareola,2012,,,-35.18,-5.92
Chiroxiphia_pareola,2015,72,9.8,-34.9418676147,-8.0024407527
Chiroxiphia_pareola,2015,71,8.9,-35.746496,-6.968757
Chiroxiphia_pareola,2015,70,11.4,-34.9532021832,-7.9964573463
Chiroxiphia_pareola,2007,72,8.66,-35.01,-6.39
Chiroxiphia_pareola,2016,75,10.7,-34.9532021832,-7.9964573463
Polioptila_plumbea,2014,,,-35.18,-5.92
Polioptila_plumbea,2011,,,-35.18,-5.92
Polioptila_plumbea,2012,,,-43.1278,-16.0736
Polioptila_plumbea,2010,46.1,5.5,-38.41408333,-12.17980556
Polioptila_plumbea,2009,48.5,5.8,-34.973484,-6.550309
Polioptila_plumbea,2010,,,-35.18,-5.92
Polioptila_plumbea,2011,,,-35.18,-5.92
Polioptila_plumbea,2011,,,-35.18,-5.92
Polioptila_plumbea,2012,,,-35.18,-5.92
Polioptila_plumbea,2008,52,6.1,-36.434444,-10.465278
Polioptila_plumbea,2013,,,-35.18,-5.92
Polioptila_plumbea,2014,,,-35.18,-5.92
Polioptila_plumbea,2008,46,4.17,-38.40218333,-12.93158889
Polioptila_plumbea,2012,,,-35.18,-5.92
Polioptila_plumbea,2012,,,-35.18,-5.92
Polioptila_plumbea,2011,,,-35.18,-5.92
Polioptila_plumbea,2013,,,-35.18,-5.92
Polioptila_plumbea,2012,,,-35.18,-5.92
Polioptila_plumbea,2011,,,-35.144167,-6.741389
Polioptila_plumbea,2010,,,-35.18,-5.92
Polioptila_plumbea,2015,,,-43.455,-18.9494
Polioptila_plumbea,2009,50.5,6.5,-34.973484,-6.550309
Polioptila_plumbea,2009,48,,-34.973484,-6.550309
Polioptila_plumbea,2014,,,-35.18,-5.92
Polioptila_plumbea,2011,,,-35.18,-5.92
Polioptila_plumbea,2012,,,-35.18,-5.92
Polioptila_plumbea,2011,,,-35.18,-5.92
Polioptila_plumbea,2012,49,,-35.126,-6.700556
Polioptila_plumbea,2012,,,-35.18,-5.92
Polioptila_plumbea,2013,,,-43.1275,-16.0722
Polioptila_plumbea,2014,,,-35.18,-5.92
Polioptila_plumbea,2013,,,-35.18,-5.92
Polioptila_plumbea,2011,,,-35.144167,-6.741389
Polioptila_plumbea,2011,,,-35.18,-5.92
Polioptila_plumbea,2014,,,-35.18,-5.92
Polioptila_plumbea,2011,,,-35.18,-5.92
Polioptila_plumbea,2009,49,4.8,-35.144167,-6.741389
Polioptila_plumbea,2013,,,-35.18,-5.92
Polioptila_plumbea,2010,,,-35.18,-5.92
Polioptila_plumbea,2014,,,-35.18,-5.92
Polioptila_plumbea,2012,,,-43.1278,-16.0736
Polioptila_plumbea,2011,,,-35.144167,-6.741389
Polioptila_plumbea,2011,,,-35.18,-5.92
Polioptila_plumbea,2009,49,5.95,-34.973484,-6.550309
Polioptila_plumbea,2013,,,-35.18,-5.92
Polioptila_plumbea,2011,,,-35.18,-5.92
Polioptila_plumbea,2011,,,-35.18,-5.92
Polioptila_plumbea,2012,,,-35.18,-5.92
Polioptila_plumbea,2011,,,-35.18,-5.92
Polioptila_plumbea,2013,50,,-34.854425,-7.063873
Polioptila_plumbea,2014,,,-35.18,-5.92
Polioptila_plumbea,2013,51,,-34.854425,-7.063873
Polioptila_plumbea,2013,,,-35.18,-5.92
Polioptila_plumbea,2011,,,-35.18,-5.92
Polioptila_plumbea,2013,,,-35.18,-5.92
Polioptila_plumbea,2014,,,-35.18,-5.92
Polioptila_plumbea,2013,,,-35.18,-5.92
Polioptila_plumbea,2011,,,-35.18,-5.92
Polioptila_plumbea,2012,,,-35.18,-5.92
Polioptila_plumbea,2013,,,-35.18,-5.92
Polioptila_plumbea,2010,,,-35.18,-5.92
Polioptila_plumbea,2011,,,-35.18,-5.92
Polioptila_plumbea,2011,50,5.03,-35.18,-5.92
Polioptila_plumbea,2013,,,-35.18,-5.92
Polioptila_plumbea,2011,,,-35.144167,-6.741389
Polioptila_plumbea,2011,,,-35.18,-5.92
Polioptila_plumbea,2012,,,-35.18,-5.92
Polioptila_plumbea,2014,,,-35.18,-5.92
Polioptila_plumbea,2010,,,-35.18,-5.92
Polioptila_plumbea,2012,,,-35.18,-5.92
Polioptila_plumbea,2014,,,-35.18,-5.92
Polioptila_plumbea,2011,,,-35.18,-5.92
Polioptila_plumbea,2012,,,-35.18,-5.92
Polioptila_plumbea,2014,,,-35.18,-5.92
Polioptila_plumbea,2014,,,-35.18,-5.92
Polioptila_plumbea,2012,,,-35.18,-5.92
Polioptila_plumbea,2010,,,-35.18,-5.92
Polioptila_plumbea,2010,,,-35.18,-5.92
Polioptila_plumbea,2010,,,-35.18,-5.92
Polioptila_plumbea,2012,,,-35.18,-5.92
Polioptila_plumbea,2011,,,-35.18,-5.92
Polioptila_plumbea,2011,51.5,5.17,-35.18,-5.92
Polioptila_plumbea,2011,,,-35.18,-5.92
Polioptila_plumbea,2012,50,,-35.144167,-6.741389
Polioptila_plumbea,2013,,,-43.4475,-18.8875
Polioptila_plumbea,2011,,,-35.18,-5.92
Polioptila_plumbea,2011,,,-35.18,-5.92
Polioptila_plumbea,2010,,,-35.18,-5.92
Polioptila_plumbea,2010,,,-35.18,-5.92
Polioptila_plumbea,2013,,,-35.18,-5.92
Polioptila_plumbea,2011,,,-35.18,-5.92
Polioptila_plumbea,2011,,,-35.18,-5.92
Polioptila_plumbea,2012,,,-35.18,-5.92
Polioptila_plumbea,2013,,,-35.18,-5.92
Polioptila_plumbea,2014,,,-35.18,-5.92
Polioptila_plumbea,2012,,,-35.18,-5.92
Polioptila_plumbea,2011,,,-35.18,-5.92
Polioptila_plumbea,2011,,,-35.18,-5.92
Polioptila_plumbea,2011,,,-35.18,-5.92
Polioptila_plumbea,2011,,,-35.18,-5.92
Polioptila_plumbea,2012,,,-35.18,-5.92
Polioptila_plumbea,2011,,,-35.18,-5.92
Polioptila_plumbea,2006,51,4.3,-35.139925,-6.741965
Euphonia_pectoralis,2002,61.6,,-48.541493,-25.587558
Euphonia_pectoralis,2006,60,,-47.81,-23.95
Euphonia_pectoralis,2017,,,-47.198404,-24.045634
Euphonia_pectoralis,2002,62.7,,-48.541493,-25.587558
Euphonia_pectoralis,2007,,,-47.460399,-23.88904
Euphonia_pectoralis,2003,61.2,,-48.541493,-25.587558
Euphonia_pectoralis,2009,62.1,,-48.541493,-25.587558
Euphonia_pectoralis,2008,61,,-39.500511,-15.314456
Euphonia_pectoralis,2002,62.9,,-48.541493,-25.587558
Euphonia_pectoralis,2001,,8,-48.40777778,-24.278333
Euphonia_pectoralis,2004,60.1,,-48.541493,-25.587558
Euphonia_pectoralis,2004,61.5,,-48.541493,-25.587558
Euphonia_pectoralis,2004,60.5,,-48.541493,-25.587558
Euphonia_pectoralis,2011,63.6,,-48.541493,-25.587558
Euphonia_pectoralis,2005,60.9,,-48.541493,-25.587558
Euphonia_pectoralis,1992,,,-49.066667,-27.15
Euphonia_pectoralis,2016,62,,-47.245302,-24.06865
Euphonia_pectoralis,2001,61,7.5,-42.38333,-22.5
Euphonia_pectoralis,2001,,,-48.40777778,-24.278333
Euphonia_pectoralis,2006,65,,-48.541493,-25.587558
Euphonia_pectoralis,2000,,5.8,-48.416666,-24.316666
Euphonia_pectoralis,2003,59.4,,-48.541493,-25.587558
Euphonia_pectoralis,2002,65,7.8,-42.38333,-22.5
Euphonia_pectoralis,2017,68,,-49.313417,-28.093417
Euphonia_pectoralis,2017,65.2,,-48.541493,-25.587558
Euphonia_pectoralis,2016,59.8,,-48.541493,-25.587558
Euphonia_pectoralis,2006,59,,-45.982,-23.633
Euphonia_pectoralis,2000,60.79,7.76,-35.864361,-8.98225
Euphonia_pectoralis,2005,,,-47.452334,-23.920014
Euphonia_pectoralis,2002,60.8,,-48.541493,-25.587558
Euphonia_pectoralis,1999,,,-48.364722,-24.304722
Euphonia_pectoralis,2000,57.16,7.56,-35.864361,-8.98225
Euphonia_pectoralis,2002,,,-42.38333,-22.5
Euphonia_pectoralis,2015,63,,-46.289722,-23.90525
Euphonia_pectoralis,1992,,,-49.066667,-27.15
Euphonia_pectoralis,2011,61.2,,-48.541493,-25.587558
Euphonia_pectoralis,2002,67,9,-42.38333,-22.5
Euphonia_pectoralis,1993,,,-49.016667,-26.283333
Euphonia_pectoralis,2007,62,,-48.541493,-25.587558
Euphonia_pectoralis,1992,,,-49.066667,-27.15
Euphonia_pectoralis,2008,60,,-39.671433,-14.032333
Euphonia_pectoralis,2015,,,-47.245302,-24.06865
Euphonia_pectoralis,2003,64.7,,-48.541493,-25.587558
Euphonia_pectoralis,2015,66,,-46.289722,-23.90525
Euphonia_pectoralis,2000,58.75,7.67,-35.864361,-8.98225
Euphonia_pectoralis,2013,65,8.2,-47.949986,-24.16386
Euphonia_pectoralis,2009,61,,-48.541493,-25.587558
Euphonia_pectoralis,2016,59,,-47.198404,-24.045634
Euphonia_pectoralis,2017,,,-47.198404,-24.045634
Euphonia_pectoralis,2007,63.4,,-48.541493,-25.587558
Euphonia_pectoralis,2017,66,,-49.223139,-28.167889
Euphonia_pectoralis,2012,58,,-48.541493,-25.587558
Euphonia_pectoralis,2007,58.1,,-48.541493,-25.587558
Euphonia_pectoralis,2014,,,-43.4272,-18.5464
Euphonia_pectoralis,2001,,,-48.541493,-25.587558
Euphonia_pectoralis,2004,60.6,,-48.541493,-25.587558
Euphonia_pectoralis,2012,63.6,,-48.541493,-25.587558
Euphonia_pectoralis,2003,64.9,,-48.541493,-25.587558
Euphonia_pectoralis,2014,62,,-48.541493,-25.587558
Euphonia_pectoralis,2010,64,,-48.888611,-25.993056
Euphonia_pectoralis,2016,61,,-47.198404,-24.045634
Euphonia_pectoralis,1993,,,-49.016667,-26.283333
Euphonia_pectoralis,1999,,,-48.364722,-24.304722
Euphonia_pectoralis,2017,59,,-49.313417,-28.093417
Euphonia_pectoralis,2013,,7.25,-39.45902778,-13.89791667
Euphonia_pectoralis,1999,,,-48.364722,-24.304722
Euphonia_pectoralis,2017,66,,-49.223139,-28.167889
Euphonia_pectoralis,2001,,7.8,-48.40777778,-24.278333
Euphonia_pectoralis,2007,66.4,,-48.541493,-25.587558
Euphonia_pectoralis,2001,61.2,,-48.541493,-25.587558
Euphonia_pectoralis,2012,61,7.05,-47.949986,-24.16386
Euphonia_pectoralis,2001,65,9.5,-42.38333,-22.5
Euphonia_pectoralis,2004,61.1,,-48.541493,-25.587558
Euphonia_pectoralis,2002,60,7.9,-42.38333,-22.5
Euphonia_pectoralis,2001,,,-48.40777778,-24.278333
Euphonia_pectoralis,1992,,,-49.183333,-27.316667
Euphonia_pectoralis,1997,62.1,,-48.422847,-25.356797
Euphonia_pectoralis,2009,62.2,,-48.541493,-25.587558
Euphonia_pectoralis,2000,,,-48.416666,-24.316666
Euphonia_pectoralis,2009,60,,-48.541493,-25.587558
Euphonia_pectoralis,2006,60.8,,-48.541493,-25.587558
Euphonia_pectoralis,2013,60,,-48.895407,-25.97896
Euphonia_pectoralis,2016,60,,-47.245302,-24.06865
Euphonia_pectoralis,1993,,,-49.183333,-27.316667
Euphonia_pectoralis,2011,64.6,,-48.541493,-25.587558
Euphonia_pectoralis,2003,59.2,,-48.541493,-25.587558
Euphonia_pectoralis,2017,,,-47.198404,-24.045634
Euphonia_pectoralis,2012,,9.6,-47.949986,-24.16386
Euphonia_pectoralis,2016,65,,-47.245302,-24.06865
Euphonia_pectoralis,2013,66,7.7,-47.949986,-24.16386
Euphonia_pectoralis,2008,61,,-39.671433,-14.032333
Euphonia_pectoralis,2010,66,,-46.016667,-23.033333
Euphonia_pectoralis,2003,60.5,,-48.541493,-25.587558
Euphonia_pectoralis,2012,,,-48.992205,-25.49548
Tangara_seledon,2004,70,,-48.541493,-25.587558
Tangara_seledon,2016,70,,-47.245302,-24.06865
Tangara_seledon,2013,69.4,,-54.487792,-25.619635
Tangara_seledon,2016,66.25,,-48.67189,-25.311564
Tangara_seledon,2003,70.1,,-48.541493,-25.587558
Tangara_seledon,2007,70,,-48.541493,-25.587558
Tangara_seledon,2004,66,,-48.541493,-25.587558
Tangara_seledon,2004,68.4,,-48.541493,-25.587558
Tangara_seledon,2014,,,-54.487792,-25.619635
Tangara_seledon,2017,70,,-47.245302,-24.06865
Tangara_seledon,2014,70.5,,-48.541493,-25.587558
Tangara_seledon,2004,67.1,,-48.541493,-25.587558
Tangara_seledon,2006,65.8,,-47,-23.833333
Tangara_seledon,2009,64.7,,-39.671433,-14.032333
Tangara_seledon,2013,69,,-54.487792,-25.619635
Tangara_seledon,2009,65.7,,-47,-23.833333
Tangara_seledon,2012,68.3,,-48.541493,-25.587558
Tangara_seledon,2012,70.9,,-48.541493,-25.587558
Tangara_seledon,2007,66,5.5,-49.066667,-26.9
Tangara_seledon,2015,70,,-47.245302,-24.06865
Tangara_seledon,2012,67.3,,-48.541493,-25.587558
Tangara_seledon,2017,55,,-50.178935,-29.482103
Tangara_seledon,2006,165.8,,-47,-23.833333
Tangara_seledon,2007,66.5,,-48.541493,-25.587558
Tangara_seledon,2009,73,6.3,-49.2,-27.166667
Tangara_seledon,2009,72,7.6,-49.2,-27.166667
Tangara_seledon,2017,69,,-47.245302,-24.06865
Tangara_seledon,2013,68.6,,-54.487792,-25.619635
Tangara_seledon,2016,68,,-47.245302,-24.06865
Tangara_seledon,2012,72,,-48.541493,-25.587558
Tangara_seledon,2015,66,,-47.245302,-24.06865
Tangara_seledon,2005,70.2,,-47,-23.833333
Tangara_seledon,2011,74,7,-49.366667,-26.25
Tangara_seledon,2017,72,,-47.245302,-24.06865
Tangara_seledon,2015,,,-47.245302,-24.06865
Tangara_seledon,2009,64,,-47,-23.833333
Tangara_seledon,2012,63.2,,-48.541493,-25.587558
Tangara_seledon,2005,69.2,,-48.541493,-25.587558
Tangara_seledon,2013,69.8,,-54.487792,-25.619635
Tangara_seledon,2004,71.8,,-48.541493,-25.587558
Tangara_seledon,2011,66.8,,-48.541493,-25.587558
Tangara_seledon,2013,72.3,,-54.487792,-25.619635
Tangara_seledon,2017,69.6,,-48.67189,-25.311564
Tangara_seledon,2005,60,7.4,-49.066667,-26.9
Tangara_seledon,2012,71,,-48.541493,-25.587558
Tangara_seledon,2004,67.9,,-48.541493,-25.587558
Tangara_seledon,2007,67,6.2,-49.409132,-26.773298
Tangara_seledon,2017,66.9,,-48.541493,-25.587558
Tangara_seledon,2017,66.9,,-48.541493,-25.587558
Tangara_seledon,2017,68,,-48.67189,-25.311564
Tangara_seledon,2006,65,,-47,-23.833333
Arremon_taciturnus,2008,76,7.9,-36.655833,-10.4
Arremon_taciturnus,2013,75,,-35.144167,-6.741389
Arremon_taciturnus,2015,70,9,-35.746496,-6.968757
Arremon_taciturnus,2010,69,,-38.79888,-12.55468
Arremon_taciturnus,2016,66,11.8,-34.9418676147,-8.0024407527
Arremon_taciturnus,2016,74,8.2,-34.9445366915,-7.9938007267
Arremon_taciturnus,2015,75,8.4,-34.9532021832,-7.9964573463
Arremon_taciturnus,2012,65.95,6.85,-34.965648,-7.466816
Arremon_taciturnus,2013,72,,-35.08559,-6.805421
Arremon_taciturnus,2012,65,,-35.08559,-6.805421
Arremon_taciturnus,2002,72.02,8.78,-35.050111,-8.239361
Arremon_taciturnus,2013,72,,-35.144167,-6.741389
Arremon_taciturnus,2006,75,7.7,-35.139925,-6.741965
Arremon_taciturnus,2010,,,-35.144167,-6.741389
Arremon_taciturnus,2013,73,,-35.08559,-6.805421
Arremon_taciturnus,2010,75,,-38.79888,-12.55468
Arremon_taciturnus,2015,71,8.3,-35.746496,-6.968757
Arremon_taciturnus,2012,67.8,7,-35.712064,-8.545119
Arremon_taciturnus,2010,66,7.2,-35.746496,-6.968757
Arremon_taciturnus,2010,,15.9,-35.746496,-6.968757
Arremon_taciturnus,2006,75,9,-35.139925,-6.741965
Arremon_taciturnus,2009,78,9.3,-37.052089,-10.531875
Arremon_taciturnus,2016,67,10.3,-34.9418676147,-8.0024407527
Arremon_taciturnus,2013,74,,-35.08559,-6.805421
Arremon_taciturnus,2015,60,6.2,-35.746496,-6.968757
Arremon_taciturnus,2008,80,7.9,-36.655833,-10.4
Arremon_taciturnus,2008,73,10,-36.655833,-10.4
Arremon_taciturnus,2013,67.75,7.2,-35.154812,-7.042276
Arremon_taciturnus,2006,77,6.7,-35.139925,-6.741965
Arremon_taciturnus,2013,70,,-35.08559,-6.805421
Arremon_taciturnus,2013,74,,-35.08559,-6.805421
Arremon_taciturnus,2010,66,9.3,-35.746496,-6.968757
Arremon_taciturnus,2016,72,7.8,-34.9445366915,-7.9938007267
Arremon_taciturnus,2009,75,10.1,-37.052089,-10.531875
Arremon_taciturnus,2009,81,,-38.79888,-12.55468
Arremon_taciturnus,2017,74,8,-34.9445366915,-7.9938007267
Arremon_taciturnus,2009,70,9.5,-36.717067,-10.257492
Arremon_taciturnus,2016,74,8.4,-34.9445366915,-7.9938007267
Arremon_taciturnus,2013,67,,-35.144167,-6.741389
Arremon_taciturnus,2012,69,7.65,-35.715593,-8.515442
Arremon_taciturnus,2013,65,,-35.08559,-6.805421
Arremon_taciturnus,2016,73,8.3,-34.9445366915,-7.9938007267
Arremon_taciturnus,2015,65,8.4,-35.746496,-6.968757
Arremon_taciturnus,2005,75,,-43.787333,-22.370933
Arremon_taciturnus,2012,66.2,7.6,-35.712064,-8.545119
Arremon_taciturnus,2008,77,8.8,-36.655833,-10.4
Arremon_taciturnus,2010,75,4,-35.746496,-6.968757
Arremon_taciturnus,2016,75,7,-34.9532021832,-7.9964573463
Arremon_taciturnus,2012,75.7,,-35.879097,-9.218164
Arremon_taciturnus,2016,77,7.5,-35.746496,-6.968757
Arremon_taciturnus,2010,,,-35.144167,-6.741389
Arremon_taciturnus,2012,60,,-35.08559,-6.805421
Arremon_taciturnus,2011,68,,-35.144167,-6.741389
Arremon_taciturnus,2015,75,6.9,-34.9532021832,-7.9964573463
Arremon_taciturnus,2015,68,7.8,-35.746496,-6.968757
Arremon_taciturnus,2016,69,8.4,-34.9445366915,-7.9938007267
Arremon_taciturnus,2010,68,7.8,-35.144167,-6.741389
Arremon_taciturnus,2006,74,5.4,-35.139925,-6.741965
Arremon_taciturnus,2009,70,7.7,-37.052089,-10.531875
Arremon_taciturnus,2010,74,8.8,-35.746496,-6.968757
Arremon_taciturnus,2012,,,-35.08559,-6.805421
Arremon_taciturnus,2010,,,-35.144167,-6.741389
Arremon_taciturnus,2011,74.4,8.15,-36.405802,-8.20199
Arremon_taciturnus,2016,,,-34.9445366915,-7.9938007267
Arremon_taciturnus,2008,78,,-38.79888,-12.55468
Arremon_taciturnus,2010,71,8.5,-35.746496,-6.968757
Arremon_taciturnus,2013,67,,-35.08559,-6.805421
Arremon_taciturnus,2010,70,8.9,-35.144167,-6.741389
Arremon_taciturnus,2011,65.7,6.4,-36.405802,-8.20199
Arremon_taciturnus,2013,60,,-35.08559,-6.805421
Arremon_taciturnus,2006,73,7.8,-35.139925,-6.741965
Arremon_taciturnus,2010,73,9.1,-35.746496,-6.968757
Arremon_taciturnus,2013,72,,-35.144167,-6.741389
Arremon_taciturnus,2016,,,-34.9445366915,-7.9938007267
Arremon_taciturnus,2016,74,7.6,-35.746496,-6.968757
Arremon_taciturnus,2010,71,6.6,-35.746496,-6.968757
Arremon_taciturnus,2009,73,10.1,-36.717067,-10.257492
Arremon_taciturnus,2012,71,,-35.08559,-6.805421
Arremon_taciturnus,2016,70,10.5,-34.9418676147,-8.0024407527
Arremon_taciturnus,2012,,,-35.08559,-6.805421
Arremon_taciturnus,2010,74,7.6,-35.144167,-6.741389
Arremon_taciturnus,2016,76,7.8,-34.9418676147,-8.0024407527
Arremon_taciturnus,2013,79,,-35.08559,-6.805421
Arremon_taciturnus,2002,72.22,8.84,-35.050111,-8.239361
Arremon_taciturnus,2008,74,8.6,-36.655833,-10.4
Arremon_taciturnus,2012,73,,-35.08559,-6.805421
Arremon_taciturnus,2013,,,-35.144167,-6.741389
Arremon_taciturnus,2011,74.5,6.8,-36.405802,-8.20199
Arremon_taciturnus,2010,74,7.6,-35.746496,-6.968757
Arremon_taciturnus,2009,68,9.2,-37.052089,-10.531875
Arremon_taciturnus,2010,,,-35.144167,-6.741389
Arremon_taciturnus,2017,66,9,-34.9532021832,-7.9964573463
Arremon_taciturnus,2013,76,,-35.177922,-6.725132
Arremon_taciturnus,2016,67,7.8,-34.9445366915,-7.9938007267
Arremon_taciturnus,2012,76,,-35.08559,-6.805421
Arremon_taciturnus,2008,,5.8,-36.655833,-10.4
Arremon_taciturnus,2016,74,9.1,-34.9532021832,-7.9964573463
Arremon_taciturnus,2012,72.6,7.7,-35.712064,-8.545119
Arremon_taciturnus,2013,70,,-35.08559,-6.805421
Arremon_taciturnus,2002,72.47,8.83,-35.050111,-8.239361
Arremon_taciturnus,2016,70,7.9,-34.9418676147,-8.0024407527
Arremon_taciturnus,2009,70,,-38.79888,-12.55468
Arremon_taciturnus,2010,69,,-38.79888,-12.55468
Arremon_taciturnus,2000,70.28,8.94,-35.864361,-8.98225
Arremon_taciturnus,2011,70.9,6.9,-36.405802,-8.20199
Arremon_taciturnus,2013,74,,-35.177922,-6.725132
Arremon_taciturnus,2013,70,,-35.08559,-6.805421
Arremon_taciturnus,1999,63.22,8.81,-35.369722,-7.595278
Arremon_taciturnus,2016,70,7.4,-34.9445366915,-7.9938007267
Arremon_taciturnus,2009,73,,-38.79888,-12.55468
Arremon_taciturnus,2012,60,,-35.08559,-6.805421
Arremon_taciturnus,2010,70,8.9,-35.746496,-6.968757
Arremon_taciturnus,2010,81,,-38.79888,-12.55468
Arremon_taciturnus,2012,74,,-35.08559,-6.805421
Arremon_taciturnus,2010,,,-35.144167,-6.741389
Arremon_taciturnus,2010,70,7.8,-35.746496,-6.968757
Arremon_taciturnus,2012,72,,-35.08559,-6.805421
Arremon_taciturnus,2012,68,,-35.08559,-6.805421
Arremon_taciturnus,2016,67,8.1,-34.9532021832,-7.9964573463
Arremon_taciturnus,2016,67,9,-34.9418676147,-8.0024407527
Arremon_taciturnus,2010,,7,-35.746496,-6.968757
Arremon_taciturnus,2008,71,8.5,-36.655833,-10.4
Arremon_taciturnus,2015,74,8.4,-34.9418676147,-8.0024407527
Arremon_taciturnus,2008,76,9.8,-36.655833,-10.4
Arremon_taciturnus,2009,70,9.7,-37.052089,-10.531875
Arremon_taciturnus,2012,,,-35.08559,-6.805421
Arremon_taciturnus,2013,68,,-35.08559,-6.805421
Arremon_taciturnus,2015,70,9,-34.9445366915,-7.9938007267
Arremon_taciturnus,2009,74,10.1,-37.052089,-10.531875
Arremon_taciturnus,2012,70,,-35.08559,-6.805421
Arremon_taciturnus,2012,68,,-35.08559,-6.805421
Arremon_taciturnus,2010,69,9.1,-35.746496,-6.968757
Arremon_taciturnus,2011,,,-35.144167,-6.741389
Arremon_taciturnus,2008,70,8.2,-36.655833,-10.4
Arremon_taciturnus,2000,72.62,8.61,-34.930556,-7.928889
Arremon_taciturnus,2012,71,,-35.08559,-6.805421
Arremon_taciturnus,2002,72.76,9.13,-35.050111,-8.239361
Arremon_taciturnus,2012,65,,-35.08559,-6.805421
Arremon_taciturnus,2013,74,,-35.177922,-6.725132
Arremon_taciturnus,2016,66,8,-34.9418676147,-8.0024407527
Arremon_taciturnus,2015,69,7.8,-35.746496,-6.968757
Arremon_taciturnus,2016,68,11.3,-34.9418676147,-8.0024407527
Arremon_taciturnus,2013,53,,-35.08559,-6.805421
Arremon_taciturnus,2008,80,9.2,-36.655833,-10.4
Arremon_taciturnus,2015,67,8,-35.746496,-6.968757
Arremon_taciturnus,2016,65,8.1,-34.9418676147,-8.0024407527
Arremon_taciturnus,2009,,9,-36.717067,-10.257492
Habia_rubica,1993,,,-49.6042,-28.6838
Habia_rubica,2010,95,,-48.884167,-26.002222
Habia_rubica,2000,,9.4,-48.416666,-24.316666
Habia_rubica,2001,92.8,10.8,-48.474789,-27.585696
Habia_rubica,2007,97,7.63,-48.054843,-20.091019
Habia_rubica,2006,,,-48.46,-23.29
Habia_rubica,2000,,,-48.416666,-24.316666
Habia_rubica,2013,,,-47.949986,-24.16386
Habia_rubica,2005,,,-47.410015,-23.951935
Habia_rubica,2017,85.6,,-47.253177,-24.086093
Habia_rubica,2010,,,-48.433333,-23.266667
Habia_rubica,2016,90,,-47.245302,-24.06865
Habia_rubica,2001,98,,-47.931944,-25.096389
Habia_rubica,2012,90,,-49.405145,-28.599546
Habia_rubica,2006,,,-47.436016,-23.880844
Habia_rubica,2017,93,,-49.412429,-28.713794
Habia_rubica,2010,96,,-48.888611,-25.993056
Habia_rubica,2005,,,-47.480162,-23.913781
Habia_rubica,2006,89,7.5,-51.951507,-23.917488
Habia_rubica,2010,92,,-48.573806,-27.426111
Habia_rubica,2017,,,-47.253177,-24.086093
Habia_rubica,2012,96,10.15,-47.949986,-24.16386
Habia_rubica,2009,100,7.65,-48.054843,-20.091019
Habia_rubica,2013,91,9,-49.076722,-22.775
Habia_rubica,2010,91,,-48.892222,-25.985278
Habia_rubica,2017,,,-47.198404,-24.045634
Habia_rubica,2005,,,-47.377344,-23.957743
Habia_rubica,2017,,,-47.253177,-24.086093
Habia_rubica,2007,91,8.48,-48.054843,-20.091019
Habia_rubica,2000,,16,-48.416666,-24.316666
Habia_rubica,2013,92,,-49.671408,-28.649798
Habia_rubica,2001,,11.5,-47.931944,-25.096389
Habia_rubica,2006,,,-47.452334,-23.920014
Habia_rubica,2010,96,,-48.888611,-25.993056
Habia_rubica,2006,,,-46.400954,-23.843052
Habia_rubica,1991,,,-53.95,-27.25
Habia_rubica,2016,95,,-47.245302,-24.06865
Habia_rubica,2010,95,,-48.433333,-23.266667
Habia_rubica,2013,97,10.6,-49.076722,-22.775
Habia_rubica,2017,98,,-47.253177,-24.086093
Habia_rubica,2016,,,-42.047183,-22.421778
Habia_rubica,1993,,,-49.016667,-26.283333
Habia_rubica,2004,95,11.5,-42.98,-22.41
Habia_rubica,2007,94,7.67,-48.054843,-20.091019
Habia_rubica,2017,97,,-47.253177,-24.086093
Habia_rubica,2010,89,,-44.607931,-22.452726
Habia_rubica,2006,,,-51.97104,-23.876274
Habia_rubica,2007,88,7.47,-48.054843,-20.091019
Habia_rubica,1999,86,,-47.841667,-21.971667
Habia_rubica,2000,,,-48.416666,-24.316666
Habia_rubica,2013,,10.65,-47.949986,-24.16386
Habia_rubica,2009,86,7.6,-48.054843,-20.091019
Habia_rubica,2012,90,,-49.403256,-28.600583
Habia_rubica,2006,,,-47.684,-23.915
Habia_rubica,2004,103,10.7,-42.98,-22.41
Habia_rubica,2006,95,7.3,-51.929803,-23.799715
Habia_rubica,2010,94,,-48.433333,-23.266667
Habia_rubica,2006,94,7.45,-51.97104,-23.876274
Habia_rubica,2010,,,-48.433333,-23.266667
Habia_rubica,2006,,,-48.46,-23.29
Habia_rubica,2012,,,-47.949986,-24.16386
Habia_rubica,2015,83,9.8,-50.6967,-24.1431
Habia_rubica,2013,97,,-49.671408,-28.649798
Habia_rubica,2016,98,9.8,-49.076722,-22.775
Habia_rubica,2005,100,,-43.787333,-22.370933
Habia_rubica,2016,,,-47.198404,-24.045634
Habia_rubica,2000,,,-48.416666,-24.316666
Habia_rubica,2005,,,-47.405913,-23.96164
Habia_rubica,2004,100,7.5,-42.737667,-22.4084
Habia_rubica,2000,,,-48.416666,-24.316666
Habia_rubica,2010,98,,-48.433333,-23.266667
Habia_rubica,2006,,,-47.471961,-23.867741
Habia_rubica,2005,94,7.5,-42.0464,-22.54815
Habia_rubica,1995,99,,-42.304444,-22.544028
Habia_rubica,1999,,,-48.364722,-24.304722
Habia_rubica,2012,110,7.8,-47.949986,-24.16386
Habia_rubica,2006,,,-47.460399,-23.88904
Habia_rubica,1995,90,,-42.304444,-22.544028
Habia_rubica,2006,93.5,,-47,-23.833333
Habia_rubica,2010,96,11.1,-50.6973,-24.1445
Habia_rubica,2016,102,,-49.672487,-22.37698
Habia_rubica,2012,82,10.65,-39.47375,-12.86025
Habia_rubica,2013,,,-49.076722,-22.775
Habia_rubica,2006,,,-47.480162,-23.913781
Habia_rubica,2011,79,,-48.498056,-27.475556
Habia_rubica,2006,,,-51.94695,-23.866923
Habia_rubica,2015,94.4,,-48.541493,-25.587558
Habia_rubica,2008,85,7.79,-48.054843,-20.091019
Habia_rubica,2011,96.8,,-54.487792,-25.619635
Habia_rubica,2009,84,7.13,-48.054843,-20.091019
Habia_rubica,2015,80,11.3,-40.15262778,-19.03415833
Habia_rubica,2005,100,,-46.399266,-23.833688
Habia_rubica,2001,99.1,10.1,-48.52396,-27.71722
Habia_rubica,2014,93.9,,-54.487792,-25.619635
Habia_rubica,2014,100,10.1,-40.15262778,-19.03415833
Habia_rubica,2006,85,7.75,-51.94695,-23.866923
Habia_rubica,2000,,,-48.416666,-24.316666
Habia_rubica,2012,,,-47.67257,-22.5756
Habia_rubica,2010,96,,-44.607931,-22.452726
Habia_rubica,2016,93.8,,-48.673307,-25.289552
Habia_rubica,2000,,,-48.416666,-24.316666
Habia_rubica,2013,96,,-47.012778,-23.964444
Habia_rubica,2012,72,,-50.6967,-24.1431
Habia_rubica,2011,92.5,,-48.541493,-25.587558
Habia_rubica,2013,76,,-49.671408,-28.649798
Habia_rubica,2010,90,,-48.433333,-23.266667
Habia_rubica,2013,88,,-49.671408,-28.649798
Habia_rubica,2000,,10.4,-48.416666,-24.316666
Habia_rubica,2016,96,,-47.198404,-24.045634
Habia_rubica,2000,,9.7,-48.416666,-24.316666
Habia_rubica,2000,,,-48.416666,-24.316666
Habia_rubica,2005,90,11,-48.9,-26.9
Habia_rubica,2002,98,11,-42.38333,-22.5
Habia_rubica,1993,,,-49.016667,-26.283333
Habia_rubica,2000,,,-48.416666,-24.316666
Habia_rubica,2007,,,-47.377344,-23.957743
Habia_rubica,2016,96,10.1,-49.076722,-22.775
Habia_rubica,2005,,,-47.377344,-23.957743
Habia_rubica,2012,,,-47.59842,-22.21617
Habia_rubica,2012,97,11.42,-39.47375,-12.86025
Habia_rubica,2010,,,-46.016667,-23.033333
Habia_rubica,2013,94,,-47.012778,-23.964444
Habia_rubica,2011,84,,-48.498056,-27.475556
Habia_rubica,2012,99,11.1,-47.949986,-24.16386
Habia_rubica,2015,87,,-46.289722,-23.90525
Habia_rubica,2010,85,10.5,-50.6973,-24.1445
Habia_rubica,2012,,,-47.949986,-24.16386
Habia_rubica,2000,110,9.8,-47.931944,-25.096389
Habia_rubica,2000,,7.3,-48.416666,-24.316666
Habia_rubica,2015,,,-47.198404,-24.045634
Habia_rubica,2001,95.7,11.5,-48.810668,-27.73223
Habia_rubica,2006,99,7.75,-51.94695,-23.866923
Habia_rubica,2015,,,-47.198404,-24.045634
Habia_rubica,2009,92,7.67,-48.054843,-20.091019
Habia_rubica,2016,96.5,,-48.642632,-25.28218
Habia_rubica,2011,89,,-48.498056,-27.475556
Habia_rubica,2013,93,,-49.671408,-28.649798
Habia_rubica,2016,94,,-48.675863,-25.301518
Habia_rubica,2017,90,,-49.313417,-28.093417
Habia_rubica,2011,89,,-48.498056,-27.475556
Habia_rubica,2013,95,,-48.892222,-25.985278
Habia_rubica,2015,,,-47.198404,-24.045634
Habia_rubica,1992,,,-49.233333,-26.366667
Habia_rubica,2017,94,,-49.412429,-28.713794
Habia_rubica,2011,98,,-48.498056,-27.475556
Habia_rubica,2004,92,9.7,-42.98,-22.41
Habia_rubica,2015,90,,-46.340917,-23.855861
Habia_rubica,2008,94,7.7,-48.054843,-20.091019
Habia_rubica,2006,,,-47.443783,-23.867903
Habia_rubica,2016,98,,-47.253177,-24.086093
Habia_rubica,2018,98,8.5,-49.402289,-22.529975
Habia_rubica,2008,95,8.57,-48.054843,-20.091019
Habia_rubica,2000,,9,-48.416666,-24.316666
Habia_rubica,2017,,,-47.253177,-24.086093
Habia_rubica,1999,,,-48.364722,-24.304722
Habia_rubica,2011,99,10,-52.837175,-27.1628
Habia_rubica,2013,95,9.5,-49.076722,-22.775
Habia_rubica,2012,,,-47.59842,-22.21617
Habia_rubica,2017,,,-47.253177,-24.086093
Habia_rubica,2013,,,-47.949986,-24.16386
Habia_rubica,1991,,,-53.95,-27.25
Habia_rubica,2016,94.05,,-48.673307,-25.289552
Habia_rubica,2013,98,10.6,-47.949986,-24.16386
Habia_rubica,2017,,,-47.198404,-24.045634
Habia_rubica,2012,85,,-49.405145,-28.599546
Habia_rubica,2006,,,-47.452334,-23.920014
Habia_rubica,2000,,11.4,-48.416666,-24.316666
Habia_rubica,2017,93,,-49.412429,-28.713794
Habia_rubica,2016,,,-47.245302,-24.06865
Habia_rubica,2005,97,,-47.684,-23.915
Habia_rubica,2013,85,,-49.671408,-28.649798
Habia_rubica,2009,95,7.75,-48.054843,-20.091019
Habia_rubica,2006,,,-47.436016,-23.880844
Habia_rubica,2013,90,,-49.671408,-28.649798
Habia_rubica,2016,96,8.9,-49.076722,-22.775
Habia_rubica,2013,89,,-49.671408,-28.649798
Habia_rubica,2010,,,-42.8342,-21.9139
Habia_rubica,2015,,,-47.198404,-24.045634
Habia_rubica,2012,,,-50.6967,-24.1431
Habia_rubica,2016,98,,-47.245302,-24.06865
Habia_rubica,2013,91,8.9,-49.076722,-22.775
Habia_rubica,2006,,,-51.97104,-23.876274
Habia_rubica,2015,91,10.3,-49.402289,-22.529975
Habia_rubica,2015,,,-47.253177,-24.086093
Habia_rubica,2000,,10.5,-48.416666,-24.316666
Habia_rubica,1993,,,-49.6042,-28.6838
Habia_rubica,2016,90,10,-49.076722,-22.775
Habia_rubica,2009,90,12,-53.065153,-27.176864
Habia_rubica,2005,,,-47.480162,-23.913781
Habia_rubica,1999,98,,-47.841667,-21.971667
Habia_rubica,2016,100,,-47.245302,-24.06865
Habia_rubica,2010,89,9.9,-50.6973,-24.1445
Habia_rubica,2006,,,-47.436016,-23.880844
Habia_rubica,2006,,,-47.377344,-23.957743
Habia_rubica,2000,,,-48.416666,-24.316666
Habia_rubica,2000,,8.5,-48.416666,-24.316666
Habia_rubica,2001,96.4,10.3,-48.812205,-27.768275
Habia_rubica,2006,,,-47.46575,-23.903054
Habia_rubica,2013,91,,-47.012778,-23.964444
Habia_rubica,2006,96,,-47.81,-23.95
Habia_rubica,2012,100,11.6,-50.6967,-24.1431
Habia_rubica,2006,,,-47.436016,-23.880844
Habia_rubica,2012,86,,-50.6967,-24.1431
Habia_rubica,2000,,,-48.416666,-24.316666
Habia_rubica,2016,94,10.1,-49.076722,-22.775
Habia_rubica,2000,85,11.5,-47.931944,-25.096389
Habia_rubica,2015,96,,-46.289722,-23.90525
Habia_rubica,2005,85,,-46.400954,-23.843052
Habia_rubica,2006,,,-47.452334,-23.920014
Habia_rubica,2007,95.2,,-48.541493,-25.587558
Habia_rubica,2006,100,,-46.02,-23.039
Habia_rubica,2001,92.1,10.2,-48.512518,-27.531353
Habia_rubica,2002,96.6,,-44.850694,-23.358056
Habia_rubica,2001,,,-48.416666,-24.316666
Habia_rubica,2006,,,-47.46575,-23.903054
Habia_rubica,2012,100,10.9,-47.949986,-24.16386
Habia_rubica,2005,,,-47.480162,-23.913781
Habia_rubica,2006,96,,-47.684,-23.915
Habia_rubica,2013,76,10,-50.6967,-24.1431
Habia_rubica,2014,95,,-47.012778,-23.964444
Habia_rubica,2014,95.04,8.4,-48.34105,-25.14759
Habia_rubica,2017,84,,-48.673631,-25.304749
Habia_rubica,2011,99,,-48.498056,-27.475556
Habia_rubica,2016,93,10,-49.076722,-22.775
Habia_rubica,2013,95,11.3,-47.949986,-24.16386
Habia_rubica,2007,87,8.08,-48.054843,-20.091019
Habia_rubica,2012,,,-50.6967,-24.1431
Habia_rubica,2016,,,-47.253177,-24.086093
Habia_rubica,2011,95,,-48.498056,-27.475556
Habia_rubica,2013,87,10.5,-50.6967,-24.1431
Habia_rubica,2016,81.5,,-48.656101,-25.279147
Habia_rubica,2017,,,-47.253177,-24.086093
Habia_rubica,2015,,,-47.198404,-24.045634
Habia_rubica,2005,,,-47.446516,-23.833638
Habia_rubica,2005,,,-47.480162,-23.913781
Habia_rubica,2010,89,,-46.016667,-23.033333
Habia_rubica,2016,87,,-47.245302,-24.06865
Habia_rubica,2012,79,,-50.6967,-24.1431
Habia_rubica,2001,,,-48.52396,-27.71722
Habia_rubica,2009,86,8.52,-48.054843,-20.091019
Habia_rubica,1992,,,-49.233333,-26.366667
Habia_rubica,2017,87,9.5,-49.398056,-22.530694
Habia_rubica,2010,94,,-48.433333,-23.266667
Habia_rubica,2013,87,,-49.671408,-28.649798
Habia_rubica,2013,97,,-49.671408,-28.649798
Habia_rubica,2014,93,,-40.114444,-19.015
Habia_rubica,2013,91,,-49.671408,-28.649798
Habia_rubica,2011,91.7,,-54.487792,-25.619635
Habia_rubica,2001,86.4,10.2,-48.512518,-27.531353
Habia_rubica,2007,,11.11,-48.53972,-21.62306
Habia_rubica,2013,90,,-49.671408,-28.649798
Habia_rubica,2005,,,-47.410015,-23.951935
Habia_rubica,2006,100,,-47.684,-23.915
Habia_rubica,2000,,10.5,-48.416666,-24.316666
Habia_rubica,2001,85.4,11.6,-48.52396,-27.71722
Habia_rubica,2013,90,,-47.7,-23.883333
Habia_rubica,2015,82.5,,-47.198404,-24.045634
Habia_rubica,2006,99,7.35,-51.94695,-23.866923
Habia_rubica,2000,,,-48.416666,-24.316666
Habia_rubica,2005,98,,-43.787333,-22.370933
Habia_rubica,2001,86.2,9.4,-48.512518,-27.531353
Habia_rubica,2006,98,8.3,-42.575483,-22.417983
Habia_rubica,2005,95.1,,-46.400954,-23.843052
Habia_rubica,2015,,,-47.198404,-24.045634
Habia_rubica,2013,95,,-54.487792,-25.619635
Habia_rubica,2012,91,8.1,-47.949986,-24.16386
Habia_rubica,2006,97,7.2,-51.94695,-23.866923
Habia_rubica,2001,94.2,10.2,-48.810668,-27.73223
Habia_rubica,1992,,,-49.066667,-27.15
Habia_rubica,2005,,,-47.480162,-23.913781
Habia_rubica,2016,100,,-47.253177,-24.086093
Habia_rubica,2015,,,-47.198404,-24.045634
Habia_rubica,2000,,10,-48.416666,-24.316666
Habia_rubica,1993,,,-49.833333,-29.083333
Habia_rubica,2006,,,-47.436016,-23.880844
Habia_rubica,2012,95,13.8,-47.949986,-24.16386
Habia_rubica,2017,88,,-49.412429,-28.713794
Habia_rubica,2005,,,-47.410015,-23.951935
Habia_rubica,2013,91,,-47.012778,-23.964444
Habia_rubica,2006,99,7.3,-51.94695,-23.866923
Habia_rubica,2007,,,-47.405913,-23.96164
Habia_rubica,2005,95,8.1,-44.120167,-22.990433
Habia_rubica,2005,97,8.5,-44.120167,-22.990433
Habia_rubica,2013,98,,-49.671408,-28.649798
Habia_rubica,2001,92.9,,-48.541493,-25.587558
Habia_rubica,2017,,,-47.198404,-24.045634
Habia_rubica,2004,86,11,-42.98,-22.41
Habia_rubica,2015,87,,-46.369417,-23.842417
Habia_rubica,2001,88.5,11.3,-48.810668,-27.73223
Habia_rubica,2017,92,,-48.673631,-25.304749
Habia_rubica,2006,,,-47.377344,-23.957743
Habia_rubica,2003,85,,-48.541493,-25.587558
Habia_rubica,2013,90,,-49.671408,-28.649798
Habia_rubica,2016,,,-47.253177,-24.086093
Habia_rubica,2006,87,,-47.684,-23.915
Habia_rubica,2006,97,,-47.684,-23.915
Habia_rubica,2001,91.1,10.7,-48.810668,-27.73223
Habia_rubica,2015,,,-47.253177,-24.086093
Habia_rubica,2012,96,10.65,-47.949986,-24.16386
Habia_rubica,1999,,,-48.364722,-24.304722
Habia_rubica,2011,80,,-48.498056,-27.475556
Habia_rubica,2012,90.3,,-54.487792,-25.619635
Habia_rubica,2006,98,,-46.400954,-23.843052
Habia_rubica,2004,95,7.7,-42.737667,-22.4084
Habia_rubica,2015,,,-47.253177,-24.086093
Habia_rubica,1992,,,-49.016667,-26.283333
Habia_rubica,1993,,,-49.6042,-28.6838
Habia_rubica,2016,96,9.8,-49.076722,-22.775
Habia_rubica,2013,94,,-47.0125,-23.963889
Habia_rubica,2015,85,,-47.245302,-24.06865
Habia_rubica,2016,90.5,,-48.658873,-25.291068
Habia_rubica,2000,,,-48.416666,-24.316666
Habia_rubica,2000,,,-48.416666,-24.316666
Habia_rubica,2005,,,-47.446516,-23.833638
Habia_rubica,2017,84.6,,-48.673631,-25.304749
Habia_rubica,2005,,,-47.446516,-23.833638
Habia_rubica,2001,81,10.6,-42.38333,-22.5
Habia_rubica,2005,,,-47.405913,-23.96164
Habia_rubica,2011,,,-42.8892,-21.9339
Habia_rubica,1999,96,,-47.841667,-21.971667
Habia_rubica,2000,,10.4,-48.416666,-24.316666
Habia_rubica,2011,,,-47.67257,-22.5756
Habia_rubica,2000,,9.4,-48.416666,-24.316666
Habia_rubica,2006,,,-45.982,-23.633
Habia_rubica,2011,85,,-48.498056,-27.475556
Habia_rubica,2007,86,7.98,-48.054843,-20.091019
Habia_rubica,1992,,,-49.016667,-26.283333
Habia_rubica,2005,99,,-43.787333,-22.370933
Habia_rubica,2015,90,,-51.2525,-23.4425
Habia_rubica,2010,82,10.3,-50.6973,-24.1445
Habia_rubica,2012,,,-47.60982,-22.292
Habia_rubica,2015,93,,-47.198404,-24.045634
Habia_rubica,2013,85,,-49.671408,-28.649798
Habia_rubica,2015,,,-47.253177,-24.086093
Habia_rubica,2000,,9.7,-48.416666,-24.316666
Habia_rubica,2000,,,-48.416666,-24.316666
Habia_rubica,2017,80.8,,-47.253177,-24.086093
Habia_rubica,1992,,,-49.066667,-27.15
Habia_rubica,2016,97,9.9,-49.076722,-22.775
Habia_rubica,2000,,10.5,-48.416666,-24.316666
Habia_rubica,2012,,,-47.60982,-22.292
Habia_rubica,2001,,,-48.810668,-27.73223
Habia_rubica,2017,83.65,,-48.675863,-25.301518
Habia_rubica,2006,95,8.3,-42.575483,-22.417983
Habia_rubica,2008,90,7.17,-48.054843,-20.091019
Habia_rubica,2010,,,-48.433333,-23.266667
Habia_rubica,2002,90,10.7,-42.38333,-22.5
Habia_rubica,2013,89,9.7,-49.076722,-22.775
Habia_rubica,2007,101,12.5,-35.884722,-9.216667
Habia_rubica,2007,,,-47.405913,-23.96164
Habia_rubica,2007,,,-47.377344,-23.957743
Habia_rubica,1992,,,-49.066667,-27.15
Habia_rubica,2007,96,6.98,-48.054843,-20.091019
Habia_rubica,2000,,10.5,-48.416666,-24.316666
Habia_rubica,2015,90,,-46.289722,-23.90525
Habia_rubica,2017,96.35,,-48.673631,-25.304749
Habia_rubica,2001,,,-48.474789,-27.585696
Habia_rubica,2009,98,7.47,-48.054843,-20.091019
Habia_rubica,1991,,,-53.95,-27.25
Habia_rubica,2013,90,,-47.0125,-23.963889
Habia_rubica,2010,84,,-44.607931,-22.452726
Habia_rubica,2012,,,-47.60982,-22.292
Habia_rubica,2001,82.7,11.5,-48.474789,-27.585696
Habia_rubica,2001,,12.3,-48.416666,-24.316666
Habia_rubica,2008,83,7.95,-48.054843,-20.091019
Habia_rubica,2013,91,,-49.671408,-28.649798
Habia_rubica,2004,96,11.3,-42.98,-22.41
Habia_rubica,2013,84,,-49.671408,-28.649798
Habia_rubica,1992,,,-48.866667,-26.083333
Habia_rubica,2013,,,-47.949986,-24.16386
Habia_rubica,2001,92.6,10.3,-48.512518,-27.531353
Habia_rubica,2011,85,,-48.498056,-27.475556
Habia_rubica,2012,90,,-49.403256,-28.600583
Habia_rubica,2017,90.65,,-48.673631,-25.304749
Habia_rubica,2001,,,-48.474789,-27.585696
Habia_rubica,2013,86,,-49.671408,-28.649798
Habia_rubica,2017,,,-47.198404,-24.045634
Habia_rubica,2014,90.98,8.41,-48.34105,-25.14759
Tachyphonus_cristatus,1996,73,6.1,-44.204194,-23.183073
Tachyphonus_cristatus,1997,68.1,,-48.422847,-25.356797
Tachyphonus_cristatus,2004,81,5.9,-44.202778,-23.175
Tachyphonus_cristatus,2001,80,5.2,-44.193483,-23.182683
Tachyphonus_cristatus,2013,83,,-35.177922,-6.725132
Tachyphonus_cristatus,2011,76.1,,-48.541493,-25.587558
Tachyphonus_cristatus,2007,67.7,,-48.541493,-25.587558
Tachyphonus_cristatus,2000,71.57,8.81,-35.864361,-8.98225
Tachyphonus_cristatus,2013,71.8,8.75,-35.154812,-7.042276
Tachyphonus_cristatus,2016,,,-47.245302,-24.06865
Tachyphonus_cristatus,2009,79,6.9,-37.052089,-10.531875
Tachyphonus_cristatus,2009,76,8.9,-34.973484,-6.550309
Tachyphonus_cristatus,2012,,,-35.144167,-6.741389
Tachyphonus_cristatus,2004,68.5,,-48.541493,-25.587558
Tachyphonus_cristatus,2004,69.4,,-48.541493,-25.587558
Tachyphonus_cristatus,2004,69.4,,-48.541493,-25.587558
Tachyphonus_cristatus,2010,72.9,,-48.541493,-25.587558
Tachyphonus_cristatus,2012,80,,-48.541493,-25.587558
Tachyphonus_cristatus,2011,80,6.3,-42.033417,-22.424508
Tachyphonus_cristatus,2016,,,-47.245302,-24.06865
Tachyphonus_cristatus,2017,63.9,,-48.67189,-25.311564
Tachyphonus_cristatus,2004,71.3,,-48.541493,-25.587558
Tachyphonus_cristatus,2017,67.75,,-48.67189,-25.311564
Tachyphonus_cristatus,2002,75,,-48.541493,-25.587558
Tachyphonus_cristatus,2013,79,,-35.144167,-6.741389
Tachyphonus_cristatus,2009,80,10.6,-34.973484,-6.550309
Tachyphonus_cristatus,2005,65.4,,-48.541493,-25.587558
Tachyphonus_cristatus,2010,74,13.3,-35.144167,-6.741389
Tachyphonus_cristatus,2012,83,,-35.144167,-6.741389
Tachyphonus_cristatus,2000,75.25,8.11,-35.864361,-8.98225
Tachyphonus_cristatus,2007,70.2,,-48.541493,-25.587558
Tachyphonus_cristatus,2014,74.2,,-48.541493,-25.587558
Tachyphonus_cristatus,2012,,,-35.144167,-6.741389
Tachyphonus_cristatus,2012,73,,-35.144167,-6.741389
Tachyphonus_cristatus,2014,71.2,,-48.541493,-25.587558
Tachyphonus_cristatus,2003,83.2,,-48.541493,-25.587558
Tachyphonus_cristatus,2008,70,,-38.79888,-12.55468
Tachyphonus_cristatus,2013,80,,-35.144167,-6.741389
Tachyphonus_cristatus,2015,76,,-47.245302,-24.06865
Tachyphonus_cristatus,2007,70.4,,-48.541493,-25.587558
Tachyphonus_cristatus,2017,60.9,,-48.67189,-25.311564
Tachyphonus_cristatus,2013,79,,-35.177922,-6.725132
Tachyphonus_cristatus,2000,80.96,9.23,-35.864361,-8.98225
Tachyphonus_cristatus,2000,81.69,9.87,-35.864361,-8.98225
Tachyphonus_cristatus,2006,79,,-44.202778,-23.175
Tachyphonus_cristatus,1996,77,,-44.204194,-23.183073
Tachyphonus_cristatus,2011,69,,-39.47375,-12.86025
Tachyphonus_cristatus,2004,73.7,,-48.541493,-25.587558
Tachyphonus_cristatus,2005,73.1,,-48.541493,-25.587558
Tachyphonus_cristatus,2011,,,-35.144167,-6.741389
Tachyphonus_cristatus,1997,73.1,,-48.422847,-25.356797
Tachyphonus_cristatus,2000,78,7.1,-44.202778,-23.175
Tachyphonus_cristatus,2011,79,8.5,-39.47375,-12.86025
Tachyphonus_cristatus,2010,81,,-35.144167,-6.741389
Tachyphonus_cristatus,2013,70,,-35.177922,-6.725132
Tachyphonus_cristatus,2015,75,,-47.245302,-24.06865
Tachyphonus_cristatus,2015,70,,-46.289722,-23.90525
Tachyphonus_cristatus,2000,72.69,8.47,-35.864361,-8.98225
Tachyphonus_cristatus,2011,75,,-35.144167,-6.741389
Tachyphonus_cristatus,2000,76.18,9.22,-35.864361,-8.98225
Tachyphonus_cristatus,2012,75,,-35.144167,-6.741389
Tachyphonus_cristatus,2010,75,,-35.144167,-6.741389
Tachyphonus_cristatus,2000,80.41,8.97,-35.864361,-8.98225
Tachyphonus_cristatus,2008,77,,-38.79888,-12.55468
Tachyphonus_cristatus,2003,74.5,,-48.541493,-25.587558
Myrmotherula_axillaris,1999,48.57,7.53,-35.833611,-8.710278
Myrmotherula_axillaris,2004,49,3.8,-42.737667,-22.4084
Myrmotherula_axillaris,2012,50.4,,-40.422417,-20.588056
Myrmotherula_axillaris,1995,52,,-42.247778,-22.5825
Myrmotherula_axillaris,1995,52,,-42.304444,-22.544028
Myrmotherula_axillaris,2008,50,,-39.500511,-15.314456
Myrmotherula_axillaris,2017,51.22,8.23,-39.375253,-15.985593
Myrmotherula_axillaris,2010,51,,-40.420636,-20.592037
Myrmotherula_axillaris,2010,49,,-39.500511,-15.314456
Myrmotherula_axillaris,2017,55,8.6,-34.9445366915,-7.9938007267
Myrmotherula_axillaris,2015,49,5.1,-40.15262778,-19.03415833
Myrmotherula_axillaris,2010,52,,-38.79888,-12.55468
Myrmotherula_axillaris,2005,56,3.7,-44.120167,-22.990433
Myrmotherula_axillaris,2014,46,6,-40.15262778,-19.03415833
Myrmotherula_axillaris,2010,51,,-35.836134,-9.244383
Myrmotherula_axillaris,2015,52,3.7,-42.047183,-22.421778
Myrmotherula_axillaris,2008,52,,-39.500511,-15.314456
Myrmotherula_axillaris,2000,50.31,7.62,-35.864361,-8.98225
Myrmotherula_axillaris,2007,50.5,7.7,-35.884722,-9.216667
Myrmotherula_axillaris,2011,,,-35.836134,-9.244383
Myrmotherula_axillaris,2014,51,3.9,-42.047183,-22.421778
Myrmotherula_axillaris,2011,47.4,,-40.410611,-20.60252
Myrmotherula_axillaris,2000,52.24,7.57,-35.864361,-8.98225
Myrmotherula_axillaris,2011,48.1,,-40.410252,-20.602917
Myrmotherula_axillaris,2012,49.3,,-40.423194,-20.595667
Myrmotherula_axillaris,2010,53.3,,-40.420636,-20.592037
Myrmotherula_axillaris,2015,53,3.5,-42.047183,-22.421778
Myrmotherula_axillaris,2000,48.04,7.54,-35.864361,-8.98225
Myrmotherula_axillaris,2012,50,4.4,-41.646325,-22.26745
Myrmotherula_axillaris,2008,51,,-39.500511,-15.314456
Myrmotherula_axillaris,2004,52,3.7,-42.737667,-22.4084
Myrmotherula_axillaris,2003,51,,-41.664975,-22.276078
Myrmotherula_axillaris,2002,51.84,7.42,-35.050111,-8.239361
Myrmotherula_axillaris,2015,51,8.7,-34.9418676147,-8.0024407527
Myrmotherula_axillaris,2010,47.7,,-40.424556,-20.591556
Myrmotherula_axillaris,1999,48.26,7.33,-35.833611,-8.710278
Myrmotherula_axillaris,1995,51,,-42.247778,-22.5825
Myrmotherula_axillaris,2008,55,,-39.500511,-15.314456
Myrmotherula_axillaris,2016,52,10.2,-34.9445366915,-7.9938007267
Myrmotherula_axillaris,2011,48.4,,-40.413521,-20.608861
Myrmotherula_axillaris,2010,,,-40.423194,-20.595667
Myrmotherula_axillaris,2009,49,,-39.500511,-15.314456
Myrmotherula_axillaris,2010,50.1,,-40.412861,-20.578417
Myrmotherula_axillaris,1995,53,,-42.247778,-22.5825
Myrmotherula_axillaris,2011,50,,-40.429359,-20.622443
Myrmotherula_axillaris,2012,49.2,,-40.422417,-20.588056
Myrmotherula_axillaris,2017,55,8.9,-34.9418676147,-8.0024407527
Myrmotherula_axillaris,2014,57,4,-42.047183,-22.421778
Myrmotherula_axillaris,2005,49,3.4,-44.120167,-22.990433
Myrmotherula_axillaris,2002,52.82,7.45,-35.050111,-8.239361
Myrmotherula_axillaris,2012,50.3,,-40.422417,-20.588056
Myrmotherula_axillaris,2012,59,3.4,-41.646325,-22.26745
Myrmotherula_axillaris,2005,51,3.5,-44.120167,-22.990433
Myrmotherula_axillaris,2007,50,8.4,-35.884722,-9.216667
Myrmotherula_axillaris,2016,50,6.3,-34.9418676147,-8.0024407527
Myrmotherula_axillaris,2015,53,5.3,-34.9418676147,-8.0024407527
Myrmotherula_axillaris,2002,52.94,7.75,-35.050111,-8.239361
Myrmotherula_axillaris,2015,52,4.9,-42.047183,-22.421778
Myrmotherula_axillaris,1999,50.84,7.98,-35.505556,-7.588889
Myrmotherula_axillaris,1999,50.45,7.65,-35.833611,-8.710278
Myrmotherula_axillaris,2005,52,4.6,-42.0464,-22.54815
Myrmotherula_axillaris,2011,49.8,,-40.410278,-20.602667
Myrmotherula_axillaris,2000,48.51,7.65,-35.864361,-8.98225
Myrmotherula_axillaris,2008,51,,-39.500511,-15.314456
Myrmotherula_axillaris,2015,36,7,-34.9445366915,-7.9938007267
Myrmotherula_axillaris,1999,49.87,7.12,-35.369722,-7.595278
Myrmotherula_axillaris,2011,49.6,,-35.879097,-9.218164
Myrmotherula_axillaris,2010,50,,-40.416611,-20.588944
Myrmotherula_axillaris,2012,50,,-40.422417,-20.588056
Myrmotherula_axillaris,2015,55,10.1,-34.9532021832,-7.9964573463
Myrmotherula_axillaris,2012,47.5,5.9,-35.712064,-8.545119
Myrmotherula_axillaris,2017,55,8.6,-34.9418676147,-8.0024407527
Myrmotherula_axillaris,2010,49.4,,-40.423528,-20.592528
Myrmotherula_axillaris,2010,51,,-40.421322,-20.415332
Myrmotherula_axillaris,2015,51.95,6.9,-35.511148,-7.616534
Myrmotherula_axillaris,2011,48,,-40.410278,-20.602667
Myrmotherula_axillaris,2010,50.8,,-40.424556,-20.591556
Myrmotherula_axillaris,2007,49.6,7.5,-35.884722,-9.216667
Myrmotherula_axillaris,2009,53,,-39.500511,-15.314456
Myrmotherula_axillaris,2010,,,-40.421322,-20.415332
Myrmotherula_axillaris,2012,51.8,6.5,-34.965648,-7.466816
Myrmotherula_axillaris,2012,50,6,-35.712064,-8.545119
Myrmotherula_axillaris,2010,44,,-40.421322,-20.415332
Myrmotherula_axillaris,2004,53,3.8,-42.737667,-22.4084
Myrmotherula_axillaris,2011,51.7,,-40.410611,-20.60252
Myrmotherula_axillaris,2005,53,3.4,-44.120167,-22.990433
Myrmotherula_axillaris,2016,65,10.5,-34.9445366915,-7.9938007267
Myrmotherula_axillaris,2013,42.4,,-40.422194,-20.596194
Myrmotherula_axillaris,2010,,,-40.420636,-20.592037
Myrmotherula_axillaris,2012,48.9,,-35.879097,-9.218164
Myrmotherula_axillaris,2011,54.2,,-40.410944,-20.602444
Myrmotherula_axillaris,2012,51,3.6,-41.645929,-22.26885
Myrmotherula_axillaris,2007,52,7.7,-35.884722,-9.216667
Myrmotherula_axillaris,2010,48.3,,-40.420636,-20.592037
Myrmotherula_axillaris,2002,51.54,7.84,-35.050111,-8.239361
Myrmotherula_axillaris,2008,55,,-38.79888,-12.55468
Myrmotherula_axillaris,2012,50.3,6,-35.715593,-8.515442
Myrmotherula_axillaris,2015,51,4.1,-42.047183,-22.421778
Myrmotherula_axillaris,2010,51,,-40.420636,-20.592037
Myrmotherula_axillaris,2010,49.1,,-40.416611,-20.588944
Myrmotherula_axillaris,2012,49.9,3.7,-34.965648,-7.466816
Myrmotherula_axillaris,2014,36,8.6,-39.28388889,-13.83805556
Myrmotherula_axillaris,2002,52.69,7.13,-35.050111,-8.239361
Myrmotherula_axillaris,2012,51,4.5,-41.646325,-22.26745
Myrmotherula_axillaris,1999,50.14,7.26,-35.505556,-7.588889
Myrmotherula_axillaris,2013,51,7.15,-35.154812,-7.042276
Myrmotherula_axillaris,2014,54,5.2,-40.15262778,-19.03415833
Myrmotherula_axillaris,2013,51.75,6,-35.154812,-7.042276
Myrmotherula_axillaris,1997,51.94,7.34,-35.196222,-8.041028
Myrmotherula_axillaris,2008,51,,-39.500511,-15.314456
Myrmotherula_axillaris,2009,53,9.6,-37.052089,-10.531875
Myrmotherula_axillaris,2013,49.2,,-40.422194,-20.596194
Myrmotherula_axillaris,2004,54,4,-42.737667,-22.4084
Myrmotherula_axillaris,2016,50,7.2,-34.9418676147,-8.0024407527
Myrmotherula_axillaris,2010,50,,-40.423528,-20.592528
Myrmotherula_axillaris,1996,51,,-42.304444,-22.544028
Myrmotherula_axillaris,2011,50,,-40.413521,-20.608861
Myrmotherula_axillaris,2002,52,,-41.664975,-22.276078
Myrmotherula_axillaris,2013,51,,-40.422194,-20.596194
Myrmotherula_axillaris,2017,54,8.3,-34.9418676147,-8.0024407527
Myrmotherula_axillaris,2000,51.31,7.41,-35.864361,-8.98225
Myrmotherula_axillaris,2014,50,3.8,-42.047183,-22.421778
Myrmotherula_axillaris,2012,46.9,,-40.421528,-20.595056
Myrmotherula_axillaris,2011,51.8,,-40.413521,-20.608861
Myrmotherula_axillaris,2015,54,8.9,-34.9532021832,-7.9964573463
Myrmotherula_axillaris,2015,52,4.4,-42.047183,-22.421778
Myrmotherula_axillaris,2012,48.9,,-35.879097,-9.218164
Myrmotherula_axillaris,2000,47.71,7.1,-35.864361,-8.98225
Myrmotherula_axillaris,2010,49.9,,-40.424556,-20.591556
Myrmotherula_axillaris,2010,51.9,,-40.421322,-20.415332
Myrmotherula_axillaris,2011,54,,-40.410252,-20.602917
Myrmotherula_axillaris,2014,52,3.7,-42.047183,-22.421778
Myrmotherula_axillaris,2015,52,3.9,-42.047183,-22.421778
Tiaris_fuliginosus,2008,,,-40.4833,-20
Tiaris_fuliginosus,2012,,,-47.69429,-22.50735
Tiaris_fuliginosus,2002,57,,-44.850694,-23.358056
Tiaris_fuliginosus,1997,92.1,,-48.422847,-25.356797
Tiaris_fuliginosus,2007,,,-43.45,-19.9667
Tiaris_fuliginosus,2006,,,-49.356283,-25.583954
Tiaris_fuliginosus,2010,61.5,,-46.016667,-23.033333
Tiaris_fuliginosus,2002,57.2,,-44.850694,-23.358056
Tiaris_fuliginosus,2010,,,-42.8892,-21.9339
Tiaris_fuliginosus,2012,,,-47.69429,-22.50735
Tiaris_fuliginosus,2012,,,-47.59842,-22.21617
Tiaris_fuliginosus,2011,,,-47.60982,-22.292
Tiaris_fuliginosus,2010,55,12.6,-35.144167,-6.741389
Tiaris_fuliginosus,2010,53,,-46.016667,-23.033333
Tiaris_fuliginosus,1998,92.1,,-48.422847,-25.356797
Tiaris_fuliginosus,2011,,,-47.70173,-22.48051
Tiaris_fuliginosus,2007,,,-42.9522,-19.7086
Tiaris_fuliginosus,1997,91.1,,-48.422847,-25.356797
Tiaris_fuliginosus,2015,60,,-46.289722,-23.90525
Tiaris_fuliginosus,2008,,,-43.4989,-20.0183
Tiaris_fuliginosus,2002,58.7,,-44.850694,-23.358056
Tiaris_fuliginosus,2016,63,,-49.672487,-22.37698
Tiaris_fuliginosus,2010,,,-42.8892,-21.9339
Tiaris_fuliginosus,2008,62,,-39.671433,-14.032333
Tiaris_fuliginosus,2016,40,7.8,-47.403056,-23.24
Tiaris_fuliginosus,2012,,,-47.60982,-22.292
Tiaris_fuliginosus,2015,59,7.6,-49.402289,-22.529975
Tiaris_fuliginosus,2011,,,-43.4719,-19.9972
Tiaris_fuliginosus,2006,60,,-48.46,-23.29
Tiaris_fuliginosus,2011,,,-47.59842,-22.21617
Tiaris_fuliginosus,2016,40,7.4,-47.403056,-23.24
Tiaris_fuliginosus,2016,40,7.4,-47.403056,-23.24
Tiaris_fuliginosus,2012,,,-47.69429,-22.50735
Tiaris_fuliginosus,2011,,,-42.7667,-21.9167
Tiaris_fuliginosus,2008,59,,-39.671433,-14.032333
Tiaris_fuliginosus,2014,,,-43.4714,-19.9975
Tiaris_fuliginosus,2010,52,,-46.016667,-23.033333
Tiaris_fuliginosus,2013,,,-42.2406,-21.9425
Tiaris_fuliginosus,2012,,,-47.69429,-22.50735
Tiaris_fuliginosus,2012,,,-47.60982,-22.292
Tiaris_fuliginosus,2010,58,,-46.016667,-23.033333
Tiaris_fuliginosus,2000,55.49,7.69,-35.85,-9
Tiaris_fuliginosus,2015,60,,-46.289722,-23.90525
Tiaris_fuliginosus,2011,58,12.5,-49.358244,-26.948522
Tiaris_fuliginosus,2012,,,-47.69429,-22.50735
Tiaris_fuliginosus,2006,53.6,7.3,-49.133333,-26.883333
Tiaris_fuliginosus,2012,,,-47.69429,-22.50735
Tiaris_fuliginosus,2011,,,-42.9067,-21.9606
Tiaris_fuliginosus,2012,,,-47.69429,-22.50735
Tiaris_fuliginosus,2002,56.8,,-44.850694,-23.358056
Tiaris_fuliginosus,2006,,,-47.449741,-23.843869
Tiaris_fuliginosus,2011,,,-47.60982,-22.292
Tiaris_fuliginosus,2011,,,-42.9067,-21.9606
Tiaris_fuliginosus,2012,,,-47.70173,-22.48051
Tiaris_fuliginosus,2012,,,-47.69429,-22.50735
Tiaris_fuliginosus,2017,,8.82,-47.56375,-22.33372
Tiaris_fuliginosus,2016,,7.72,-47.5985,-22.21679
Tiaris_fuliginosus,2016,,,-47.543972,-22.396028
Tiaris_fuliginosus,2010,51,,-46.016667,-23.033333
Tiaris_fuliginosus,2010,64,,-48.433333,-23.266667
Tiaris_fuliginosus,2014,,,-43.4711,-19.9981
Tiaris_fuliginosus,2006,52.5,7.6,-49.133333,-26.883333
Tiaris_fuliginosus,2011,,,-43.4719,-19.9972
Tiaris_fuliginosus,2011,,,-47.59842,-22.21617
Tiaris_fuliginosus,2009,55,6.18,-50.293748,-20.474071
Tiaris_fuliginosus,2011,,,-43.4719,-19.9972
Tiaris_fuliginosus,2016,40,7.6,-47.409444,-23.2475
Tiaris_fuliginosus,2010,,,-46.016667,-23.033333
Tiaris_fuliginosus,2009,57,,-39.500511,-15.314456
Tiaris_fuliginosus,2011,,,-43.4719,-19.9972
Tiaris_fuliginosus,2012,,,-47.69429,-22.50735
Tiaris_fuliginosus,2002,60,,-44.850694,-23.358056
Tiaris_fuliginosus,2016,42,7.1,-47.403056,-23.24
Tiaris_fuliginosus,2011,,,-47.70173,-22.48051
Tiaris_fuliginosus,2012,,,-47.69429,-22.50735
Tiaris_fuliginosus,2006,50.2,7,-49.133333,-26.883333
Tiaris_fuliginosus,2016,,,-43.4711,-20
Tiaris_fuliginosus,2011,,,-43.4719,-19.9972
Myiothlypis_leucoblephara,2003,68,,-51.302929,-30.051014
Myiothlypis_leucoblephara,2004,65,,-51.302929,-30.051014
Myiothlypis_leucoblephara,2014,66,,-49.618889,-28.1525
Myiothlypis_leucoblephara,2002,65,,-51.302929,-30.051014
Myiothlypis_leucoblephara,2007,,,-45.9614,-22.7797
Myiothlypis_leucoblephara,2005,61,,-51.302929,-30.051014
Myiothlypis_leucoblephara,2007,,,-45.9614,-22.7797
Myiothlypis_leucoblephara,2011,,4.72,-51.304771,-30.300279
Myiothlypis_leucoblephara,2002,58,,-51.302929,-30.051014
Myiothlypis_leucoblephara,2005,63,,-51.302929,-30.051014
Myiothlypis_leucoblephara,1991,,,-53.95,-27.25
Myiothlypis_leucoblephara,2016,64,,-50.178935,-29.482103
Myiothlypis_leucoblephara,2007,,,-45.9614,-22.7797
Myiothlypis_leucoblephara,2003,70,4.64,-51.302778,-30.048056
Myiothlypis_leucoblephara,2004,60.5,,-51.302929,-30.051014
Myiothlypis_leucoblephara,2015,61,,-49.636667,-28.160833
Myiothlypis_leucoblephara,2007,,,-45.9333,-22.7
Myiothlypis_leucoblephara,2015,65,,-49.641667,-28.153056
Myiothlypis_leucoblephara,2010,,,-43.8861,-20.1094
Myiothlypis_leucoblephara,1999,66,,-50.174265,-29.481011
Myiothlypis_leucoblephara,2005,64,,-51.302929,-30.051014
Myiothlypis_leucoblephara,2015,65,,-49.641667,-28.153056
Myiothlypis_leucoblephara,2015,66,,-49.618889,-28.1525
Myiothlypis_leucoblephara,2005,61.5,,-51.302929,-30.051014
Myiothlypis_leucoblephara,2012,,,-48.992205,-25.49548
Myiothlypis_leucoblephara,2007,,,-45.9019,-22.6936
Myiothlypis_leucoblephara,2012,,,-48.992205,-25.49548
Myiothlypis_leucoblephara,2005,64,5,-51.302778,-30.048056
Myiothlypis_leucoblephara,2008,68,4.48,-51.302778,-30.048056
Myiothlypis_leucoblephara,2015,64,,-49.641667,-28.153056
Myiothlypis_leucoblephara,2015,69,,-49.618889,-28.1525
Myiothlypis_leucoblephara,2010,63,4.66,-52.835885,-31.1887
Myiothlypis_leucoblephara,2009,,,-44.4336,-20.1306
Myiothlypis_leucoblephara,2012,,,-48.992205,-25.49548
Myiothlypis_leucoblephara,2007,,,-45.9333,-22.7
Myiothlypis_leucoblephara,2002,64,6.7,-52.516667,-26.65
Myiothlypis_leucoblephara,2012,,,-48.992205,-25.49548
Myiothlypis_leucoblephara,2017,62,,-50.162407,-29.472434
Myiothlypis_leucoblephara,2006,,,-49.356283,-25.583954
Myiothlypis_leucoblephara,2005,64,,-51.302929,-30.051014
Myiothlypis_leucoblephara,2016,62,,-50.18545,-29.491353
Myiothlypis_leucoblephara,2007,66.7,,-49.285917,-25.406312
Myiothlypis_leucoblephara,2012,,,-48.992205,-25.49548
Myiothlypis_leucoblephara,2015,70,,-49.618889,-28.1525
Myiothlypis_leucoblephara,2014,69,,-49.641667,-28.153056
Myiothlypis_leucoblephara,2015,,,-43.5167,-20.1147
Myiothlypis_leucoblephara,2015,66,,-49.618889,-28.1525
Myiothlypis_leucoblephara,2014,,,-49.618889,-28.1525
Myiothlypis_leucoblephara,2014,79.5,,-49.641667,-28.153056
Myiothlypis_leucoblephara,2002,67,6.9,-52.516667,-26.65
Myiothlypis_leucoblephara,2009,64,6.9,-51.958402,-26.758381
Myiothlypis_leucoblephara,2015,67,,-49.641667,-28.153056
Myiothlypis_leucoblephara,2006,63,,-47.81,-23.95
Myiothlypis_leucoblephara,2015,61,,-49.618889,-28.1525
Myiothlypis_leucoblephara,2011,,,-43.8839,-20.1694
Microspingus_cabanisi,2014,,,-49.618889,-28.1525
Microspingus_cabanisi,2009,67,7.7,-51.958402,-26.758381
Microspingus_cabanisi,2006,63.1,,-49.356283,-25.583954
Microspingus_cabanisi,2015,68,,-49.641667,-28.153056
Microspingus_cabanisi,2015,66,,-49.636667,-28.160833
Microspingus_cabanisi,2015,69,,-49.618889,-28.1525
Microspingus_cabanisi,2015,67,,-49.636667,-28.160833
Microspingus_cabanisi,2002,66.4,,-49.356283,-25.583954
Microspingus_cabanisi,2015,66,,-49.618889,-28.1525
Microspingus_cabanisi,2016,66,,-50.18545,-29.491353
Microspingus_cabanisi,2006,64,,-49.356283,-25.583954
Microspingus_cabanisi,2015,66,,-49.618889,-28.1525
Microspingus_cabanisi,2015,68,,-49.618889,-28.1525
Microspingus_cabanisi,2002,63,,-49.356283,-25.583954
Microspingus_cabanisi,2006,64.1,,-49.356283,-25.583954
Microspingus_cabanisi,2002,66.9,,-49.356283,-25.583954
Microspingus_cabanisi,2002,66,,-49.348803,-25.589976
Microspingus_cabanisi,2002,66.9,,-49.356283,-25.583954
Microspingus_cabanisi,2002,70,,-49.356283,-25.583954
Microspingus_cabanisi,2014,66,,-49.636667,-28.160833
Microspingus_cabanisi,2016,69,,-50.171519,-29.478818
Microspingus_cabanisi,2002,67.1,,-49.356283,-25.583954
Microspingus_cabanisi,2015,69,,-49.618889,-28.1525
Microspingus_cabanisi,2004,62.8,,-49.356283,-25.583954
Microspingus_cabanisi,2015,65,,-49.636667,-28.160833
Microspingus_cabanisi,2002,63.3,,-49.348803,-25.589976
Microspingus_cabanisi,2002,63.4,,-49.356283,-25.583954
Microspingus_cabanisi,2002,63.8,,-49.356283,-25.583954
Microspingus_cabanisi,2002,67,,-49.356283,-25.583954
Microspingus_cabanisi,2014,72,,-49.636667,-28.160833
Microspingus_cabanisi,2002,65.7,,-49.356283,-25.583954
Microspingus_cabanisi,2015,65,,-49.618889,-28.1525
Microspingus_cabanisi,2015,69,,-49.618889,-28.1525
Microspingus_cabanisi,2002,68.7,,-49.356283,-25.583954
Microspingus_cabanisi,2016,67.5,,-50.178935,-29.482103
Microspingus_cabanisi,2016,66,,-50.178935,-29.482103
Microspingus_cabanisi,2006,64.9,,-49.356283,-25.583954
Microspingus_cabanisi,2002,61.5,,-49.356283,-25.583954
Microspingus_cabanisi,2015,67,,-49.636667,-28.160833
Microspingus_cabanisi,2015,57,,-49.636667,-28.160833
Microspingus_cabanisi,2002,60.5,,-49.356283,-25.583954
Microspingus_cabanisi,2009,64.5,7.4,-51.958402,-26.758381
Microspingus_cabanisi,2002,68.7,,-49.356283,-25.583954
Microspingus_cabanisi,2015,70,,-49.618889,-28.1525
Geothlypis_aequinoctialis,2011,63,,-48.498056,-27.475556
Geothlypis_aequinoctialis,2010,58,,-48.573806,-27.426111
Geothlypis_aequinoctialis,2006,53.6,,-51.302929,-30.051014
Geothlypis_aequinoctialis,2011,55,,-48.498056,-27.475556
Geothlypis_aequinoctialis,2006,54.5,,-51.302929,-30.051014
Geothlypis_aequinoctialis,2010,59,,-48.498056,-27.475556
Geothlypis_aequinoctialis,2017,59,,-48.4981,-27.4756
Geothlypis_aequinoctialis,2005,,,-48.46,-23.29
Geothlypis_aequinoctialis,2004,61.7,,-49.348803,-25.589976
Geothlypis_aequinoctialis,2011,61,,-48.498056,-27.475556
Geothlypis_aequinoctialis,2012,56.4,,-40.423528,-20.592528
Geothlypis_aequinoctialis,2005,54,,-51.302929,-30.051014
Geothlypis_aequinoctialis,2011,57.8,,-40.411778,-20.576694
Geothlypis_aequinoctialis,2017,59,,-48.4981,-27.4756
Geothlypis_aequinoctialis,2015,56,,-48.498056,-27.475556
Geothlypis_aequinoctialis,2005,53,,-48.46,-23.29
Geothlypis_aequinoctialis,2006,57,,-51.302929,-30.051014
Geothlypis_aequinoctialis,2006,56.5,,-51.302929,-30.051014
Geothlypis_aequinoctialis,2011,54.7,,-40.419778,-20.581417
Geothlypis_aequinoctialis,2006,54.5,,-51.302929,-30.051014
Geothlypis_aequinoctialis,2006,56,,-51.302929,-30.051014
Geothlypis_aequinoctialis,2010,59,,-48.498056,-27.475556
Geothlypis_aequinoctialis,2006,52,,-51.302929,-30.051014
Geothlypis_aequinoctialis,2011,55,,-48.498056,-27.475556
Geothlypis_aequinoctialis,2004,55,,-51.302929,-30.051014
Geothlypis_aequinoctialis,2004,53.2,,-51.302929,-30.051014
Geothlypis_aequinoctialis,2010,61,,-48.573806,-27.426111
Geothlypis_aequinoctialis,2011,59,,-48.498056,-27.475556
Geothlypis_aequinoctialis,2017,57,,-48.4981,-27.4756
Geothlypis_aequinoctialis,2016,55,,-48.4981,-27.4756
Geothlypis_aequinoctialis,2003,52,6.5,-49.17027,-26.77639
Geothlypis_aequinoctialis,1999,59,,-40.970231,-21.232122
Geothlypis_aequinoctialis,2003,55.5,,-51.302929,-30.051014
Geothlypis_aequinoctialis,2005,50,,-51.302929,-30.051014
Geothlypis_aequinoctialis,2005,57.5,,-51.302929,-30.051014
Geothlypis_aequinoctialis,2002,57.8,,-49.348803,-25.589976
Geothlypis_aequinoctialis,2006,57,,-51.302929,-30.051014
Geothlypis_aequinoctialis,2006,54,,-51.302929,-30.051014
Geothlypis_aequinoctialis,2017,58,,-48.4981,-27.4756
Geothlypis_aequinoctialis,2017,50,,-48.4981,-27.4756
Geothlypis_aequinoctialis,2017,55,,-48.4981,-27.4756
Geothlypis_aequinoctialis,2017,54,,-48.4981,-27.4756
Geothlypis_aequinoctialis,2015,55,,-48.498056,-27.475556
Geothlypis_aequinoctialis,2015,57,,-48.4981,-27.4756
Geothlypis_aequinoctialis,1999,55,,-51.19,-29.98
Geothlypis_aequinoctialis,2004,52.5,,-51.302929,-30.051014
Geothlypis_aequinoctialis,2011,52,,-48.498056,-27.475556
Geothlypis_aequinoctialis,2010,58.7,,-40.413694,-20.580639
Geothlypis_aequinoctialis,2006,69,,-47.684,-23.915
Geothlypis_aequinoctialis,2000,49.5,6.2,-49.17027,-26.77639
Geothlypis_aequinoctialis,2001,,,-44.193483,-23.182683
Geothlypis_aequinoctialis,2016,60,,-48.4981,-27.4756
Geothlypis_aequinoctialis,2005,58.5,,-51.302929,-30.051014
Geothlypis_aequinoctialis,2004,55.5,,-51.302929,-30.051014
Geothlypis_aequinoctialis,2010,59,,-48.498056,-27.475556
Geothlypis_aequinoctialis,2004,54.5,,-51.302929,-30.051014
Geothlypis_aequinoctialis,2017,59,,-48.4981,-27.4756
Geothlypis_aequinoctialis,2012,55,,-50.723722,-28.285222
Geothlypis_aequinoctialis,2005,53.5,,-51.302929,-30.051014
Geothlypis_aequinoctialis,2017,55,,-48.4981,-27.4756
Geothlypis_aequinoctialis,2006,55,,-51.302929,-30.051014
Geothlypis_aequinoctialis,2004,57.7,,-49.348803,-25.589976
Geothlypis_aequinoctialis,2017,57,,-48.4981,-27.4756
Geothlypis_aequinoctialis,2011,59,,-48.498056,-27.475556
Geothlypis_aequinoctialis,2017,56,,-48.4981,-27.4756
Geothlypis_aequinoctialis,2006,55.3,,-51.302929,-30.051014
Geothlypis_aequinoctialis,2011,57,,-48.498056,-27.475556
Geothlypis_aequinoctialis,2011,58,,-48.498056,-27.475556
Geothlypis_aequinoctialis,2010,,,-48.433333,-23.266667
Geothlypis_aequinoctialis,2010,,,-48.433333,-23.266667
Geothlypis_aequinoctialis,2011,55.5,,-40.411222,-20.575917
Geothlypis_aequinoctialis,2017,59,,-48.4981,-27.4756
Geothlypis_aequinoctialis,2003,58,,-51.302929,-30.051014
Geothlypis_aequinoctialis,2016,56,,-48.4981,-27.4756
Geothlypis_aequinoctialis,2006,54,,-51.302929,-30.051014
Geothlypis_aequinoctialis,2005,55.5,,-51.302929,-30.051014
Geothlypis_aequinoctialis,2011,64.1,,-40.410972,-20.573722
Geothlypis_aequinoctialis,2010,56.4,,-40.415333,-20.585611
Geothlypis_aequinoctialis,2017,56,,-48.4981,-27.4756
Geothlypis_aequinoctialis,2006,56,,-51.302929,-30.051014
Geothlypis_aequinoctialis,2004,58.4,,-49.356283,-25.583954
Geothlypis_aequinoctialis,2016,59,,-48.4981,-27.4756
Geothlypis_aequinoctialis,2006,52,,-51.302929,-30.051014
Geothlypis_aequinoctialis,2017,50.35,,-48.67189,-25.311564
Geothlypis_aequinoctialis,2005,58,,-51.302929,-30.051014
Geothlypis_aequinoctialis,2016,54,,-48.4981,-27.4756
Geothlypis_aequinoctialis,2017,55,,-48.4981,-27.4756
Geothlypis_aequinoctialis,2015,56,,-48.498056,-27.475556
Geothlypis_aequinoctialis,2006,,,-51.302929,-30.051014
Geothlypis_aequinoctialis,2003,58,,-51.302929,-30.051014
Geothlypis_aequinoctialis,2011,,,-40.417667,-20.582056
Geothlypis_aequinoctialis,2016,54,,-48.4981,-27.4756
Geothlypis_aequinoctialis,2005,55,,-51.302929,-30.051014
Geothlypis_aequinoctialis,2002,52.4,,-49.348803,-25.589976
Geothlypis_aequinoctialis,2003,57,,-51.302929,-30.051014
Geothlypis_aequinoctialis,2011,62,,-48.498056,-27.475556
Geothlypis_aequinoctialis,2017,53,,-48.4981,-27.4756
Geothlypis_aequinoctialis,2004,57,,-51.302929,-30.051014
Geothlypis_aequinoctialis,2010,55.2,,-40.415333,-20.585611
Geothlypis_aequinoctialis,2016,58,,-48.4981,-27.4756
Geothlypis_aequinoctialis,2016,52,,-48.4981,-27.4756
Geothlypis_aequinoctialis,2014,61.6,,-47.85748,-21.16624
Geothlypis_aequinoctialis,2016,55,,-48.4981,-27.4756
Geothlypis_aequinoctialis,2006,55.5,,-51.302929,-30.051014
Geothlypis_aequinoctialis,2005,53.5,,-51.302929,-30.051014
Geothlypis_aequinoctialis,1995,56,,-42.246111,-22.580503
Geothlypis_aequinoctialis,2010,60.4,,-49.356283,-25.583954
Geothlypis_aequinoctialis,2004,54.5,,-51.302929,-30.051014
Geothlypis_aequinoctialis,2005,54.7,,-51.302929,-30.051014
Geothlypis_aequinoctialis,2015,59,,-48.4981,-27.4756
Geothlypis_aequinoctialis,2010,58.6,,-40.413694,-20.580639
Geothlypis_aequinoctialis,2010,,,-48.433333,-23.266667
Geothlypis_aequinoctialis,2005,54.5,,-51.302929,-30.051014
Geothlypis_aequinoctialis,2014,52,4.07,-50.37222,-29.099616
Geothlypis_aequinoctialis,2005,57,,-51.302929,-30.051014
Geothlypis_aequinoctialis,2010,55.9,,-49.356283,-25.583954
Geothlypis_aequinoctialis,2015,57,,-48.4981,-27.4756
Geothlypis_aequinoctialis,2006,51,,-51.302929,-30.051014
Geothlypis_aequinoctialis,2011,58,,-48.498056,-27.475556
Geothlypis_aequinoctialis,2010,56.6,,-40.424145,-20.582477
Geothlypis_aequinoctialis,2010,58,,-49.356283,-25.583954
Geothlypis_aequinoctialis,2011,55,,-48.498056,-27.475556
Geothlypis_aequinoctialis,2015,56,,-48.4981,-27.4756
Geothlypis_aequinoctialis,2006,53.5,,-51.302929,-30.051014
Geothlypis_aequinoctialis,2006,57,,-51.302929,-30.051014
Geothlypis_aequinoctialis,2017,56,,-48.4981,-27.4756
Geothlypis_aequinoctialis,2015,55,,-48.498056,-27.475556
Geothlypis_aequinoctialis,2016,,,-48.4981,-27.4756
Geothlypis_aequinoctialis,2017,52,,-48.4981,-27.4756
Geothlypis_aequinoctialis,2017,55,,-48.4981,-27.4756
Geothlypis_aequinoctialis,2006,51,,-47.81,-23.95
Geothlypis_aequinoctialis,2017,58,,-48.4981,-27.4756
Geothlypis_aequinoctialis,2014,52,,-48.52275,-27.632528
Geothlypis_aequinoctialis,2010,52,,-48.433333,-23.266667
Geothlypis_aequinoctialis,2014,60,,-48.366667,-27.240278
Geothlypis_aequinoctialis,2012,58,7.1,-47.505278,-22.569167
Geothlypis_aequinoctialis,2010,,,-48.433333,-23.266667
Geothlypis_aequinoctialis,2005,57,,-51.302929,-30.051014
Geothlypis_aequinoctialis,2005,54,,-51.302929,-30.051014
Geothlypis_aequinoctialis,2005,58.5,,-51.302929,-30.051014
Geothlypis_aequinoctialis,2006,57.5,,-51.302929,-30.051014
Geothlypis_aequinoctialis,2011,49.9,,-40.410222,-20.574222
Geothlypis_aequinoctialis,2003,52,,-51.302929,-30.051014
Geothlypis_aequinoctialis,2012,58,6.9,-47.505278,-22.569167
Geothlypis_aequinoctialis,2006,54.5,,-51.302929,-30.051014
Geothlypis_aequinoctialis,2011,61,,-48.498056,-27.475556
Geothlypis_aequinoctialis,2003,55.5,,-51.302929,-30.051014
Geothlypis_aequinoctialis,2017,59,,-48.4981,-27.4756
Geothlypis_aequinoctialis,2006,54.5,,-51.302929,-30.051014
Geothlypis_aequinoctialis,2004,55.5,,-51.302929,-30.051014
Geothlypis_aequinoctialis,2010,59.5,,-40.413694,-20.580639
Geothlypis_aequinoctialis,2005,61,,-48.46,-23.29
Geothlypis_aequinoctialis,2003,61.6,,-49.348803,-25.589976
Geothlypis_aequinoctialis,2011,63.1,,-40.411222,-20.575917
Geothlypis_aequinoctialis,2004,55.5,,-51.302929,-30.051014
Geothlypis_aequinoctialis,2000,52,5.3,-49.17027,-26.77639
Geothlypis_aequinoctialis,2017,55,,-48.4981,-27.4756
Geothlypis_aequinoctialis,2010,60,,-48.498056,-27.475556
Geothlypis_aequinoctialis,2002,59,,-49.356283,-25.583954
Geothlypis_aequinoctialis,2002,55,,-51.302929,-30.051014
Geothlypis_aequinoctialis,2005,54,,-51.302929,-30.051014
Geothlypis_aequinoctialis,2016,59,,-48.4981,-27.4756
Geothlypis_aequinoctialis,2003,56.3,,-49.348803,-25.589976
Geothlypis_aequinoctialis,1998,53.1,,-48.422847,-25.356797
Geothlypis_aequinoctialis,2011,60,,-48.498056,-27.475556
Geothlypis_aequinoctialis,2003,51,,-51.302929,-30.051014
Geothlypis_aequinoctialis,1997,60.8,,-48.422847,-25.356797
Geothlypis_aequinoctialis,2012,61,6.7,-47.505278,-22.569167
Geothlypis_aequinoctialis,2002,57.9,,-49.348803,-25.589976
Geothlypis_aequinoctialis,2010,59.2,,-49.356283,-25.583954
Geothlypis_aequinoctialis,2005,52.5,,-51.302929,-30.051014
Geothlypis_aequinoctialis,2005,54.5,,-51.302929,-30.051014
Geothlypis_aequinoctialis,2011,56,,-48.498056,-27.475556
Geothlypis_aequinoctialis,1997,56.3,,-48.422847,-25.356797
Geothlypis_aequinoctialis,2002,59.4,,-49.348803,-25.589976
Geothlypis_aequinoctialis,2017,50,,-48.4981,-27.4756
Geothlypis_aequinoctialis,2011,55,,-48.498056,-27.475556
Geothlypis_aequinoctialis,2013,63,,-50.723722,-28.285222
Geothlypis_aequinoctialis,2011,57.2,,-40.410222,-20.574222
Geothlypis_aequinoctialis,1998,58.6,,-48.422847,-25.356797
Geothlypis_aequinoctialis,2016,56,,-48.4981,-27.4756
Geothlypis_aequinoctialis,2011,55,,-48.498056,-27.475556
Geothlypis_aequinoctialis,2006,53.5,,-51.302929,-30.051014
Geothlypis_aequinoctialis,2011,54,,-48.498056,-27.475556
Geothlypis_aequinoctialis,2005,61,,-48.46,-23.29
Geothlypis_aequinoctialis,2006,58,,-51.302929,-30.051014
Geothlypis_aequinoctialis,2006,64.5,,-51.302929,-30.051014
Geothlypis_aequinoctialis,2004,56,,-51.302929,-30.051014
Geothlypis_aequinoctialis,2011,55,,-48.498056,-27.475556
Geothlypis_aequinoctialis,2005,56,,-51.302929,-30.051014
Geothlypis_aequinoctialis,2010,56,,-48.498056,-27.475556
Geothlypis_aequinoctialis,2015,58.4,,-44.4411,-19.865
Geothlypis_aequinoctialis,2006,54,,-51.302929,-30.051014
Geothlypis_aequinoctialis,2016,53,,-48.4981,-27.4756
Geothlypis_aequinoctialis,2005,55.5,,-51.302929,-30.051014
Geothlypis_aequinoctialis,1997,58.8,,-48.422847,-25.356797
Geothlypis_aequinoctialis,2011,55,,-48.498056,-27.475556
Geothlypis_aequinoctialis,2002,56,,-51.302929,-30.051014
Geothlypis_aequinoctialis,2011,56,,-48.498056,-27.475556
Geothlypis_aequinoctialis,2011,56.4,,-40.411222,-20.575917
Geothlypis_aequinoctialis,2014,56,,-48.52275,-27.632528
Geothlypis_aequinoctialis,2011,61.4,,-40.410222,-20.574222
Geothlypis_aequinoctialis,2002,58.4,,-49.348803,-25.589976
Geothlypis_aequinoctialis,2006,55.5,,-51.302929,-30.051014
Geothlypis_aequinoctialis,2014,55,,-48.52275,-27.632528
Geothlypis_aequinoctialis,2012,50.7,,-40.422111,-20.594212
Geothlypis_aequinoctialis,2004,53,,-51.302929,-30.051014
Geothlypis_aequinoctialis,2011,56,,-48.498056,-27.475556
Geothlypis_aequinoctialis,2016,,,-50.178935,-29.482103
Geothlypis_aequinoctialis,2005,55.5,,-51.302929,-30.051014
Geothlypis_aequinoctialis,2006,52,,-51.302929,-30.051014
Geothlypis_aequinoctialis,2015,68,5,-49.402289,-22.529975
Geothlypis_aequinoctialis,2015,55,,-48.498056,-27.475556
Geothlypis_aequinoctialis,2011,54,,-48.498056,-27.475556
Geothlypis_aequinoctialis,2010,61.5,,-48.433333,-23.266667
Geothlypis_aequinoctialis,2017,57,,-48.4981,-27.4756
Geothlypis_aequinoctialis,2017,52,,-48.4981,-27.4756
Geothlypis_aequinoctialis,1997,56.1,,-48.422847,-25.356797
Geothlypis_aequinoctialis,2012,52.3,,-40.422111,-20.594212
Geothlypis_aequinoctialis,2006,56.75,,-51.302929,-30.051014
Geothlypis_aequinoctialis,2004,56.6,,-49.356283,-25.583954
Geothlypis_aequinoctialis,2016,56,,-48.4981,-27.4756
Geothlypis_aequinoctialis,2004,52.5,,-51.302929,-30.051014
Geothlypis_aequinoctialis,2005,55,,-51.302929,-30.051014
Geothlypis_aequinoctialis,2016,58,,-48.4981,-27.4756
Geothlypis_aequinoctialis,2004,57.5,,-51.302929,-30.051014
Geothlypis_aequinoctialis,2017,,,-48.4981,-27.4756
Geothlypis_aequinoctialis,2016,50,,-48.4981,-27.4756
Geothlypis_aequinoctialis,2016,61,,-48.4981,-27.4756
Geothlypis_aequinoctialis,2002,54,,-51.302929,-30.051014
Geothlypis_aequinoctialis,2012,58.8,,-49.356283,-25.583954
Geothlypis_aequinoctialis,2006,60,,-51.302929,-30.051014
Geothlypis_aequinoctialis,2003,59.2,,-49.348803,-25.589976
Geothlypis_aequinoctialis,2014,56,,-48.52275,-27.632528
Geothlypis_aequinoctialis,2011,57.1,,-40.421322,-20.415332
Geothlypis_aequinoctialis,2004,55.5,,-51.302929,-30.051014
Geothlypis_aequinoctialis,2003,49,,-51.302929,-30.051014
Geothlypis_aequinoctialis,2002,56,,-51.302929,-30.051014
Geothlypis_aequinoctialis,2005,57,,-51.302929,-30.051014
Geothlypis_aequinoctialis,2016,55,,-48.4981,-27.4756
Geothlypis_aequinoctialis,2011,,,-48.498056,-27.475556
Geothlypis_aequinoctialis,2005,54,,-51.302929,-30.051014
Geothlypis_aequinoctialis,2017,55.5,,-48.4981,-27.4756
Geothlypis_aequinoctialis,2006,51.2,,-51.302929,-30.051014
Geothlypis_aequinoctialis,2017,57,,-48.4981,-27.4756
Geothlypis_aequinoctialis,2009,56,,-48.433333,-23.266667
Geothlypis_aequinoctialis,2005,52,,-51.302929,-30.051014
Geothlypis_aequinoctialis,2013,58.6,,-40.410139,-20.586444
Geothlypis_aequinoctialis,2012,56,7.2,-47.505278,-22.569167
Geothlypis_aequinoctialis,2006,54,,-51.302929,-30.051014
Geothlypis_aequinoctialis,2004,58.7,,-49.348803,-25.589976
Geothlypis_aequinoctialis,2005,54,,-51.302929,-30.051014
Geothlypis_aequinoctialis,2006,56,,-48.46,-23.29
Geothlypis_aequinoctialis,2003,,,-51.302929,-30.051014
Geothlypis_aequinoctialis,2006,56.5,,-51.302929,-30.051014
Geothlypis_aequinoctialis,2011,59,,-48.498056,-27.475556
Geothlypis_aequinoctialis,2015,53,,-48.4981,-27.4756
Geothlypis_aequinoctialis,2006,58,,-48.46,-23.29
Geothlypis_aequinoctialis,2011,52,,-48.498056,-27.475556
Geothlypis_aequinoctialis,1997,56.4,,-48.422847,-25.356797
Geothlypis_aequinoctialis,2010,68.4,,-40.412528,-20.579222
Geothlypis_aequinoctialis,2004,56.5,,-51.302929,-30.051014
Geothlypis_aequinoctialis,2004,56.5,,-51.302929,-30.051014
Geothlypis_aequinoctialis,2016,,,-50.178935,-29.482103
Geothlypis_aequinoctialis,2006,,,-51.302929,-30.051014
Geothlypis_aequinoctialis,2003,55,,-51.302929,-30.051014
Geothlypis_aequinoctialis,2011,58,,-47.505278,-22.569167
Geothlypis_aequinoctialis,2002,49,,-51.302929,-30.051014
Geothlypis_aequinoctialis,1999,55.1,,-48.422847,-25.356797
Geothlypis_aequinoctialis,2015,56,,-48.4981,-27.4756
Geothlypis_aequinoctialis,1999,,,-40.970231,-21.232122
Geothlypis_aequinoctialis,2017,,,-48.4981,-27.4756
Geothlypis_aequinoctialis,2006,57,,-51.302929,-30.051014
Geothlypis_aequinoctialis,2006,57.5,,-51.302929,-30.051014
Geothlypis_aequinoctialis,2014,57,,-48.52275,-27.632528
Geothlypis_aequinoctialis,2011,52,,-48.498056,-27.475556
Geothlypis_aequinoctialis,2003,51,,-51.302929,-30.051014
Geothlypis_aequinoctialis,2017,57,,-48.4981,-27.4756
Geothlypis_aequinoctialis,2003,56,,-51.302929,-30.051014
Geothlypis_aequinoctialis,2004,,,-51.302929,-30.051014
Geothlypis_aequinoctialis,2016,56,,-48.4981,-27.4756
Geothlypis_aequinoctialis,2003,,,-51.302929,-30.051014
Geothlypis_aequinoctialis,2003,53.5,,-51.302929,-30.051014
Geothlypis_aequinoctialis,2016,59,,-48.4981,-27.4756
Geothlypis_aequinoctialis,2006,60,,-48.46,-23.29
Geothlypis_aequinoctialis,2003,50.5,,-51.302929,-30.051014
Geothlypis_aequinoctialis,2004,51.6,,-49.348803,-25.589976
Geothlypis_aequinoctialis,2011,61,,-40.411778,-20.576694
Geothlypis_aequinoctialis,2006,54.8,,-49.356283,-25.583954
Geothlypis_aequinoctialis,2005,57.5,,-51.302929,-30.051014
Geothlypis_aequinoctialis,2011,55,,-48.498056,-27.475556
Geothlypis_aequinoctialis,2017,57,,-48.4981,-27.4756
Geothlypis_aequinoctialis,2006,50,,-51.302929,-30.051014
Geothlypis_aequinoctialis,2004,56.5,,-51.302929,-30.051014
Geothlypis_aequinoctialis,2015,54,,-48.4981,-27.4756
Geothlypis_aequinoctialis,2002,56,,-51.302929,-30.051014
Geothlypis_aequinoctialis,2011,64,,-48.498056,-27.475556
Geothlypis_aequinoctialis,2005,55.5,,-51.302929,-30.051014
Geothlypis_aequinoctialis,2004,57.6,,-49.348803,-25.589976
Geothlypis_aequinoctialis,2006,53,,-51.302929,-30.051014
Geothlypis_aequinoctialis,2016,55.5,,-50.171519,-29.478818
Geothlypis_aequinoctialis,2002,58,,-49.348803,-25.589976
Geothlypis_aequinoctialis,2006,53,,-51.302929,-30.051014
Geothlypis_aequinoctialis,2011,55,,-48.498056,-27.475556
Geothlypis_aequinoctialis,2010,60,,-48.433333,-23.266667
Geothlypis_aequinoctialis,2016,59,,-48.4981,-27.4756
Geothlypis_aequinoctialis,2016,,,-50.178935,-29.482103
Geothlypis_aequinoctialis,2017,,,-48.4981,-27.4756
Geothlypis_aequinoctialis,2003,52,,-51.302929,-30.051014
Geothlypis_aequinoctialis,2004,51.9,,-51.302929,-30.051014
Geothlypis_aequinoctialis,2009,,,-44.3525,-20.1289
Geothlypis_aequinoctialis,2002,56.7,,-49.348803,-25.589976
Geothlypis_aequinoctialis,2003,56,,-51.302929,-30.051014
Geothlypis_aequinoctialis,2006,54.5,,-51.302929,-30.051014
Geothlypis_aequinoctialis,2006,56,,-51.302929,-30.051014
Geothlypis_aequinoctialis,2006,52,,-51.302929,-30.051014
Geothlypis_aequinoctialis,2002,58,,-49.356283,-25.583954
Geothlypis_aequinoctialis,2005,54,,-51.302929,-30.051014
Geothlypis_aequinoctialis,2005,,,-51.302929,-30.051014
Geothlypis_aequinoctialis,2005,52,,-51.302929,-30.051014
Geothlypis_aequinoctialis,2016,56,,-48.4981,-27.4756
Geothlypis_aequinoctialis,1998,52.2,,-48.422847,-25.356797
Geothlypis_aequinoctialis,2011,58,,-48.498056,-27.475556
Geothlypis_aequinoctialis,2010,55.6,,-40.413694,-20.580639
Geothlypis_aequinoctialis,2016,59,,-48.4981,-27.4756
Geothlypis_aequinoctialis,2011,54,,-48.498056,-27.475556
Geothlypis_aequinoctialis,2010,58,,-48.573806,-27.426111
Geothlypis_aequinoctialis,1998,57,,-51.12,-30.03
Geothlypis_aequinoctialis,2010,,,-48.433333,-23.266667
Geothlypis_aequinoctialis,2017,56,,-48.4981,-27.4756
Geothlypis_aequinoctialis,2017,54,,-48.4981,-27.4756
Geothlypis_aequinoctialis,2017,55,,-48.4981,-27.4756
Geothlypis_aequinoctialis,2004,53,,-51.302929,-30.051014
Geothlypis_aequinoctialis,2003,55,,-51.302929,-30.051014
Geothlypis_aequinoctialis,2017,59,,-48.4981,-27.4756
Geothlypis_aequinoctialis,2005,55,,-51.302929,-30.051014
Geothlypis_aequinoctialis,2013,50.9,,-52.17,-32.07
Geothlypis_aequinoctialis,2006,55.35,,-51.302929,-30.051014
Geothlypis_aequinoctialis,2002,54.2,,-49.348803,-25.589976
Geothlypis_aequinoctialis,2010,63,,-48.433333,-23.266667
Geothlypis_aequinoctialis,2011,56,,-48.498056,-27.475556
Geothlypis_aequinoctialis,2003,49,,-51.302929,-30.051014
Geothlypis_aequinoctialis,2011,53,,-48.498056,-27.475556
Geothlypis_aequinoctialis,2016,56,,-48.4981,-27.4756
Geothlypis_aequinoctialis,2006,56,,-51.302929,-30.051014
Geothlypis_aequinoctialis,2004,,,-49.356283,-25.583954
Geothlypis_aequinoctialis,2015,55,,-48.4981,-27.4756
Geothlypis_aequinoctialis,2003,57,,-51.302929,-30.051014
Geothlypis_aequinoctialis,2016,57,,-48.4981,-27.4756
Geothlypis_aequinoctialis,2006,57.5,,-51.302929,-30.051014
Geothlypis_aequinoctialis,2017,,,-48.4981,-27.4756
Geothlypis_aequinoctialis,2011,65,,-48.498056,-27.475556
Geothlypis_aequinoctialis,2006,55,,-51.302929,-30.051014
Geothlypis_aequinoctialis,2006,56,,-51.302929,-30.051014
Geothlypis_aequinoctialis,2003,51.5,,-51.302929,-30.051014
Geothlypis_aequinoctialis,2017,61,,-48.4981,-27.4756
Geothlypis_aequinoctialis,2002,59,,-49.348803,-25.589976
Geothlypis_aequinoctialis,2017,59,,-48.4981,-27.4756
Geothlypis_aequinoctialis,2011,57,,-48.498056,-27.475556
Geothlypis_aequinoctialis,2006,52,,-51.302929,-30.051014
Geothlypis_aequinoctialis,2004,55.5,,-51.302929,-30.051014
Geothlypis_aequinoctialis,2017,58,,-48.4981,-27.4756
Geothlypis_aequinoctialis,2006,53.8,,-51.302929,-30.051014
Geothlypis_aequinoctialis,1998,57,,-51.19,-29.98
Geothlypis_aequinoctialis,2017,56,,-48.4981,-27.4756
Geothlypis_aequinoctialis,2014,55,,-48.366667,-27.240278
Geothlypis_aequinoctialis,2002,59.6,,-49.348803,-25.589976
Geothlypis_aequinoctialis,2011,56.7,,-40.421322,-20.415332
Geothlypis_aequinoctialis,2004,56,,-51.302929,-30.051014
Geothlypis_aequinoctialis,2006,56.5,,-51.302929,-30.051014
Geothlypis_aequinoctialis,2010,59,,-48.498056,-27.475556
Geothlypis_aequinoctialis,2010,56.9,,-40.415694,-20.587417
Geothlypis_aequinoctialis,2005,55.5,,-51.302929,-30.051014
Geothlypis_aequinoctialis,2005,54,,-51.302929,-30.051014
Geothlypis_aequinoctialis,2017,56,,-48.4981,-27.4756
Geothlypis_aequinoctialis,2017,57,,-48.4981,-27.4756
Geothlypis_aequinoctialis,2002,61.1,,-49.348803,-25.589976
Geothlypis_aequinoctialis,2005,53.5,,-51.302929,-30.051014
Geothlypis_aequinoctialis,2006,50.2,,-51.302929,-30.051014
Geothlypis_aequinoctialis,2002,59.8,,-49.348803,-25.589976
Geothlypis_aequinoctialis,2011,57,,-48.498056,-27.475556
Geothlypis_aequinoctialis,2011,57,,-48.498056,-27.475556
Geothlypis_aequinoctialis,2017,57,,-48.4981,-27.4756
Geothlypis_aequinoctialis,2011,50,,-48.498056,-27.475556
Thamnophilus_torquatus,2013,52,9,-50.984421,-27.630719
Thamnophilus_torquatus,2004,69,,-52.51,-32.53
Thamnophilus_torquatus,2013,63,,-35.144167,-6.741389
Thamnophilus_torquatus,2010,70,,-48.433333,-23.266667
Thamnophilus_torquatus,2007,,,-44.6331,-15.6664
Thamnophilus_torquatus,2010,,,-48.433333,-23.266667
Thamnophilus_torquatus,2012,,,-35.18,-5.92
Thamnophilus_torquatus,2016,60,9.2,-34.95615,-7.988219
Thamnophilus_torquatus,2002,60,,-49.348803,-25.589976
Thamnophilus_torquatus,2002,68,9.28,-50.583333,-27.266667
Thamnophilus_torquatus,2012,63,,-35.126,-6.700556
Thamnophilus_torquatus,2016,,,-42.6714,-15.9039
Thamnophilus_torquatus,2004,63.4,,-49.356283,-25.583954
Thamnophilus_torquatus,2005,,,-51.302929,-30.051014
Thamnophilus_torquatus,2014,69,,-50.723722,-28.285222
Thamnophilus_torquatus,2000,56.73,8.81,-36.024444,-7.905556
Thamnophilus_torquatus,2011,,,-43.8917,-20.1322
Thamnophilus_torquatus,2004,68,,-53.38,-33.75
Thamnophilus_torquatus,2009,,10.66,-43.47056,-19.99722
Thamnophilus_torquatus,2004,65.9,,-49.356283,-25.583954
Thamnophilus_torquatus,2004,65,,-51.302929,-30.051014
Thamnophilus_torquatus,2002,66.6,,-49.348803,-25.589976
Thamnophilus_torquatus,2012,,,-35.18,-5.92
Thamnophilus_torquatus,2004,68,,-53.38,-33.75
Thamnophilus_torquatus,2012,61,,-35.126,-6.700556
Thamnophilus_torquatus,2004,69,,-52.17,-32.07
Thamnophilus_torquatus,2005,,,-51.302929,-30.051014
Thamnophilus_torquatus,2004,65.2,,-49.356283,-25.583954
Thamnophilus_torquatus,2004,63,,-49.348803,-25.589976
Thamnophilus_torquatus,2006,67,,-51.302929,-30.051014
Thamnophilus_torquatus,2003,65.4,,-49.356283,-25.583954
Thamnophilus_torquatus,2008,,5.81,-52.337222,-31.651944
Thamnophilus_torquatus,2003,73,,-42.742133,-22.358133
Thamnophilus_torquatus,1998,66,,-51.12,-30.03
Thamnophilus_torquatus,2002,66.7,,-49.348803,-25.589976
Thamnophilus_torquatus,1999,66,,-51.2,-30.1
Thamnophilus_torquatus,2014,69,5.1,-50.372222,-29.099618
Thamnophilus_torquatus,2006,73,,-51.302929,-30.051014
Thamnophilus_torquatus,2005,61,,-51.302929,-30.051014
Thamnophilus_torquatus,2006,69,,-51.302929,-30.051014
Thamnophilus_torquatus,2010,65.1,,-49.356283,-25.583954
Thamnophilus_torquatus,2015,75,,-49.618889,-28.1525
Thamnophilus_torquatus,2010,,,-48.433333,-23.266667
Thamnophilus_torquatus,2009,,,-44.415,-20.1475
Thamnophilus_torquatus,2004,73,,-53.38,-33.75
Thamnophilus_torquatus,1998,68,,-51.23,-30.05
Thamnophilus_torquatus,2012,59,,-35.126,-6.700556
Thamnophilus_torquatus,2001,65,4.72,-52.53671,-32.538503
Thamnophilus_torquatus,2013,70,6.7,-41.82306667,-20.49502778
Thamnophilus_torquatus,2004,70,,-53.38,-33.75
Thamnophilus_torquatus,2012,,,-48.992205,-25.49548
Thamnophilus_torquatus,2012,79,,-49.405145,-28.599546
Thamnophilus_torquatus,2007,,,-44.6331,-15.6664
Thamnophilus_torquatus,2006,61,,-51.302929,-30.051014
Thamnophilus_torquatus,2006,62,,-48.46,-23.29
Thamnophilus_torquatus,2009,,,-43.45,-19.9667
Thamnophilus_torquatus,2010,,,-48.433333,-23.266667
Thamnophilus_torquatus,2005,69.5,,-51.302929,-30.051014
Thamnophilus_torquatus,2013,65,,-35.126,-6.700556
Thamnophilus_torquatus,2003,72,,-51.302929,-30.051014
Thamnophilus_torquatus,2005,,,-51.302929,-30.051014
Thamnophilus_torquatus,2002,67,5.05,-52.53671,-32.538503
Thamnophilus_torquatus,1999,62,,-51.12,-30.03
Thamnophilus_torquatus,2006,65,,-48.46,-23.29
Thamnophilus_torquatus,2011,,,-43.8917,-20.1322
Thamnophilus_torquatus,2004,69,,-52.17,-32.2
Thamnophilus_torquatus,2004,68.5,,-51.302929,-30.051014
Thamnophilus_torquatus,2007,,,-44.6331,-15.6664
Thamnophilus_torquatus,2004,62.3,,-49.356283,-25.583954
Thamnophilus_torquatus,2002,62.7,,-49.348803,-25.589976
Thamnophilus_torquatus,1998,69,5.2,-52.325681,-31.821153
Thamnophilus_torquatus,2004,66,,-52.17,-32.07
Thamnophilus_torquatus,2005,73,,-51.302929,-30.051014
Sicalis_flaveola,2007,65,5.7,-52.516667,-26.65
Sicalis_flaveola,2014,48.78,5.61,-49.028117,-25.505973
Sicalis_flaveola,2014,64.14,,-40.458369,-20.590869
Sicalis_flaveola,2014,,,-40.458369,-20.590869
Sicalis_flaveola,2014,66.81,,-40.458369,-20.590869
Sicalis_flaveola,2016,46.47,5.47,-49.028117,-25.505973
Sicalis_flaveola,2001,68,7.6,-49.083333,-26.9
Sicalis_flaveola,2015,50.98,5.97,-49.028117,-25.505973
Sicalis_flaveola,2014,48.1,5.66,-49.028117,-25.505973
Sicalis_flaveola,2015,53.32,5.52,-49.078161,-25.505487
Sicalis_flaveola,2016,,,-49.028117,-25.505973
Sicalis_flaveola,2004,68,5.67,-52.53671,-32.538503
Sicalis_flaveola,2017,,,-49.028117,-25.505973
Sicalis_flaveola,2014,,,-40.458369,-20.590869
Sicalis_flaveola,2014,,,-40.458369,-20.590869
Sicalis_flaveola,2012,,,-43.4711,-20
Sicalis_flaveola,2007,70,6.3,-54.241637,-23.058797
Sicalis_flaveola,2017,,,-49.028117,-25.505973
Sicalis_flaveola,2014,,,-40.458369,-20.590869
Sicalis_flaveola,2017,,,-49.078161,-25.505487
Sicalis_flaveola,2017,,,-49.028117,-25.505973
Sicalis_flaveola,2014,,,-40.458369,-20.590869
Sicalis_flaveola,2014,73.5,,-40.458369,-20.590869
Sicalis_flaveola,2015,48,5.32,-49.028117,-25.505973
Sicalis_flaveola,2014,,5.59,-49.028117,-25.505973
Sicalis_flaveola,2016,51.5,,-50.178935,-29.482103
Sicalis_flaveola,2014,67.52,,-40.458369,-20.590869
Sicalis_flaveola,2003,67,6.16,-52.53671,-32.538503
Sicalis_flaveola,2014,70.63,,-40.458369,-20.590869
Sicalis_flaveola,2015,54.93,5.34,-49.028117,-25.505973
Sicalis_flaveola,2014,66.1,,-40.458369,-20.590869
Sicalis_flaveola,2011,69,,-40.418694,-20.580528
Sicalis_flaveola,2010,71.6,,-44.4136,-19.8808
Sicalis_flaveola,2014,,,-40.458369,-20.590869
Sicalis_flaveola,2017,,,-49.028117,-25.505973
Sicalis_flaveola,2014,49.16,5.48,-49.028117,-25.505973
Sicalis_flaveola,2013,,,-43.4706,-19.9997
Sicalis_flaveola,2015,50.09,5.74,-49.028117,-25.505973
Sicalis_flaveola,2015,50.1,4.73,-49.078161,-25.505487
Sicalis_flaveola,2014,,,-40.458369,-20.590869
Sicalis_flaveola,2016,,,-49.028117,-25.505973
Sicalis_flaveola,2014,68.95,,-40.458369,-20.590869
Sicalis_flaveola,2014,,,-40.458369,-20.590869
Sicalis_flaveola,2016,,,-49.078161,-25.505487
Sicalis_flaveola,2000,63.1,5.2,-49.17027,-26.77639
Sicalis_flaveola,2004,80.3,11.4,-53.916667,-28.383333
Sicalis_flaveola,1999,70,5.93,-52.340985,-31.770084
Sicalis_flaveola,2014,49.06,5.17,-49.028117,-25.505973
Sicalis_flaveola,2014,53.14,6.09,-49.028117,-25.505973
Sicalis_flaveola,2016,,,-43.4711,-20
Sicalis_flaveola,2012,71,7.8,-49.1,-26.833333
Sicalis_flaveola,2015,45.84,5.74,-49.028117,-25.505973
Sicalis_flaveola,2016,53,7,-49.004506,-26.611662
Sicalis_flaveola,2014,,,-40.458369,-20.590869
Sicalis_flaveola,2015,50.66,5.39,-49.028117,-25.505973
Sicalis_flaveola,2015,48.85,5.4,-49.028117,-25.505973
Sicalis_flaveola,2001,62,8.57,-49.166667,-26.733333
Sicalis_flaveola,2014,53.92,5.86,-49.028117,-25.505973
Sicalis_flaveola,2015,47.58,5,-49.028117,-25.505973
Sicalis_flaveola,2014,52.78,5.38,-49.078161,-25.505487
Sicalis_flaveola,2017,56,,-50.178935,-29.482103
Sicalis_flaveola,2014,48.89,5.57,-49.028117,-25.505973
Sicalis_flaveola,2016,,,-49.078161,-25.505487
Sicalis_flaveola,2015,51.61,5.24,-49.078161,-25.505487
Sicalis_flaveola,2014,51.11,5.24,-49.028117,-25.505973
Sicalis_flaveola,2004,70,5.54,-52.53671,-32.538503
Sicalis_flaveola,2009,70,7.8,-49.016667,-26.483333
Sicalis_flaveola,2014,,,-40.458369,-20.590869
Sicalis_flaveola,2014,71.47,,-40.458369,-20.590869
Sicalis_flaveola,2016,,,-49.078161,-25.505487
Sicalis_flaveola,2015,52.03,5.87,-49.028117,-25.505973
Sicalis_flaveola,2010,66,7.7,-54.229395,-23.068434
Sicalis_flaveola,2014,54.27,5.71,-49.078161,-25.505487
Sicalis_flaveola,2003,68,7.4,-49.15,-27.016667
Sicalis_flaveola,2004,70,6.22,-52.53671,-32.538503
Sicalis_flaveola,2016,,,-43.8603,-19.9944
Sicalis_flaveola,2014,70.3,,-40.458369,-20.590869
Sicalis_flaveola,2017,,,-49.028117,-25.505973
Sicalis_flaveola,2003,45,,-51.302929,-30.051014
Sicalis_flaveola,2015,45.17,6.02,-49.028117,-25.505973
Sicalis_flaveola,2016,,,-49.028117,-25.505973
Sicalis_flaveola,2012,74,6,-49.083333,-26.9
Sicalis_flaveola,2014,,,-40.458369,-20.590869
Sicalis_flaveola,2017,,,-49.028117,-25.505973
Sicalis_flaveola,2014,45.62,4.93,-49.028117,-25.505973
Sicalis_flaveola,2014,46.04,5.31,-49.028117,-25.505973
Sicalis_flaveola,2014,49.77,5.66,-49.028117,-25.505973
Sicalis_flaveola,2016,,,-43.4711,-20
Sicalis_flaveola,2014,74.27,,-40.458369,-20.590869
Sicalis_flaveola,2016,51.46,5.71,-49.028117,-25.505973
Sicalis_flaveola,2016,50.16,5.5,-49.028117,-25.505973
Sicalis_flaveola,2000,61.3,7.2,-49.17027,-26.77639
Sicalis_flaveola,2015,52.85,5.3,-49.028117,-25.505973
Sicalis_flaveola,2013,71,5.6,-54.40084,-29.647219
Sicalis_flaveola,2015,49.49,5.22,-49.028117,-25.505973
Sicalis_flaveola,2014,69.28,,-40.458369,-20.590869
Sicalis_flaveola,2014,65.67,,-40.458369,-20.590869
Sicalis_flaveola,2015,50.75,5.42,-49.028117,-25.505973
Sicalis_flaveola,2016,51.34,5.73,-49.028117,-25.505973
Sicalis_flaveola,2003,67.4,7,-49.15,-27.016667
Sicalis_flaveola,2014,63.65,,-40.458369,-20.590869
Sicalis_flaveola,2015,,5.26,-49.078161,-25.505487
Sicalis_flaveola,2014,53.66,5.55,-49.028117,-25.505973
Sicalis_flaveola,2014,63.25,,-40.458369,-20.590869
Sicalis_flaveola,2014,74,,-49.635,-28.141667
Sicalis_flaveola,2014,,,-40.458369,-20.590869
Sicalis_flaveola,2003,65.6,6.4,-49.066667,-26.9
Sicalis_flaveola,2016,50.24,5.76,-49.078161,-25.505487
Sicalis_flaveola,2016,,,-49.028117,-25.505973
Sicalis_flaveola,2014,53.12,5.54,-49.028117,-25.505973
Sicalis_flaveola,2014,51.61,5.77,-49.078161,-25.505487
Sicalis_flaveola,2012,,,-43.4711,-20
Sicalis_flaveola,2014,51.81,5.46,-49.078161,-25.505487
Sicalis_flaveola,2009,,,-43.45,-19.9667
Sicalis_flaveola,2010,58,,-48.573806,-27.426111
Sicalis_flaveola,2015,49.86,5.17,-49.078161,-25.505487
Sicalis_flaveola,2016,45.39,5.9,-49.078161,-25.505487
Sicalis_flaveola,2016,,,-49.028117,-25.505973
Sicalis_flaveola,2014,51.2,5.28,-49.078161,-25.505487
Sicalis_flaveola,2016,52.93,5.89,-49.028117,-25.505973
Sicalis_flaveola,2007,65,6.15,-54.241637,-23.058797
Sicalis_flaveola,2015,,,-48.4981,-27.4756
Sicalis_flaveola,2014,50.25,5.17,-49.078161,-25.505487
Sicalis_flaveola,2007,71,5.69,-52.298752,-31.771797
Sicalis_flaveola,2014,69.06,,-40.458369,-20.590869
Sicalis_flaveola,2006,71.4,6.1,-49.231186,-26.884529
Sicalis_flaveola,1999,,,-51.23,-30.05
Sicalis_flaveola,2014,,,-43.4706,-19.9997
Sicalis_flaveola,2017,,,-49.028117,-25.505973
Sicalis_flaveola,2014,,,-40.458369,-20.590869
Sicalis_flaveola,2015,48.54,5.34,-49.078161,-25.505487
Sicalis_flaveola,2007,67,7.1,-49.066667,-26.9
Sicalis_flaveola,2014,68.12,,-40.458369,-20.590869
Sicalis_flaveola,2000,70,6.55,-52.340985,-31.770084
Sicalis_flaveola,2012,,,-43.4711,-20
Sicalis_flaveola,2016,48.53,5.84,-49.028117,-25.505973
Sicalis_flaveola,2016,48.78,5.61,-49.028117,-25.505973
Sicalis_flaveola,2003,66,7.4,-49.15,-27.016667
Sicalis_flaveola,2017,,,-49.028117,-25.505973
Sicalis_flaveola,2004,69,5.73,-52.53671,-32.538503
Sicalis_flaveola,2003,72,7.9,-49.15,-27.016667
Sicalis_flaveola,2014,49.39,5.23,-49.028117,-25.505973
Sicalis_flaveola,2015,49.2,5.68,-49.028117,-25.505973
Sicalis_flaveola,2001,72,6.8,-49.066667,-26.9
Sicalis_flaveola,2005,65.3,7.5,-48.9,-26.9
Sicalis_flaveola,2017,,,-49.028117,-25.505973
Sicalis_flaveola,2014,51.25,5.96,-49.028117,-25.505973
Sicalis_flaveola,2014,,,-40.458369,-20.590869
Sicalis_flaveola,2001,68,7.05,-49.066667,-26.9
Sicalis_flaveola,2014,,,-40.458369,-20.590869
Sicalis_flaveola,2010,,,-43.4711,-20.0003
Sicalis_flaveola,2014,49.94,5.4,-49.078161,-25.505487
Sicalis_flaveola,2014,47.22,5.62,-49.028117,-25.505973
Sicalis_flaveola,2004,72,,-52.17,-32.2
Sicalis_flaveola,2014,47.8,5.73,-49.078161,-25.505487
Sicalis_flaveola,2006,67,6.2,-49.066667,-26.9
Sicalis_flaveola,2010,66,6.85,-54.229395,-23.068434
Sicalis_flaveola,2002,70,7.7,-48.616667,-27.833333
Sicalis_flaveola,2014,,,-43.4719,-20.0003
Sicalis_flaveola,2014,48.66,4.99,-49.028117,-25.505973
Sicalis_flaveola,2011,63.4,,-40.418694,-20.580528
Sicalis_flaveola,2016,50.94,5.81,-49.028117,-25.505973
Sicalis_flaveola,2007,66,7.4,-54.198213,-23.037761
Sicalis_flaveola,2014,52.62,5.46,-49.028117,-25.505973
Sicalis_flaveola,2014,72,,-40.458369,-20.590869
Sicalis_flaveola,2016,,,-49.078161,-25.505487
Sicalis_flaveola,2016,,,-49.078161,-25.505487
Sicalis_flaveola,2010,76,6.5,-48.916667,-27.083333
Sicalis_flaveola,2014,70.82,,-40.458369,-20.590869
Sicalis_flaveola,2010,64,7.05,-54.198213,-23.037761
Sicalis_flaveola,2007,50,6.6,-49.5,-27.116667
Sicalis_flaveola,2014,45.26,5.09,-49.078161,-25.505487
Sicalis_flaveola,2014,68.46,,-40.458369,-20.590869
Sicalis_flaveola,2014,49.29,4.66,-49.028117,-25.505973
Sicalis_flaveola,2016,50.82,5.18,-49.028117,-25.505973
Sicalis_flaveola,2015,50.59,5.84,-49.028117,-25.505973
Sicalis_flaveola,2015,50.65,5.48,-49.028117,-25.505973
Sicalis_flaveola,2014,51.4,5.32,-49.028117,-25.505973
Sicalis_flaveola,2004,70,,-53.38,-33.75
Sicalis_flaveola,2016,67,6,-49.083333,-26.916667
Sicalis_flaveola,2014,52.46,6.01,-49.078161,-25.505487
Sicalis_flaveola,2015,51.29,5.49,-49.028117,-25.505973
Sicalis_flaveola,2015,52.78,5.52,-49.028117,-25.505973
Sicalis_flaveola,2014,48.98,5.53,-49.078161,-25.505487
Sicalis_flaveola,2003,70,7.3,-49.15,-27.016667
Sicalis_flaveola,2009,70,11,-49.066667,-26.9
Sicalis_flaveola,2016,,,-49.078161,-25.505487
Sicalis_flaveola,2014,,,-40.458369,-20.590869
Sicalis_flaveola,1998,67,6.5,-49.266667,-26.816667
Sicalis_flaveola,2004,,,-52.51,-32.53
Sicalis_flaveola,2002,71,7.7,-49.066667,-26.9
Sicalis_flaveola,2016,54.02,5.63,-49.078161,-25.505487
Sicalis_flaveola,2016,,,-49.028117,-25.505973
Sicalis_flaveola,2014,,,-40.458369,-20.590869
Sicalis_flaveola,2006,72,5.29,-52.330753,-31.732255
Sicalis_flaveola,2007,71,6.5,-49.8,-26.533333
Sicalis_flaveola,2014,48.98,4.94,-49.028117,-25.505973
Sicalis_flaveola,2016,47.11,5.71,-49.028117,-25.505973
Sicalis_flaveola,2000,90,10.4,-49.17027,-26.77639
Sicalis_flaveola,2007,60,7,-49.066667,-26.9
Sicalis_flaveola,2015,50.33,5.32,-49.078161,-25.505487
Sicalis_flaveola,2010,63,6.6,-54.229395,-23.068434
Sicalis_flaveola,2015,49.92,5.99,-49.028117,-25.505973
Sicalis_flaveola,2002,68,7.1,-49.066667,-26.9
Sicalis_flaveola,2014,49.89,4.82,-49.078161,-25.505487
Sicalis_flaveola,2017,,,-49.078161,-25.505487
Sicalis_flaveola,2014,68.81,,-40.458369,-20.590869
Sicalis_flaveola,2005,70,6.66,-52.379687,-31.757084
Sicalis_flaveola,2014,68.3,,-40.458369,-20.590869
Euphonia_chlorotica,2013,,,-35.18,-5.92
Euphonia_chlorotica,2014,,,-35.18,-5.92
Euphonia_chlorotica,2016,,,-47.543972,-22.396028
Euphonia_chlorotica,2010,58,7,-35.144167,-6.741389
Euphonia_chlorotica,2010,64,,-48.433333,-23.266667
Euphonia_chlorotica,2011,58.5,,-44.4272,-19.8672
Euphonia_chlorotica,2006,56,5.2,-41.662676,-22.2781
Euphonia_chlorotica,2014,,,-35.18,-5.92
Euphonia_chlorotica,2011,,,-35.18,-5.92
Euphonia_chlorotica,2000,58,,-42.874163,-22.961388
Euphonia_chlorotica,2012,,,-43.1347,-16.0594
Euphonia_chlorotica,2014,,,-35.18,-5.92
Euphonia_chlorotica,2014,,,-43.4706,-19.9997
Euphonia_chlorotica,2014,,,-35.18,-5.92
Euphonia_chlorotica,2014,,,-35.18,-5.92
Euphonia_chlorotica,2012,65,,-35.144167,-6.741389
Euphonia_chlorotica,2013,,,-43.4711,-20
Euphonia_chlorotica,2017,58.04,6.46,-39.078058,-15.249721
Euphonia_chlorotica,2006,55,5.8,-41.662676,-22.2781
Euphonia_chlorotica,2017,,,-51.737332,-30.057747
Euphonia_chlorotica,2010,58,,-48.433333,-23.266667
Euphonia_chlorotica,2009,,,-40.423194,-20.595667
Euphonia_chlorotica,2009,53.5,,-40.423528,-20.592528
Euphonia_chlorotica,2013,54.55,5.55,-35.154812,-7.042276
Euphonia_chlorotica,2011,,,-35.18,-5.92
Euphonia_chlorotica,2012,53,,-35.144167,-6.741389
Euphonia_chlorotica,2014,,,-35.18,-5.92
Euphonia_chlorotica,2012,,,-43.4711,-20
Euphonia_chlorotica,2005,57,6.1,-41.662676,-22.2781
Euphonia_chlorotica,2010,60,,-48.433333,-23.266667
Euphonia_chlorotica,2014,,,-35.18,-5.92
Euphonia_chlorotica,2010,62,,-48.433333,-23.266667
Euphonia_chlorotica,2009,,,-40.423194,-20.595667
Euphonia_chlorotica,2011,,,-35.18,-5.92
Euphonia_chlorotica,2010,65,,-48.433333,-23.266667
Euphonia_chlorotica,2012,,,-35.18,-5.92
Euphonia_chlorotica,2010,64,,-48.433333,-23.266667
Euphonia_chlorotica,2011,,,-35.18,-5.92
Euphonia_chlorotica,2003,60,5.07,-52.53671,-32.538503
Euphonia_chlorotica,2011,,,-35.18,-5.92
Euphonia_chlorotica,2009,,,-40.423528,-20.592528
Euphonia_chlorotica,2004,,,-41.662676,-22.2781
Euphonia_chlorotica,2013,,,-35.18,-5.92
Euphonia_chlorotica,1999,60,,-51.23,-30.05
Euphonia_chlorotica,2010,61,,-48.433333,-23.266667
Euphonia_chlorotica,2009,,,-40.423194,-20.595667
Euphonia_chlorotica,2013,57.5,6.1,-35.154812,-7.042276
Euphonia_chlorotica,2011,,,-35.18,-5.92
Euphonia_chlorotica,2014,,,-35.18,-5.92
Euphonia_chlorotica,2010,56.5,,-40.417139,-20.584806
Euphonia_chlorotica,2004,,,-42.1964,-22.85394
Euphonia_chlorotica,2005,56,4.5,-41.662676,-22.2781
Euphonia_chlorotica,2012,,,-35.18,-5.92
Euphonia_chlorotica,2011,,,-35.18,-5.92
Euphonia_chlorotica,2012,,,-35.18,-5.92
Euphonia_chlorotica,2012,,,-35.18,-5.92
Euphonia_chlorotica,2009,,,-40.423528,-20.592528
Euphonia_chlorotica,2009,54.9,,-40.423194,-20.595667
Euphonia_chlorotica,2004,,,-42.918417,-22.481667
Coryphospingus_cucullatus,2006,67,,-48.46,-23.29
Coryphospingus_cucullatus,2005,64,,-48.46,-23.29
Coryphospingus_cucullatus,2012,61,8.6,-47.505278,-22.569167
Coryphospingus_cucullatus,2004,58.5,,-51.302929,-30.051014
Coryphospingus_cucullatus,2005,56.5,,-51.302929,-30.051014
Coryphospingus_cucullatus,2008,62,7.2,-52.3438,-26.9594
Coryphospingus_cucullatus,2010,61,,-48.433333,-23.266667
Coryphospingus_cucullatus,2011,67,,-47.590125,-23.431942
Coryphospingus_cucullatus,2015,,,-47.543972,-22.396028
Coryphospingus_cucullatus,2000,66,5.65,-51.594276,-29.956089
Coryphospingus_cucullatus,2012,63,7.5,-47.417778,-22.820556
Coryphospingus_cucullatus,2002,56,,-51.302929,-30.051014
Coryphospingus_cucullatus,2002,62.7,,-49.356283,-25.583954
Coryphospingus_cucullatus,2011,66,,-47.590125,-23.431942
Coryphospingus_cucullatus,2006,65,,-48.46,-23.29
Coryphospingus_cucullatus,2014,65,6,-49.398056,-22.530694
Coryphospingus_cucullatus,2014,62,6.8,-49.398056,-22.530694
Coryphospingus_cucullatus,2006,,,-48.46,-23.29
Coryphospingus_cucullatus,2003,65,4.84,-52.53671,-32.538503
Coryphospingus_cucullatus,2010,64,,-48.433333,-23.266667
Coryphospingus_cucullatus,2004,58,,-51.302929,-30.051014
Coryphospingus_cucullatus,2010,65.5,,-48.433333,-23.266667
Coryphospingus_cucullatus,2009,,,-48.433333,-23.266667
Coryphospingus_cucullatus,2013,60.2,,-54.487792,-25.619635
Coryphospingus_cucullatus,2012,70,16.3,-52.516667,-26.65
Coryphospingus_cucullatus,2005,58,,-51.302929,-30.051014
Coryphospingus_cucullatus,2016,56,8.8,-47.403056,-23.24
Coryphospingus_cucullatus,2005,68,,-48.46,-23.29
Coryphospingus_cucullatus,2004,64.4,,-49.356283,-25.583954
Coryphospingus_cucullatus,2010,60,7.1,-54.229395,-23.068434
Coryphospingus_cucullatus,2009,64,7.2,-51.983333,-26.833333
Coryphospingus_cucullatus,2008,62,7.5,-52.3438,-26.9594
Coryphospingus_cucullatus,2005,61,,-51.302929,-30.051014
Coryphospingus_cucullatus,2010,,,-48.433333,-23.266667
Coryphospingus_cucullatus,2012,,,-47.543972,-22.396028
Coryphospingus_cucullatus,2004,54,,-51.302929,-30.051014
Coryphospingus_cucullatus,2010,,,-48.433333,-23.266667
Coryphospingus_cucullatus,2010,,,-48.433333,-23.266667
Coryphospingus_cucullatus,2011,58.4,7.92,-47.417778,-22.820556
Coryphospingus_cucullatus,2009,66,7.8,-51.983333,-26.833333
Coryphospingus_cucullatus,2010,65,,-48.433333,-23.266667
Coryphospingus_cucullatus,2005,67,,-48.46,-23.29
Coryphospingus_cucullatus,2006,,,-48.46,-23.29
Coryphospingus_cucullatus,2006,67,,-48.46,-23.29
Coryphospingus_cucullatus,2010,,,-48.433333,-23.266667
Coryphospingus_cucullatus,2003,58,,-51.302929,-30.051014
Coryphospingus_cucullatus,2002,60,,-51.302929,-30.051014
Coryphospingus_cucullatus,2001,64,6.33,-51.302778,-30.048056
Coryphospingus_cucullatus,2010,,,-48.433333,-23.266667
Coryphospingus_cucullatus,2017,65,6.6,-49.398056,-22.530694
Coryphospingus_cucullatus,2014,66,6.3,-49.398056,-22.530694
Coryphospingus_cucullatus,2006,66,,-48.46,-23.29
Coryphospingus_cucullatus,2010,60,,-48.433333,-23.266667
Coryphospingus_cucullatus,2009,60,,-48.433333,-23.266667
Coryphospingus_cucullatus,2012,61,7.6,-47.417778,-22.820556
Coryphospingus_cucullatus,2017,55,8.4,-47.409444,-23.2475
Coryphospingus_cucullatus,2004,58,,-51.302929,-30.051014
Coryphospingus_cucullatus,2005,58,,-51.302929,-30.051014
Coryphospingus_cucullatus,2014,62.4,,-47.86827,-21.1547
Coryphospingus_cucullatus,2006,,,-48.46,-23.29
Coryphospingus_cucullatus,2006,61,,-48.46,-23.29
Coryphospingus_cucullatus,2007,56,7.46,-48.054843,-20.091019
Coryphospingus_cucullatus,2005,60,,-48.46,-23.29
Coryphospingus_cucullatus,2006,,,-48.46,-23.29
Coryphospingus_cucullatus,2010,,,-48.433333,-23.266667
Coryphospingus_cucullatus,2006,,,-48.46,-23.29
Coryphospingus_cucullatus,2003,64,4.53,-52.53671,-32.538503
Coryphospingus_cucullatus,2009,62.5,,-48.433333,-23.266667
Coryphospingus_cucullatus,2008,60,4.76,-50.293748,-20.474071
Coryphospingus_cucullatus,2015,60.9,,-47.86805,-21.15444
Coryphospingus_cucullatus,2010,64.5,,-48.433333,-23.266667
Coryphospingus_cucullatus,2010,64,,-48.433333,-23.266667
Coryphospingus_cucullatus,2010,69,,-48.433333,-23.266667
Coryphospingus_cucullatus,2006,,,-48.46,-23.29
Coryphospingus_cucullatus,2006,,,-48.46,-23.29
Coryphospingus_cucullatus,2010,,,-48.433333,-23.266667
Coryphospingus_cucullatus,2004,60,,-51.302929,-30.051014
Coryphospingus_cucullatus,2012,68,8,-47.417778,-22.820556
Coryphospingus_cucullatus,2010,68,,-48.433333,-23.266667
Coryphospingus_cucullatus,2009,67,,-48.433333,-23.266667
Coryphospingus_cucullatus,2006,61,,-48.46,-23.29
Coryphospingus_cucullatus,2009,65,,-48.433333,-23.266667
Coryphospingus_cucullatus,2014,66,5.5,-49.398056,-22.530694
Coryphospingus_cucullatus,2015,60,7.88,-56.661151,-20.849214
Coryphospingus_cucullatus,2014,59,6.4,-49.398056,-22.530694
Coryphospingus_cucullatus,2010,63,,-48.433333,-23.266667
Coryphospingus_cucullatus,2015,,,-47.543972,-22.396028
Coryphospingus_cucullatus,2010,66,,-48.498056,-27.475556
Coryphospingus_cucullatus,2012,65,5.83,-53.632701,-29.714065
Coryphospingus_cucullatus,2006,,,-48.46,-23.29
Coryphospingus_cucullatus,2012,60,6.8,-47.417778,-22.820556
Coryphospingus_cucullatus,2015,62,8.57,-56.661151,-20.849214
Coryphospingus_cucullatus,2010,,,-48.433333,-23.266667
Coryphospingus_cucullatus,2010,69,,-48.433333,-23.266667
Coryphospingus_cucullatus,2010,63.5,,-48.433333,-23.266667
Coryphospingus_cucullatus,2003,54.5,,-51.302929,-30.051014
Coryphospingus_cucullatus,2017,,,-47.543972,-22.396028
Coryphospingus_cucullatus,2003,61,4.16,-52.53671,-32.538503
Coryphospingus_cucullatus,2003,57.5,,-51.302929,-30.051014
Coryphospingus_cucullatus,2010,,,-48.433333,-23.266667
Coryphospingus_cucullatus,2010,62,,-48.433333,-23.266667
Coryphospingus_cucullatus,2014,62.3,,-54.487792,-25.619635
Coryphospingus_cucullatus,2010,65,,-48.433333,-23.266667
Coryphospingus_cucullatus,2006,60,,-51.302929,-30.051014
Coryphospingus_cucullatus,2008,61.5,7.9,-52.3438,-26.9594
Coryphospingus_cucullatus,2009,,,-48.433333,-23.266667
Coryphospingus_cucullatus,2003,57,,-51.302929,-30.051014
Coryphospingus_cucullatus,2014,63.1,,-47.86827,-21.1547
Knipolegus_cyanirostris,2004,84,,-52.17,-32.07
Knipolegus_cyanirostris,2017,63,,-50.186006,-29.499814
Knipolegus_cyanirostris,2004,,,-52.17,-32.07
Knipolegus_cyanirostris,1999,,,-50.178939,-29.482107
Knipolegus_cyanirostris,2004,77,5.31,-52.53671,-32.538503
Knipolegus_cyanirostris,2004,80,5.7,-52.53671,-32.538503
Knipolegus_cyanirostris,2014,70,,-49.636667,-28.160833
Knipolegus_cyanirostris,2005,71,,-51.302929,-30.051014
Knipolegus_cyanirostris,2014,80,,-49.618889,-28.1525
Knipolegus_cyanirostris,2015,74,,-49.636667,-28.160833
Knipolegus_cyanirostris,2005,67,,-51.302929,-30.051014
Knipolegus_cyanirostris,2015,,,-49.636667,-28.160833
Knipolegus_cyanirostris,2016,65,,-50.171519,-29.478818
Knipolegus_cyanirostris,2015,75,,-49.636667,-28.160833
Knipolegus_cyanirostris,1999,,,-50.178938,-29.482106
Knipolegus_cyanirostris,2002,79,5.14,-52.53671,-32.538503
Knipolegus_cyanirostris,2017,71.2,,-50.178935,-29.482103
Knipolegus_cyanirostris,2016,62,,-50.178935,-29.482103
Knipolegus_cyanirostris,2014,80,,-49.618889,-28.1525
Knipolegus_cyanirostris,2017,70.7,,-50.162407,-29.472434
Knipolegus_cyanirostris,2013,71,6.9,-41.74221111,-20.49504444
Knipolegus_cyanirostris,2015,80,,-49.641667,-28.153056
Knipolegus_cyanirostris,2015,73,,-49.636667,-28.160833
Knipolegus_cyanirostris,2016,60,,-50.178935,-29.482103
Knipolegus_cyanirostris,2014,80,,-49.641667,-28.153056
Knipolegus_cyanirostris,2009,80,9.9,-49.15,-27.1
Knipolegus_cyanirostris,2003,68,,-42.742133,-22.358133
Knipolegus_cyanirostris,2004,64.5,,-51.302929,-30.051014
Knipolegus_cyanirostris,2015,78,,-49.641667,-28.153056
Knipolegus_cyanirostris,2015,79,,-49.641667,-28.153056
Knipolegus_cyanirostris,2012,78,6.7,-41.84374722,-20.41793889
Knipolegus_cyanirostris,2014,75,,-49.618889,-28.1525
Knipolegus_cyanirostris,2005,63,,-51.302929,-30.051014
Knipolegus_cyanirostris,2006,72,,-51.302929,-30.051014
Knipolegus_cyanirostris,2006,63.5,,-51.302929,-30.051014
Knipolegus_cyanirostris,2003,75,,-43.29155,-22.449367
Knipolegus_cyanirostris,2015,79,,-49.618889,-28.1525
Knipolegus_cyanirostris,2013,84,,-50.723722,-28.285222
Knipolegus_cyanirostris,2004,72.5,,-51.302929,-30.051014
Knipolegus_cyanirostris,2015,77,,-49.636667,-28.160833
Knipolegus_cyanirostris,2004,,,-52.17,-32.07
Knipolegus_cyanirostris,2016,62.5,,-50.18545,-29.491353
Knipolegus_cyanirostris,2012,,,-48.992205,-25.49548
Knipolegus_cyanirostris,2004,71,,-42.263883,-22.32395
Knipolegus_cyanirostris,2005,65.5,,-51.302929,-30.051014
Knipolegus_cyanirostris,2003,74,,-43.29155,-22.449367
Knipolegus_cyanirostris,2003,75,,-43.29155,-22.449367
Knipolegus_cyanirostris,2015,81,,-49.618889,-28.1525
Knipolegus_cyanirostris,2014,72,,-49.636667,-28.160833
Knipolegus_cyanirostris,2015,74,,-49.636667,-28.160833
Knipolegus_cyanirostris,2003,79,5.25,-52.53671,-32.538503
Knipolegus_cyanirostris,2017,68.2,,-50.162407,-29.472434
Knipolegus_cyanirostris,2015,,,-43.5072,-20.0806
Knipolegus_cyanirostris,2016,62,,-50.18545,-29.491353
Knipolegus_cyanirostris,2015,80,,-49.618889,-28.1525
Pyrrhocoma_ruficeps,2013,66,7,-50.6967,-24.1431
Pyrrhocoma_ruficeps,2012,57,,-50.6967,-24.1431
Pyrrhocoma_ruficeps,2012,58,,-50.6967,-24.1431
Pyrrhocoma_ruficeps,2016,66,,-50.171519,-29.478818
Pyrrhocoma_ruficeps,2009,64,7.7,-51.983333,-26.833333
Pyrrhocoma_ruficeps,2013,56,8.5,-50.6967,-24.1431
Pyrrhocoma_ruficeps,2012,54,8,-50.6967,-24.1431
Pyrrhocoma_ruficeps,2012,,,-47.70173,-22.48051
Pyrrhocoma_ruficeps,2016,63,,-50.18545,-29.491353
Pyrrhocoma_ruficeps,2011,,,-50.6967,-24.1431
Pyrrhocoma_ruficeps,2010,61,10.5,-50.6967,-24.1431
Pyrrhocoma_ruficeps,2016,60,,-50.171519,-29.478818
Pyrrhocoma_ruficeps,2010,65,9.2,-50.6967,-24.1431
Pyrrhocoma_ruficeps,2016,62,,-50.171519,-29.478818
Pyrrhocoma_ruficeps,2012,66,9.1,-50.6967,-24.1431
Pyrrhocoma_ruficeps,2012,61,,-50.6967,-24.1431
Pyrrhocoma_ruficeps,2012,62,,-50.6967,-24.1431
Pyrrhocoma_ruficeps,2012,,,-50.6967,-24.1431
Pyrrhocoma_ruficeps,2010,62,11.6,-50.6967,-24.1431
Pyrrhocoma_ruficeps,2012,,,-47.68371,-22.56855
Pyrrhocoma_ruficeps,2017,61,,-50.162407,-29.472434
Pyrrhocoma_ruficeps,2013,61,9,-50.6967,-24.1431
Pyrrhocoma_ruficeps,2012,64,,-50.901139,-28.007167
Pyrrhocoma_ruficeps,2011,,,-50.6967,-24.1431
Pyrrhocoma_ruficeps,2012,65,,-50.901139,-28.007167
Pyrrhocoma_ruficeps,2012,60,,-50.851889,-28.031444
Pyrrhocoma_ruficeps,2012,62,,-50.6967,-24.1431
Pyrrhocoma_ruficeps,2010,61,6.8,-50.6967,-24.1431
Pyrrhocoma_ruficeps,2012,62,,-49.405145,-28.599546
Pyrrhocoma_ruficeps,2007,61,7.1,-49.483333,-26.7
Pyrrhocoma_ruficeps,2012,62,,-50.6967,-24.1431
Pyrrhocoma_ruficeps,2010,71,9.6,-50.6973,-24.1445
Pyrrhocoma_ruficeps,2012,62,,-50.6967,-24.1431
Pyrrhocoma_ruficeps,2011,,,-50.6967,-24.1431
Pyrrhocoma_ruficeps,2014,60,,-50.851889,-28.031444
Pyrrhocoma_ruficeps,2013,,,-50.6967,-24.1431
Pyrrhocoma_ruficeps,2014,63,,-50.851889,-28.031444
Pyrrhocoma_ruficeps,2010,63,6.8,-50.6967,-24.1431
Pyrrhocoma_ruficeps,2013,64,,-50.901139,-28.007167
Pyrrhocoma_ruficeps,2013,61,9.2,-50.6967,-24.1431
Pyrrhocoma_ruficeps,2013,60,8,-50.6967,-24.1431
Pyrrhocoma_ruficeps,2013,64,,-50.901139,-28.007167
Pyrrhocoma_ruficeps,2013,57,8.9,-50.6967,-24.1431
Pyrrhocoma_ruficeps,2011,66,8.1,-50.6973,-24.1445
Pyrrhocoma_ruficeps,2012,,,-50.6967,-24.1431
Pyrrhocoma_ruficeps,2012,65,6.8,-50.6967,-24.1431
Pyrrhocoma_ruficeps,2013,65,,-50.901139,-28.007167
Pyrrhocoma_ruficeps,2012,67,,-50.901139,-28.007167
Pyrrhocoma_ruficeps,2011,,,-50.6967,-24.1431
Pyrrhocoma_ruficeps,2009,71,8.7,-51.958402,-26.758381
Pyrrhocoma_ruficeps,2011,,,-50.6967,-24.1431
Pyrrhocoma_ruficeps,2012,62,,-50.6967,-24.1431
Pyrrhocoma_ruficeps,2014,63,,-50.6967,-24.1431
Sporophila_caerulescens,2010,56,,-40.416861,-20.588917
Sporophila_caerulescens,2010,56,7.1,-54.198213,-23.037761
Sporophila_caerulescens,2010,54.6,,-40.416611,-20.589722
Sporophila_caerulescens,2005,56,,-48.46,-23.29
Sporophila_caerulescens,2006,58,,-47.684,-23.915
Sporophila_caerulescens,2012,55.9,,-49.356283,-25.583954
Sporophila_caerulescens,2010,,,-48.433333,-23.266667
Sporophila_caerulescens,2010,58,,-48.433333,-23.266667
Sporophila_caerulescens,2011,56.1,,-49.356283,-25.583954
Sporophila_caerulescens,2011,52.4,,-40.426806,-20.59575
Sporophila_caerulescens,2010,60,,-48.433333,-23.266667
Sporophila_caerulescens,2016,51.3,,-50.171519,-29.478818
Sporophila_caerulescens,2010,53.9,,-40.416861,-20.588917
Sporophila_caerulescens,2010,55,,-48.433333,-23.266667
Sporophila_caerulescens,2010,55.5,,-48.433333,-23.266667
Sporophila_caerulescens,2010,56.3,,-40.416861,-20.588917
Sporophila_caerulescens,2012,,,-48.992205,-25.49548
Sporophila_caerulescens,2010,,,-48.433333,-23.266667
Sporophila_caerulescens,2010,49,,-40.416861,-20.588917
Sporophila_caerulescens,2011,,,-42.8878,-21.9322
Sporophila_caerulescens,2010,54.6,,-40.416861,-20.588917
Sporophila_caerulescens,2014,57.3,,-47.85748,-21.16624
Sporophila_caerulescens,2003,53.4,,-49.348803,-25.589976
Sporophila_caerulescens,2010,53.9,,-40.416861,-20.588917
Sporophila_caerulescens,2009,60,,-48.433333,-23.266667
Sporophila_caerulescens,2006,52,,-49.356283,-25.583954
Sporophila_caerulescens,2010,56.5,,-48.433333,-23.266667
Sporophila_caerulescens,2010,52.7,,-40.416861,-20.588917
Sporophila_caerulescens,2006,48.5,,-51.302929,-30.051014
Sporophila_caerulescens,2007,57.5,7,-49.5,-27.116667
Sporophila_caerulescens,2010,59,,-40.426806,-20.59575
Sporophila_caerulescens,2012,,,-48.992205,-25.49548
Sporophila_caerulescens,2006,56,,-48.46,-23.29
Sporophila_caerulescens,2002,57.2,,-49.348803,-25.589976
Sporophila_caerulescens,2017,,8.38,-47.59813,-22.21768
Sporophila_caerulescens,2008,55.1,,-49.356283,-25.583954
Sporophila_caerulescens,2010,58,,-48.433333,-23.266667
Sporophila_caerulescens,2012,,,-48.992205,-25.49548
Sporophila_caerulescens,1997,54.3,,-48.422847,-25.356797
Sporophila_caerulescens,2004,56.1,,-49.348803,-25.589976
Sporophila_caerulescens,2010,46.9,,-40.416861,-20.588917
Sporophila_caerulescens,2010,54,,-48.433333,-23.266667
Sporophila_caerulescens,2010,59,,-48.433333,-23.266667
Sporophila_caerulescens,2002,58,5.8,-52.53671,-32.538503
Sporophila_caerulescens,2010,,,-48.433333,-23.266667
Sporophila_caerulescens,2006,57,,-47.684,-23.915
Sporophila_caerulescens,2010,52.4,,-40.416861,-20.588917
Sporophila_caerulescens,2010,58.5,,-48.433333,-23.266667
Sporophila_caerulescens,2010,57.1,,-49.356283,-25.583954
Sporophila_caerulescens,2010,56,4,-54.229395,-23.068434
Sporophila_caerulescens,2006,,,-48.46,-23.29
Sporophila_caerulescens,2003,61,5.64,-52.53671,-32.538503
Sporophila_caerulescens,2010,58.5,,-48.433333,-23.266667
Sporophila_caerulescens,2006,56,,-48.46,-23.29
Sporophila_caerulescens,2010,55,,-40.416861,-20.588917
Sporophila_caerulescens,2010,57,,-48.433333,-23.266667
Sporophila_caerulescens,2006,58,,-48.46,-23.29
Sporophila_caerulescens,2010,58,,-48.433333,-23.266667
Sporophila_caerulescens,2010,58,,-48.433333,-23.266667
Sporophila_caerulescens,2012,,,-48.992205,-25.49548
Sporophila_caerulescens,2002,57.9,,-49.348803,-25.589976
Sporophila_caerulescens,2007,58.7,,-49.356283,-25.583954
Sporophila_caerulescens,2010,54.8,,-40.426806,-20.59575
Sporophila_caerulescens,2010,60,,-48.433333,-23.266667
Sporophila_caerulescens,2010,58,,-48.433333,-23.266667
Sporophila_caerulescens,2010,57.6,,-40.416861,-20.588917
Sporophila_caerulescens,2002,,,-49.348803,-25.589976
Sporophila_caerulescens,2010,60,,-48.433333,-23.266667
Sporophila_caerulescens,2010,57,,-48.433333,-23.266667
Sporophila_caerulescens,2010,58,,-48.433333,-23.266667
Sporophila_caerulescens,2001,54,7.3,-49.266667,-26.816667
Sporophila_caerulescens,2012,,,-48.992205,-25.49548
Sporophila_caerulescens,2012,,,-43.9897,-19.9214
Sporophila_caerulescens,2003,57.9,6.2,-49.15,-27.016667
Sporophila_caerulescens,2014,53.6,,-47.85748,-21.16624
Sporophila_caerulescens,2010,58,,-48.433333,-23.266667
Sporophila_caerulescens,2012,60,,-53.28,-32.91
Sporophila_caerulescens,2010,57,,-48.433333,-23.266667
Sporophila_caerulescens,2010,60.5,,-48.433333,-23.266667
Sporophila_caerulescens,1997,54,,-48.422847,-25.356797
Sporophila_caerulescens,2004,55.2,,-49.356283,-25.583954
Sporophila_caerulescens,2010,57,,-48.433333,-23.266667
Sporophila_caerulescens,2010,55.9,,-40.416861,-20.588917
Sporophila_caerulescens,2016,,,-50.178935,-29.482103
Sporophila_caerulescens,2003,61,5.5,-52.53671,-32.538503
Sporophila_caerulescens,2010,51.1,,-40.416861,-20.588917
Sporophila_caerulescens,2007,57.7,,-49.356283,-25.583954
Sporophila_caerulescens,2009,50,,-48.433333,-23.266667
Sporophila_caerulescens,2010,61,,-48.433333,-23.266667
Sporophila_caerulescens,2012,56,7,-47.417778,-22.820556
Sporophila_caerulescens,2010,58,,-48.433333,-23.266667
Sporophila_caerulescens,2010,53.9,,-40.416861,-20.588917
Sporophila_caerulescens,2010,58,6.4,-52.54428,-26.599935
Sporophila_caerulescens,2004,60,5.83,-52.53671,-32.538503
Sporophila_caerulescens,2005,63,,-48.46,-23.29
Sporophila_caerulescens,2012,,,-48.992205,-25.49548
Sporophila_caerulescens,2009,57,,-48.433333,-23.266667
Sporophila_caerulescens,2015,57,6.63,-56.891106,-20.519572
Sporophila_caerulescens,2000,63,7.07,-49.166667,-26.733333
Sporophila_caerulescens,2010,61,,-48.433333,-23.266667
Sporophila_caerulescens,2010,52.4,,-40.416861,-20.588917
Sporophila_caerulescens,2002,56.4,,-49.348803,-25.589976
Sporophila_caerulescens,2004,54,6.13,-52.53671,-32.538503
Sporophila_caerulescens,2010,68.5,,-48.433333,-23.266667
Sporophila_caerulescens,2016,49.5,,-50.178935,-29.482103
Sporophila_caerulescens,2002,58.3,,-49.348803,-25.589976
Sporophila_caerulescens,2010,52.2,,-49.356283,-25.583954
Sporophila_caerulescens,2009,59.5,,-48.433333,-23.266667
Sporophila_caerulescens,2010,,,-48.433333,-23.266667
Sporophila_caerulescens,2010,59,,-48.433333,-23.266667
Pachyramphus_polychopterus,2010,78.9,,-49.356283,-25.583954
Pachyramphus_polychopterus,2016,72,9.9,-34.9418676147,-8.0024407527
Pachyramphus_polychopterus,2012,,,-35.18,-5.92
Pachyramphus_polychopterus,2013,,,-35.18,-5.92
Pachyramphus_polychopterus,2010,71,8.8,-35.144167,-6.741389
Pachyramphus_polychopterus,2013,,,-35.18,-5.92
Pachyramphus_polychopterus,1998,80.1,,-48.422847,-25.356797
Pachyramphus_polychopterus,2010,,,-43.4881,-20.0978
Pachyramphus_polychopterus,2011,,,-35.18,-5.92
Pachyramphus_polychopterus,2014,74,,-49.671408,-28.649798
Pachyramphus_polychopterus,2012,76.6,,-44.4072,-19.8786
Pachyramphus_polychopterus,2006,59.5,,-51.302929,-30.051014
Pachyramphus_polychopterus,1993,,,-48.9856,-27.6854
Pachyramphus_polychopterus,2012,75,,-35.126,-6.700556
Pachyramphus_polychopterus,2009,87,9.2,-35.144167,-6.741389
Pachyramphus_polychopterus,2007,74.8,,-49.356283,-25.583954
Pachyramphus_polychopterus,2013,78,,-50.901139,-28.007167
Pachyramphus_polychopterus,2015,84,9.77,-56.638121,-20.494894
Pachyramphus_polychopterus,2011,,,-35.18,-5.92
Pachyramphus_polychopterus,2004,82.7,,-49.356283,-25.583954
Pachyramphus_polychopterus,2009,75,9.4,-35.144167,-6.741389
Pachyramphus_polychopterus,2013,,,-35.18,-5.92
Pachyramphus_polychopterus,2011,,,-35.18,-5.92
Pachyramphus_polychopterus,2006,82,,-47.81,-23.95
Pachyramphus_polychopterus,2014,,,-35.18,-5.92
Pachyramphus_polychopterus,2013,,,-35.18,-5.92
Pachyramphus_polychopterus,2006,61,,-51.302929,-30.051014
Pachyramphus_polychopterus,2000,77,,-43.5326,-23.0476
Pachyramphus_polychopterus,2009,,,-44.4336,-20.1306
Pachyramphus_polychopterus,2005,60.5,,-51.302929,-30.051014
Pachyramphus_polychopterus,2006,79.8,,-48.541493,-25.587558
Pachyramphus_polychopterus,2006,72,9.4,-35.139925,-6.741965
Pachyramphus_polychopterus,2013,78,8.4,-42.819081,-22.647121
Pachyramphus_polychopterus,2012,77,,-49.403256,-28.600583
Pachyramphus_polychopterus,2013,,,-35.18,-5.92
Pachyramphus_polychopterus,2000,81,7.73,-52.342039,-31.712679
Pachyramphus_polychopterus,2012,,,-42.033417,-22.424508
Pachyramphus_polychopterus,2013,,,-35.18,-5.92
Pachyramphus_polychopterus,2012,,,-35.18,-5.92
Pachyramphus_polychopterus,2001,,,-44.193483,-23.182683
Pachyramphus_polychopterus,2010,75,9.2,-35.144167,-6.741389
Pachyramphus_polychopterus,2011,,,-35.144167,-6.741389
Pachyramphus_polychopterus,2011,,,-35.144167,-6.741389
Pachyramphus_polychopterus,2011,,,-35.18,-5.92
Pachyramphus_polychopterus,2001,80.2,6.4,-48.812205,-27.768275
Pachyramphus_polychopterus,2013,,,-35.18,-5.92
Pachyramphus_polychopterus,2010,,,-35.18,-5.92
Pachyramphus_polychopterus,2014,,,-35.18,-5.92
Pachyramphus_polychopterus,2011,,,-35.144167,-6.741389
Pachyramphus_polychopterus,2012,76,,-49.403256,-28.600583
Pachyramphus_polychopterus,2011,,,-35.18,-5.92
Pachyramphus_polychopterus,1993,,,-48.9856,-27.6854
Pachyramphus_polychopterus,2010,72,,-35.144167,-6.741389
Pachyramphus_polychopterus,2002,81.2,,-49.356283,-25.583954
Pachyramphus_polychopterus,2012,,,-35.18,-5.92
Pachyramphus_polychopterus,2009,,,-36.368611,-10.413056
Pachyramphus_polychopterus,2010,72,,-46.016667,-23.033333
Pachyramphus_polychopterus,2011,,,-35.18,-5.92
Pachyramphus_polychopterus,2006,75,9.6,-35.139925,-6.741965
Pachyramphus_polychopterus,2013,,,-35.18,-5.92
Pachyramphus_polychopterus,2000,77,11.7,-49.083333,-27.05
Pachyramphus_polychopterus,2015,71,10,-40.15262778,-19.03415833
Pachyramphus_polychopterus,2000,72,,-43.5326,-23.0476
Pachyramphus_polychopterus,2011,,,-35.18,-5.92
Pachyramphus_polychopterus,2005,86,,-48.46,-23.29
Carpornis_cucullata,2012,,,-48.992205,-25.49548
Carpornis_cucullata,2000,,11,-48.364722,-24.304722
Carpornis_cucullata,2012,,,-48.992205,-25.49548
Carpornis_cucullata,2013,115,18.3,-49.358244,-26.948522
Carpornis_cucullata,2004,115,10.2,-49.083333,-27.05
Carpornis_cucullata,2017,91,,-50.162407,-29.472434
Carpornis_cucullata,2001,,,-48.40777778,-24.278333
Carpornis_cucullata,2004,102,13.9,-42.98,-22.41
Carpornis_cucullata,2001,,,-48.40777778,-24.278333
Carpornis_cucullata,2017,99.5,,-50.178935,-29.482103
Carpornis_cucullata,2010,116,12.8,-49.066667,-26.9
Carpornis_cucullata,2001,,10,-48.40777778,-24.278333
Carpornis_cucullata,2000,118,12.6,-49.266667,-26.816667
Carpornis_cucullata,2013,,,-48.992205,-25.49548
Carpornis_cucullata,2001,,11.4,-48.40777778,-24.278333
Carpornis_cucullata,2005,110,12,-49.166667,-26.733333
Carpornis_cucullata,2001,,,-48.40777778,-24.278333
Carpornis_cucullata,2003,118,17.5,-49.394472,-26.6044
Carpornis_cucullata,2017,115,,-50.186006,-29.499814
Carpornis_cucullata,2001,,11.7,-48.40777778,-24.278333
Carpornis_cucullata,2002,112.5,,-48.541493,-25.587558
Carpornis_cucullata,2008,119,15.9,-49.666667,-26.7
Carpornis_cucullata,2002,,11.4,-48.40777778,-24.278333
Carpornis_cucullata,2017,,,-50.186006,-29.499814
Carpornis_cucullata,2016,120,19,-49.066667,-26.9
Carpornis_cucullata,2012,,13.9,-47.949986,-24.16386
Carpornis_cucullata,2001,,12.8,-48.40777778,-24.278333
Carpornis_cucullata,2017,95,,-50.178935,-29.482103
Carpornis_cucullata,2001,,9.5,-48.40777778,-24.278333
Carpornis_cucullata,2001,,,-48.40777778,-24.278333
Carpornis_cucullata,2012,111,13.75,-47.949986,-24.16386
Carpornis_cucullata,2001,,,-48.40777778,-24.278333
Carpornis_cucullata,2001,,11.7,-48.40777778,-24.278333
Carpornis_cucullata,2001,,11.9,-48.40777778,-24.278333
Carpornis_cucullata,2005,116,,-47.684,-23.915
Turdus_nigriceps,2012,105,,-50.851889,-28.031444
Turdus_nigriceps,2013,,,-43.4881,-20.0975
Turdus_nigriceps,2013,116.2,,-44.41,-19.8886
Turdus_nigriceps,2012,,,-43.7431,-20.4578
Turdus_nigriceps,2012,108,,-50.901139,-28.007167
Turdus_nigriceps,1992,,,-49.066667,-27.15
Turdus_nigriceps,2012,104,,-50.901139,-28.007167
Turdus_nigriceps,2013,105,,-50.901139,-28.007167
Turdus_nigriceps,1997,104,,-48.422847,-25.356797
Turdus_nigriceps,2012,106,,-50.851889,-28.031444
Turdus_nigriceps,2011,111,11,-49.066667,-26.9
Turdus_nigriceps,2015,109,11.82,-56.628816,-21.109779
Turdus_nigriceps,2013,105,,-50.901139,-28.007167
Turdus_nigriceps,2016,81,,-50.178935,-29.482103
Turdus_nigriceps,2012,115,,-50.723722,-28.285222
Turdus_nigriceps,2009,112,10.8,-49.066667,-26.9
Turdus_nigriceps,2012,109,,-50.901139,-28.007167
Turdus_nigriceps,2013,105,,-50.901139,-28.007167
Turdus_nigriceps,2016,104,,-49.636667,-28.160833
Turdus_nigriceps,2011,,,-42.5767,-16.01
Turdus_nigriceps,2011,112,12,-49.066667,-26.9
Turdus_nigriceps,2012,106,,-50.723722,-28.285222
Turdus_nigriceps,2012,107,,-50.901139,-28.007167
Turdus_nigriceps,2011,116,15,-49.066667,-26.9
Turdus_nigriceps,2012,108,,-50.901139,-28.007167
Turdus_nigriceps,2013,113,,-50.723722,-28.285222
Turdus_nigriceps,2013,104.8,,-44.41,-19.8886
Turdus_nigriceps,2008,113,11.6,-49.666667,-26.7
Turdus_nigriceps,2011,106,12.5,-49.066667,-26.9
Turdus_nigriceps,2012,110,,-50.901139,-28.007167
Turdus_nigriceps,2006,111,13.42,-49.066667,-26.9
Turdus_nigriceps,2005,96,10.4,-49.067206,-26.917941
Turdus_nigriceps,2012,112,,-50.901139,-28.007167
Turdus_nigriceps,2008,109,5.25,-48.054843,-20.091019
Turdus_nigriceps,2015,107,,-49.636667,-28.160833
Turdus_nigriceps,2011,115,15,-49.066667,-26.9
Turdus_nigriceps,2013,116.7,,-44.41,-19.8886
Turdus_nigriceps,2013,101,,-50.723722,-28.285222
Turdus_nigriceps,2012,115,,-50.901139,-28.007167
Turdus_nigriceps,2015,,,-43.3958,-18.8556
Turdus_nigriceps,2006,110,,-47.81,-23.95
Turdus_nigriceps,2010,,,-43.9925,-19.9192
Turdus_nigriceps,2012,,,-44.2781,-20.1339
Turdus_nigriceps,2010,,,-43.8322,-20.1694
Turdus_nigriceps,2002,115.2,5.7,-49.221108,-25.951109
Turdus_nigriceps,2017,111,9.4,-49.398056,-22.530694
Turdus_nigriceps,2012,,,-43.9922,-19.9194
Turdus_nigriceps,2012,,,-47.60982,-22.292
Turdus_nigriceps,2005,106.4,12,-49.066667,-26.9
Turdus_nigriceps,2016,,,-50.984421,-27.630719
Turdus_nigriceps,2012,106,,-50.901139,-28.007167
Turdus_nigriceps,2012,109,,-50.723722,-28.285222
Turdus_nigriceps,2012,115,,-50.723722,-28.285222
Turdus_nigriceps,2012,108,,-50.723722,-28.285222
Tyrannus_savana,2014,100,7.2,-47.15,-22.05
Tyrannus_savana,2014,111,6.1,-47.15,-22.05
Tyrannus_savana,1999,111,10.6,-49.17027,-26.77639
Tyrannus_savana,2013,98,6.4,-47.15,-22.05
Tyrannus_savana,2013,100,6.6,-47.15,-22.05
Tyrannus_savana,2015,106,6.2,-47.15,-22.05
Tyrannus_savana,2013,115,6.7,-47.15,-22.05
Tyrannus_savana,2013,108,6.5,-47.15,-22.05
Tyrannus_savana,2014,104,6.6,-47.15,-22.05
Tyrannus_savana,2008,105,8.3,-48.916667,-26.883333
Tyrannus_savana,2014,113,,-47.15,-22.05
Tyrannus_savana,2013,106,5.8,-47.15,-22.05
Tyrannus_savana,2016,102,,-47.15,-22.05
Tyrannus_savana,2012,,,-43.4717,-20
Tyrannus_savana,2013,105,6.5,-47.15,-22.05
Tyrannus_savana,2014,103,6.2,-47.15,-22.05
Tyrannus_savana,2013,106,6,-47.15,-22.05
Tyrannus_savana,2013,105,6.5,-47.15,-22.05
Tyrannus_savana,2013,105,6.2,-47.15,-22.05
Tyrannus_savana,2013,109,6.9,-47.15,-22.05
Tyrannus_savana,2013,110,6.8,-47.15,-22.05
Tyrannus_savana,2013,107,6,-47.15,-22.05
Tyrannus_savana,2015,113,6.5,-47.15,-22.05
Tyrannus_savana,2013,99,6.8,-47.15,-22.05
Tyrannus_savana,2014,106,6.3,-47.15,-22.05
Tyrannus_savana,2014,109,6,-47.15,-22.05
Tyrannus_savana,2014,107,6.6,-47.15,-22.05
Tyrannus_savana,2014,,,-47.15,-22.05
Tyrannus_savana,2013,111,6.4,-47.15,-22.05
Tyrannus_savana,2014,110,6.9,-47.15,-22.05
Tyrannus_savana,2013,99,6.9,-47.15,-22.05
Tyrannus_savana,2014,102,6.4,-47.15,-22.05
Tyrannus_savana,2013,,6.1,-47.15,-22.05
Tyrannus_savana,2015,99,6.5,-47.15,-22.05
Tyrannus_savana,2014,101,6.8,-47.15,-22.05
Tyrannus_savana,2014,113,6.8,-47.15,-22.05
Tyrannus_savana,2014,113,8.1,-47.15,-22.05
Tyrannus_savana,2015,115,6.8,-47.15,-22.05
Tyrannus_savana,2013,113,7,-47.15,-22.05
Tyrannus_savana,2013,109,,-47.15,-22.05
Tyrannus_savana,2013,108,6.5,-47.15,-22.05
Tyrannus_savana,2014,117,6.2,-47.15,-22.05
Tyrannus_savana,2014,109,6.2,-47.15,-22.05
Tyrannus_savana,2016,,,-47.15,-22.05
Tyrannus_savana,2013,111,6.1,-47.15,-22.05
Tyrannus_savana,2015,102,,-47.15,-22.05
Tyrannus_savana,2015,109,,-47.15,-22.05
Tyrannus_savana,2015,105,,-47.15,-22.05
Tyrannus_savana,2014,108,5.8,-47.15,-22.05
Tyrannus_savana,2013,110,7,-47.15,-22.05
Tyrannus_savana,2015,101,6.7,-47.15,-22.05
Tyrannus_savana,2013,103,6.7,-47.15,-22.05
Tyrannus_savana,1999,112,12.3,-49.166667,-26.733333
Tyrannus_savana,2014,103,5.6,-47.15,-22.05
Tyrannus_savana,2014,111,6.2,-47.15,-22.05
Tyrannus_savana,2014,111,6.8,-47.15,-22.05
Tyrannus_savana,2015,112,7.4,-47.15,-22.05
Tyrannus_savana,2006,105,7.7,-52.494182,-26.584981
Tyrannus_savana,2013,98,6.4,-47.15,-22.05
Tyrannus_savana,2014,104,,-47.15,-22.05
Tyrannus_savana,2014,,,-47.15,-22.05
Tyrannus_savana,2013,101,6.6,-47.15,-22.05
Tyrannus_savana,2015,107,,-47.15,-22.05
Tyrannus_savana,2004,106,8.61,-50.540242,-29.799444
Tyrannus_savana,2013,110,6.6,-47.15,-22.05
Tyrannus_savana,2015,105,7.3,-47.15,-22.05
Tyrannus_savana,2013,101,6.4,-47.15,-22.05
Tyrannus_savana,2015,105,6.9,-47.15,-22.05
Tyrannus_savana,2014,102,5.9,-47.15,-22.05
Tyrannus_savana,2015,101,6.8,-47.15,-22.05
Tyrannus_savana,2013,95,6.1,-47.15,-22.05
Tyrannus_savana,2015,110,6,-47.15,-22.05
Tyrannus_savana,2015,102,6.5,-47.15,-22.05
Tyrannus_savana,2015,108,6.6,-47.15,-22.05
Tyrannus_savana,2014,101,5.8,-47.15,-22.05
Tyrannus_savana,2014,117,6.9,-47.15,-22.05
Tyrannus_savana,2013,112,6.4,-47.15,-22.05
Tyrannus_savana,2014,106,6,-47.15,-22.05
Tyrannus_savana,2013,100,6.9,-47.15,-22.05
Tyrannus_savana,2004,110,7.61,-52.162313,-32.181641
Tyrannus_savana,2015,113,6.9,-47.15,-22.05
Tyrannus_savana,2014,113,6.8,-47.15,-22.05
Tyrannus_savana,2014,102,7,-47.15,-22.05
Tyrannus_savana,2015,105,,-47.15,-22.05
Tyrannus_savana,1999,,,-43.9931,-19.9231
Tyrannus_savana,2013,103,,-47.15,-22.05
Tyrannus_savana,2014,96,6.5,-47.15,-22.05
Tyrannus_savana,2013,97,6,-47.15,-22.05
Drymophila_malura,2002,54.31,3.06,-47,-23.8666
Drymophila_malura,1990,56.22,3.02,-51.65,-27.0666
Drymophila_malura,2010,56,,-48.433333,-23.266667
Drymophila_malura,2010,50,,-48.433333,-23.266667
Drymophila_malura,2010,59,,-48.433333,-23.266667
Drymophila_malura,2013,59,,-50.851889,-28.031444
Drymophila_malura,2017,81,,-50.186006,-29.499814
Drymophila_malura,2009,57,7.3,-49.266667,-27.033333
Drymophila_malura,2010,,,-48.433333,-23.266667
Drymophila_malura,2006,54,,-48.46,-23.29
Drymophila_malura,2011,,,-43.5042,-20.0825
Drymophila_malura,1991,55.26,3.19,-53.3353,-25.1401
Drymophila_malura,2008,54,8,-49.666667,-26.7
Drymophila_malura,2010,55,,-48.433333,-23.266667
Drymophila_malura,1991,55.4,3.25,-49.7058,-24.2511
Drymophila_malura,2010,54,,-48.433333,-23.266667
Drymophila_malura,2004,54.08,2.94,-49.6112,-24.1848
Drymophila_malura,2010,,,-48.433333,-23.266667
Drymophila_malura,2010,55,,-48.433333,-23.266667
Drymophila_malura,2010,,,-48.433333,-23.266667
Drymophila_malura,2010,55,,-48.433333,-23.266667
Drymophila_malura,1991,51.07,3.11,-49.8267,-24.1578
Drymophila_malura,2010,,,-48.433333,-23.266667
Drymophila_malura,1991,54.72,3.03,-51.65,-27.0666
Drymophila_malura,1991,51.47,3.32,-51.6597,-25.6956
Drymophila_malura,1990,53.34,3.2,-48.8833,-25.3667
Drymophila_malura,2006,,,-48.46,-23.29
Drymophila_malura,2010,,,-48.433333,-23.266667
Drymophila_malura,2009,57,6.7,-51.958402,-26.758381
Drymophila_malura,2001,52.94,3.13,-46.4333,-23.8
Drymophila_malura,2001,55.61,3.24,-46.4333,-23.8
Drymophila_malura,1991,54.88,2.88,-51.3467,-26.0175
Drymophila_malura,1992,51.1,3.07,-42.6833,-22.3667
Drymophila_malura,2010,57,,-48.433333,-23.266667
Drymophila_malura,2013,54,,-50.901139,-28.007167
Drymophila_malura,2010,52,,-48.433333,-23.266667
Drymophila_malura,2005,54,,-48.46,-23.29
Drymophila_malura,2008,,,-45.9333,-22.7
Drymophila_malura,1991,57.68,3.29,-51.6597,-25.6956
Drymophila_malura,2010,57,,-48.433333,-23.266667
Drymophila_malura,1999,55,,-50.178935,-29.482103
Drymophila_malura,1991,56.38,3.27,-51.3467,-26.0175
Drymophila_malura,2010,56,,-48.433333,-23.266667
Drymophila_malura,2010,54,,-48.433333,-23.266667
Drymophila_malura,2002,56,8.1,-49.15,-27.016667
Drymophila_malura,2001,53.73,3.2,-45.0914,-21.0908
Drymophila_malura,2006,,,-47.48322,-23.886254
Drymophila_malura,1999,,,-50.178937,-29.482105
Drymophila_malura,2010,53,,-48.433333,-23.266667
Drymophila_malura,1990,52.49,3.11,-42.6239,-22.2765
Drymophila_malura,1991,55.88,3.18,-42.86,-22.38
Drymophila_malura,2013,55,,-50.851889,-28.031444
Drymophila_malura,2006,58,,-48.46,-23.29
Drymophila_malura,2009,55,,-48.433333,-23.266667
Drymophila_malura,1991,53.52,3.16,-42.5167,-22.3333
Drymophila_malura,2006,53,,-48.46,-23.29
Drymophila_malura,1991,56.74,3.21,-51.3467,-26.0175
Drymophila_malura,2010,,,-48.433333,-23.266667
Drymophila_malura,2009,,,-44.3856,-20.1614
Drymophila_malura,2010,50,,-48.433333,-23.266667
Drymophila_malura,2006,53,,-48.46,-23.29
Rhopias_gularis,2015,,,-47.253177,-24.086093
Rhopias_gularis,2012,,3.9,-47.949986,-24.16386
Rhopias_gularis,2005,,,-47.396673,-23.947513
Rhopias_gularis,2005,54,,-43.787333,-22.370933
Rhopias_gularis,2012,52,4,-47.949986,-24.16386
Rhopias_gularis,2015,55,,-46.457653,-23.876918
Rhopias_gularis,2012,53,4.2,-47.949986,-24.16386
Rhopias_gularis,2006,,,-47.405913,-23.96164
Rhopias_gularis,2006,,,-47.405913,-23.96164
Rhopias_gularis,2007,51,,-34.957101,-6.991604
Rhopias_gularis,2001,51,7.3,-48.810668,-27.73223
Rhopias_gularis,2015,55,,-46.369417,-23.842417
Rhopias_gularis,2015,53,,-46.369417,-23.842417
Rhopias_gularis,2017,50,,-47.198404,-24.045634
Rhopias_gularis,2017,,,-47.253177,-24.086093
Rhopias_gularis,2016,,,-47.253177,-24.086093
Rhopias_gularis,2005,,,-47.405913,-23.96164
Rhopias_gularis,2015,53,,-46.369417,-23.842417
Rhopias_gularis,2005,52,,-45.982,-23.633
Rhopias_gularis,2006,,,-47.46575,-23.903054
Rhopias_gularis,2006,,,-47.48322,-23.886254
Rhopias_gularis,2005,,,-47.396673,-23.947513
Rhopias_gularis,2013,55,,-49.671408,-28.649798
Rhopias_gularis,2005,,,-45.982,-23.633
Rhopias_gularis,2006,55,,-47.81,-23.95
Rhopias_gularis,2007,,,-47.46575,-23.903054
Rhopias_gularis,2015,55,,-46.369417,-23.842417
Rhopias_gularis,2012,,5.55,-47.949986,-24.16386
Rhopias_gularis,2002,54.2,,-44.850694,-23.358056
Rhopias_gularis,2006,,,-47.480162,-23.913781
Rhopias_gularis,2012,54,3.8,-47.949986,-24.16386
Rhopias_gularis,2016,49.35,,-48.642632,-25.28218
Rhopias_gularis,2015,52,,-46.369417,-23.842417
Rhopias_gularis,2015,52,,-46.369417,-23.842417
Rhopias_gularis,2006,55,,-45.982,-23.633
Rhopias_gularis,2006,,,-47.460382,-23.851281
Rhopias_gularis,2017,,,-47.245302,-24.06865
Rhopias_gularis,2013,50,6.2,-47.949986,-24.16386
Rhopias_gularis,2006,,,-45.982,-23.633
Rhopias_gularis,2006,,,-47.449741,-23.843869
Rhopias_gularis,2015,51,,-46.369417,-23.842417
Rhopias_gularis,2005,,,-47.377344,-23.957743
Rhopias_gularis,2006,56,,-46.028,-22.977
Rhopias_gularis,2017,51.2,,-47.253177,-24.086093
Rhopias_gularis,2006,,,-47.46575,-23.903054
Rhopias_gularis,2015,55,,-46.369417,-23.842417
Rhopias_gularis,2013,56,4.4,-41.74221111,-20.49504444
Rhopias_gularis,2005,,,-47.405913,-23.96164
Rhopias_gularis,2005,59,,-45.982,-23.633
Rhopias_gularis,2015,53,,-46.457653,-23.876918
Rhopias_gularis,2005,,,-47.449741,-23.843869
Rhopias_gularis,2017,50.3,,-48.673631,-25.304749
Rhopias_gularis,2017,,,-47.198404,-24.045634
Rhopias_gularis,2015,52,,-46.369417,-23.842417
Rhopias_gularis,2006,,,-47.48322,-23.886254
Rhopias_gularis,2006,59,,-47.81,-23.95
Rhopias_gularis,2006,,,-47.471961,-23.867741
Rhopias_gularis,2007,,,-47.405913,-23.96164
Rhopias_gularis,2015,52,,-46.369417,-23.842417
Rhopias_gularis,2005,,,-47.405913,-23.96164
Rhopias_gularis,2006,51,,-45.982,-23.633
Rhopias_gularis,2013,53,,-49.671408,-28.649798
Rhopias_gularis,2012,54,5,-47.949986,-24.16386
Rhopias_gularis,2013,53,,-49.671408,-28.649798
Rhopias_gularis,2012,57,7.3,-47.949986,-24.16386
Rhopias_gularis,2012,,,-47.949986,-24.16386
Rhopias_gularis,2006,54,,-46.028,-22.977
Rhopias_gularis,2015,55,,-46.457653,-23.876918
Rhopias_gularis,2015,60,,-46.369417,-23.842417
Rhopias_gularis,2009,54,6.5,-49.2,-27.166667
Rhopias_gularis,2017,,,-47.198404,-24.045634
Rhopias_gularis,2006,,,-47.449187,-23.854583
Rhopias_gularis,2007,,,-47.410015,-23.951935
Rhopias_gularis,2015,,,-47.253177,-24.086093
Rhopias_gularis,2017,50.75,,-48.673631,-25.304749
Rhopias_gularis,2013,45,5.1,-41.74221111,-20.49504444
Rhopias_gularis,2006,,,-45.982,-23.633
Rhopias_gularis,2016,51,,-47.198404,-24.045634
Rhopias_gularis,2001,52.8,6.3,-48.810668,-27.73223
Rhopias_gularis,2006,,,-47.443783,-23.867903
Rhopias_gularis,2007,,,-47.46575,-23.903054
Rhopias_gularis,2015,56,,-47.198404,-24.045634
Rhopias_gularis,2005,,,-47.449741,-23.843869
Rhopias_gularis,2012,56,4.2,-47.949986,-24.16386
Rhopias_gularis,2013,54,,-49.671408,-28.649798
Rhopias_gularis,2006,58,,-47.684,-23.915
Rhopias_gularis,2006,55,,-45.982,-23.633
Rhopias_gularis,2006,51,,-45.982,-23.633
Rhopias_gularis,2007,,,-47.460399,-23.88904
Rhopias_gularis,2015,55,,-46.369417,-23.842417
Rhopias_gularis,2013,52,,-49.671408,-28.649798
Rhopias_gularis,2006,,,-47.449187,-23.854583
Rhopias_gularis,2010,51,,-48.888611,-25.993056
Rhopias_gularis,2017,48.45,,-48.656101,-25.279147
Rhopias_gularis,2016,52,,-47.198404,-24.045634
Rhopias_gularis,2015,,,-47.245302,-24.06865
Rhopias_gularis,2002,,5,-48.40777778,-24.278333
Rhopias_gularis,2015,,,-47.198404,-24.045634
Rhopias_gularis,2010,58,,-44.607931,-22.452726
Rhopias_gularis,2006,,,-47.471961,-23.867741
Rhopias_gularis,2015,,,-47.245302,-24.06865
Rhopias_gularis,2015,,,-47.198404,-24.045634
Rhopias_gularis,2015,51,,-46.369417,-23.842417
Rhopias_gularis,2007,,,-47.46575,-23.903054
Rhopias_gularis,2007,,,-47.449187,-23.854583
Rhopias_gularis,2013,53,,-49.671408,-28.649798
Rhopias_gularis,2005,,,-47.480162,-23.913781
Rhopias_gularis,2005,,,-47.396673,-23.947513
Rhopias_gularis,2017,50,,-47.198404,-24.045634
Rhopias_gularis,2012,,,-47.949986,-24.16386
Rhopias_gularis,2006,,,-45.982,-23.633
Rhopias_gularis,2007,,,-47.410015,-23.951935
Rhopias_gularis,2015,53,,-46.457653,-23.876918
Rhopias_gularis,2015,,,-47.253177,-24.086093
Rhopias_gularis,2017,,,-47.253177,-24.086093
Rhopias_gularis,2006,,,-45.982,-23.633
Rhopias_gularis,2001,,,-48.810668,-27.73223
Rhopias_gularis,2006,,,-47.490814,-23.873765
Rhopias_gularis,2006,,,-45.982,-23.633
Rhopias_gularis,2017,,,-47.198404,-24.045634
Rhopias_gularis,2005,52,,-45.982,-23.633
Rhopias_gularis,2007,,,-47.436016,-23.880844
Rhopias_gularis,2006,55,,-45.982,-23.633
Rhopias_gularis,2005,,,-47.480162,-23.913781
Rhopias_gularis,2015,54,,-46.457653,-23.876918
Rhopias_gularis,2005,51,3.3,-44.120167,-22.990433
Rhopias_gularis,2006,,,-47.81,-23.95
Rhopias_gularis,2012,,,-47.949986,-24.16386
Drymophila_ochropyga,2013,,,-50.6967,-24.1431
Drymophila_ochropyga,2012,50,8.3,-50.6967,-24.1431
Drymophila_ochropyga,2015,45,2.4,-41.02029722,-20.39838889
Drymophila_ochropyga,2008,,,-43.4381,-20.2067
Drymophila_ochropyga,2008,,,-43.4381,-20.2067
Drymophila_ochropyga,2001,50.81,3.44,-48.9911,-24.6572
Drymophila_ochropyga,2010,,,-50.6967,-24.1431
Drymophila_ochropyga,2002,55.71,3.68,-43.45,-19.9833
Drymophila_ochropyga,1999,,,-48.364722,-24.304722
Drymophila_ochropyga,2004,50.88,3.79,-40.6003,-19.9356
Drymophila_ochropyga,2010,,,-43.4747,-19.9964
Drymophila_ochropyga,2015,,,-43.5067,-20.08
Drymophila_ochropyga,1992,52.41,3.25,-49.2611,-24.8236
Drymophila_ochropyga,2012,52,,-50.6967,-24.1431
Drymophila_ochropyga,2005,55.94,3.55,-43.8751,-19.9905
Drymophila_ochropyga,2010,,,-43.8647,-20.1642
Drymophila_ochropyga,2008,,,-43.4381,-20.2067
Drymophila_ochropyga,2005,52.48,,-43.8751,-19.9905
Drymophila_ochropyga,2014,,,-43.4714,-19.9975
Drymophila_ochropyga,2012,51,,-50.6967,-24.1431
Drymophila_ochropyga,2011,,,-50.6967,-24.1431
Drymophila_ochropyga,2006,55,,-47.81,-23.95
Drymophila_ochropyga,1998,50.94,7.32,-42.95,-19.966667
Drymophila_ochropyga,2011,,,-43.9047,-20.1378
Drymophila_ochropyga,2011,,,-43.425,-18.8986
Drymophila_ochropyga,2015,,,-43.5067,-20.08
Drymophila_ochropyga,1998,49.76,6.69,-42.95,-19.966667
Drymophila_ochropyga,2011,,,-43.6078,-20.2614
Drymophila_ochropyga,1994,49.62,3.48,-48.5747,-25.8828
Drymophila_ochropyga,2017,46.65,,-48.668257,-25.296668
Drymophila_ochropyga,2014,,,-43.4714,-19.9969
Drymophila_ochropyga,2008,,,-43.4381,-20.2067
Drymophila_ochropyga,2005,49.67,3.56,-43.8751,-19.9905
Drymophila_ochropyga,2000,54.43,3.71,-43.13,-19.37
Drymophila_ochropyga,2005,47.84,,-43.8751,-19.9905
Drymophila_ochropyga,2006,51,,-47.81,-23.95
Drymophila_ochropyga,2001,50.05,3.67,-43.4968,-20.091
Drymophila_ochropyga,1993,54.58,3.46,-42.8833,-20.75
Drymophila_ochropyga,2013,51,7.4,-50.6967,-24.1431
Drymophila_ochropyga,2012,,,-50.6967,-24.1431
Drymophila_ochropyga,2000,51.12,3.36,-43.2269,-19.6192
Drymophila_ochropyga,2011,,,-50.6967,-24.1431
Drymophila_ochropyga,2008,,,-43.4989,-20.0183
Drymophila_ochropyga,2012,50,8.5,-50.6967,-24.1431
Drymophila_ochropyga,1991,48.34,3.52,-48.7119,-25.4286
Drymophila_ochropyga,2015,,,-43.5067,-20.08
Drymophila_ochropyga,2014,,,-43.5336,-20.2597
Drymophila_ochropyga,2005,54.71,3.38,-43.8751,-19.9905
Drymophila_ochropyga,2008,,,-43.4022,-19.3975
Drymophila_ochropyga,2010,,,-43.8647,-20.1642
Drymophila_ochropyga,2000,53.51,3.14,-46.3166,-23.7833
Drymophila_ochropyga,2009,53,8.1,-49.266667,-27.033333
Drymophila_ochropyga,2006,50,,-47.81,-23.95
Drymophila_ochropyga,2003,48.41,3.48,-40.6003,-19.9356
Drymophila_ochropyga,1992,52.44,3.46,-48.5747,-25.8828
Drymophila_ochropyga,2011,,,-43.4722,-19.9958
Drymophila_ochropyga,2000,50.99,3.57,-48.9911,-24.6572
Drymophila_ochropyga,2011,,,-43.9047,-20.1378
Drymophila_ochropyga,2000,52.86,3.22,-49.0553,-25.3056
Drymophila_ochropyga,2005,49.51,2.94,-43.8751,-19.9905
Drymophila_ochropyga,2013,,,-50.6967,-24.1431
Arremon_flavirostris,2011,,,-47.69429,-22.50735
Arremon_flavirostris,2011,,,-47.70173,-22.48051
Arremon_flavirostris,2014,76,7.8,-49.398056,-22.530694
Arremon_flavirostris,2011,,,-47.57926,-22.34485
Arremon_flavirostris,2015,71,7.6,-49.402289,-22.529975
Arremon_flavirostris,2010,75,7.9,-54.204892,-23.135232
Arremon_flavirostris,2014,76.7,,-54.487792,-25.619635
Arremon_flavirostris,2018,74,8.2,-49.402289,-22.529975
Arremon_flavirostris,2015,77,8.6,-49.402289,-22.529975
Arremon_flavirostris,2014,79,7.4,-49.398056,-22.530694
Arremon_flavirostris,2012,,,-47.57926,-22.34485
Arremon_flavirostris,2017,75,6.8,-49.398056,-22.530694
Arremon_flavirostris,2017,75,8,-49.398056,-22.530694
Arremon_flavirostris,2017,76,4,-49.398056,-22.530694
Arremon_flavirostris,2014,76,7.2,-49.398056,-22.530694
Arremon_flavirostris,2014,79,7.9,-49.398056,-22.530694
Arremon_flavirostris,2015,71,8,-49.402289,-22.529975
Arremon_flavirostris,2014,,,-47.4244,-20.0289
Arremon_flavirostris,2011,,,-47.68371,-22.56855
Arremon_flavirostris,2013,70.5,,-54.487792,-25.619635
Arremon_flavirostris,2014,,,-49.398056,-22.530694
Arremon_flavirostris,2013,75.2,,-44.41,-19.8886
Arremon_flavirostris,2017,80,8.5,-49.398056,-22.530694
Arremon_flavirostris,2014,80,8.3,-49.398056,-22.530694
Arremon_flavirostris,2014,71,8.2,-49.398056,-22.530694
Arremon_flavirostris,2014,80,8,-49.398056,-22.530694
Arremon_flavirostris,2014,80,8.5,-49.398056,-22.530694
Arremon_flavirostris,2011,,,-47.59842,-22.21617
Arremon_flavirostris,2014,78,7.8,-49.398056,-22.530694
Arremon_flavirostris,2014,79,7.2,-49.398056,-22.530694
Arremon_flavirostris,2014,79,7.5,-49.398056,-22.530694
Arremon_flavirostris,2016,71,7,-49.076722,-22.775
Arremon_flavirostris,2016,72,,-49.672487,-22.37698
Arremon_flavirostris,2011,70,6.7,-49.398056,-22.530694
Arremon_flavirostris,2015,66,7.6,-49.402289,-22.529975
Arremon_flavirostris,2014,79,7.8,-49.398056,-22.530694
Arremon_flavirostris,2011,66.9,,-54.487792,-25.619635
Arremon_flavirostris,2015,73,8.13,-56.626984,-21.102193
Arremon_flavirostris,2016,73,7.1,-49.076722,-22.775
Arremon_flavirostris,2014,71,8.4,-49.398056,-22.530694
Arremon_flavirostris,2015,82,7.7,-49.402289,-22.529975
Arremon_flavirostris,2012,,,-43.9922,-19.9194
Arremon_flavirostris,2011,83,6.2,-49.398056,-22.530694
Arremon_flavirostris,2015,71,8.2,-49.402289,-22.529975
Arremon_flavirostris,2014,79,7,-49.398056,-22.530694
Arremon_flavirostris,2014,80,8.3,-49.398056,-22.530694
Arremon_flavirostris,2014,80,7.5,-49.398056,-22.530694
Arremon_flavirostris,2015,78,8,-49.402289,-22.529975
Arremon_flavirostris,2011,,,-47.60579,-22.21623
Arremon_flavirostris,2011,78,,-44.4114,-19.8781
Arremon_flavirostris,2015,,,-49.402289,-22.529975
Arremon_flavirostris,2015,70,7.5,-49.402289,-22.529975
Arremon_flavirostris,2017,69,8,-49.398056,-22.530694
Arremon_flavirostris,2012,,,-47.60982,-22.292
Arremon_flavirostris,2014,77.3,,-47.85748,-21.16624
Arremon_flavirostris,2014,81,7.4,-49.398056,-22.530694
Arremon_flavirostris,2015,72,7.2,-49.402289,-22.529975
Arremon_flavirostris,2016,79,7,-49.076722,-22.775
Arremon_flavirostris,2011,81,6.1,-49.398056,-22.530694
Arremon_flavirostris,2014,73,7.1,-49.398056,-22.530694
Arremon_flavirostris,2014,79,7.8,-49.398056,-22.530694
Arremon_flavirostris,2016,73,7.2,-49.076722,-22.775
Arremon_flavirostris,2017,80,7.7,-49.398056,-22.530694
Arremon_flavirostris,2014,76,7,-49.398056,-22.530694
Arremon_flavirostris,2011,,,-47.60982,-22.292
Arremon_flavirostris,2014,81,8.2,-49.398056,-22.530694
Arremon_flavirostris,2006,,,-43.8961,-17.39
Arremon_flavirostris,2013,76.9,,-54.487792,-25.619635
Arremon_flavirostris,2017,80,8.2,-49.398056,-22.530694
Arremon_flavirostris,2016,79,7.8,-49.076722,-22.775
Arremon_flavirostris,2014,70,8,-49.398056,-22.530694
Arremon_flavirostris,2017,77,8,-49.398056,-22.530694
Arremon_flavirostris,2015,66,8.71,-56.626984,-21.102193
Arremon_flavirostris,2017,81,8.3,-49.398056,-22.530694
Arremon_flavirostris,2011,,,-47.59842,-22.21617
Arremon_flavirostris,2015,77,8.2,-49.402289,-22.529975
Arremon_flavirostris,2012,,,-43.9925,-19.9192
Arremon_flavirostris,2017,76,8.5,-49.398056,-22.530694
Arremon_flavirostris,2014,78,8.5,-49.398056,-22.530694
Arremon_flavirostris,2016,79,7.8,-49.076722,-22.775
Arremon_flavirostris,2016,87,8,-49.076722,-22.775
Arremon_flavirostris,2016,78,8.3,-49.076722,-22.775
Arremon_flavirostris,2018,74,8.1,-49.402289,-22.529975
Arremon_flavirostris,2011,,,-43.8683,-20.1614
Arremon_flavirostris,2013,,,-43.8678,-20.1608
Arremon_flavirostris,2011,73.1,,-54.487792,-25.619635
Arremon_flavirostris,2014,69,8.3,-49.398056,-22.530694
Arremon_flavirostris,2013,80,7.5,-49.076722,-22.775
Dacnis_cayana,2012,,,-41.645929,-22.26885
Dacnis_cayana,2009,63,7.5,-49.066667,-26.9
Dacnis_cayana,2013,59,7.4,-39.70974167,-18.42649444
Dacnis_cayana,2011,62,,-35.144167,-6.741389
Dacnis_cayana,2011,,,-35.18,-5.92
Dacnis_cayana,2012,,,-35.18,-5.92
Dacnis_cayana,2011,62,,-35.144167,-6.741389
Dacnis_cayana,2012,,,-35.18,-5.92
Dacnis_cayana,2016,65,,-35.746496,-6.968757
Dacnis_cayana,2013,,,-35.18,-5.92
Dacnis_cayana,2008,,,-34.973484,-6.550309
Dacnis_cayana,2011,,,-35.18,-5.92
Dacnis_cayana,2010,,,-40.423528,-20.592528
Dacnis_cayana,2016,66,,-48.4981,-27.4756
Dacnis_cayana,2013,,,-35.18,-5.92
Dacnis_cayana,2008,67,8,-34.973484,-6.550309
Dacnis_cayana,2011,62.7,,-40.423194,-20.595667
Dacnis_cayana,2010,60,7.7,-34.973484,-6.550309
Dacnis_cayana,2011,,,-35.18,-5.92
Dacnis_cayana,2011,,,-35.18,-5.92
Dacnis_cayana,2016,59,6,-34.9532021832,-7.9964573463
Dacnis_cayana,2014,,,-35.18,-5.92
Dacnis_cayana,2013,,,-35.18,-5.92
Dacnis_cayana,2010,71,5.1,-42.033417,-22.424508
Dacnis_cayana,2011,,,-35.18,-5.92
Dacnis_cayana,2008,62.8,,-48.541493,-25.587558
Dacnis_cayana,2015,72,7.41,-56.661151,-20.849214
Dacnis_cayana,2016,64,5.9,-35.746496,-6.968757
Dacnis_cayana,2016,64,5.2,-35.746496,-6.968757
Dacnis_cayana,2010,,,-35.18,-5.92
Dacnis_cayana,2010,,,-35.18,-5.92
Dacnis_cayana,2013,,,-35.18,-5.92
Dacnis_cayana,2012,,,-35.18,-5.92
Dacnis_cayana,2012,,,-35.18,-5.92
Dacnis_cayana,2010,70,,-48.433333,-23.266667
Dacnis_cayana,2014,53,8,-49.066667,-26.9
Dacnis_cayana,2005,68,,-47.684,-23.915
Dacnis_cayana,2011,,,-35.18,-5.92
Dacnis_cayana,2010,59.8,,-40.426806,-20.59575
Dacnis_cayana,2014,,,-35.18,-5.92
Dacnis_cayana,2012,,,-40.423231,-20.415212
Dacnis_cayana,2012,,,-35.18,-5.92
Dacnis_cayana,2006,68.6,,-47,-23.833333
Dacnis_cayana,2009,62,4.8,-42.047183,-22.421778
Dacnis_cayana,2011,62.8,,-40.419778,-20.581417
Dacnis_cayana,2013,,,-35.18,-5.92
Dacnis_cayana,2013,,,-35.18,-5.92
Dacnis_cayana,2010,,,-35.18,-5.92
Dacnis_cayana,2012,,,-35.18,-5.92
Dacnis_cayana,2012,,,-35.18,-5.92
Dacnis_cayana,2013,,,-35.18,-5.92
Dacnis_cayana,2013,,,-35.18,-5.92
Dacnis_cayana,2010,,,-42.033417,-22.424508
Dacnis_cayana,2000,63.38,7.62,-35.85,-9.966667
Dacnis_cayana,2011,,,-35.18,-5.92
Dacnis_cayana,2009,68,,-48.433333,-23.266667
Dacnis_cayana,2014,,,-35.18,-5.92
Dacnis_cayana,2014,,,-35.18,-5.92
Dacnis_cayana,2013,,,-35.18,-5.92
Dacnis_cayana,2014,,,-35.18,-5.92
Dacnis_cayana,2010,,,-35.18,-5.92
Dacnis_cayana,2012,66,,-35.126,-6.700556
Dacnis_cayana,1997,61,,-48.422847,-25.356797
Dacnis_cayana,2014,,,-35.18,-5.92
Dacnis_cayana,2012,59.7,,-40.423231,-20.415212
Dacnis_cayana,2011,68.9,,-54.487792,-25.619635
Dacnis_cayana,2013,,,-35.18,-5.92
Dacnis_cayana,2011,65,,-54.487792,-25.619635
Dacnis_cayana,2014,,,-35.18,-5.92
Dacnis_cayana,2011,,,-35.18,-5.92
Dacnis_cayana,2013,,,-35.18,-5.92
Dacnis_cayana,2013,,,-35.18,-5.92
Dacnis_cayana,2014,,,-35.18,-5.92
Dacnis_cayana,2010,64.4,,-40.423194,-20.595667
Dacnis_cayana,2013,,,-35.18,-5.92
Dacnis_cayana,2014,,,-35.18,-5.92
Dacnis_cayana,2010,,,-35.18,-5.92
Dacnis_cayana,2013,,,-35.18,-5.92
Dacnis_cayana,2014,,,-35.18,-5.92
Dacnis_cayana,2014,,,-35.18,-5.92
Dacnis_cayana,2012,,,-35.18,-5.92
Dacnis_cayana,2009,62,5.6,-42.033417,-22.424508
Dacnis_cayana,2014,,,-35.18,-5.92
Dacnis_cayana,2011,,,-35.18,-5.92
Dacnis_cayana,2012,,,-35.18,-5.92
Dacnis_cayana,2000,66.46,6.57,-35.864361,-8.98225
Dacnis_cayana,2012,,,-35.18,-5.92
Dacnis_cayana,2010,,,-35.18,-5.92
Dacnis_cayana,2012,,,-35.18,-5.92
Dacnis_cayana,2009,62,4.2,-42.047183,-22.421778
Dacnis_cayana,2012,,,-47.59842,-22.21617
Dacnis_cayana,2012,64,,-35.144167,-6.741389
Dacnis_cayana,2012,65,,-35.144167,-6.741389
Dacnis_cayana,2012,,,-35.18,-5.92
Dacnis_cayana,2011,,,-35.18,-5.92
Dacnis_cayana,2013,61,,-35.144167,-6.741389
Dacnis_cayana,2012,,,-35.18,-5.92
Dacnis_cayana,2012,,,-35.18,-5.92
Dacnis_cayana,2010,,,-35.18,-5.92
Dacnis_cayana,2013,,,-35.18,-5.92
Dacnis_cayana,2000,59.06,6.99,-35.833333,-8.983333
Dacnis_cayana,2006,67,,-48.46,-23.29
Dacnis_cayana,2010,64,6.1,-35.144167,-6.741389
Dacnis_cayana,2013,62,,-35.126,-6.700556
Dacnis_cayana,2013,,,-35.18,-5.92
Dacnis_cayana,2011,,,-35.18,-5.92
Dacnis_cayana,2010,,,-42.033417,-22.424508
Dacnis_cayana,2010,67.5,,-48.433333,-23.266667
Dacnis_cayana,2000,63.59,7.19,-35.833333,-8.983333
Dacnis_cayana,2013,68,,-35.126,-6.700556
Dacnis_cayana,2011,67,,-35.144167,-6.741389
Dacnis_cayana,2004,63.4,,-48.541493,-25.587558
Dacnis_cayana,2013,,,-35.18,-5.92
Dacnis_cayana,2010,,,-35.144167,-6.741389
Dacnis_cayana,2011,,,-35.18,-5.92
Dacnis_cayana,2014,,,-35.18,-5.92
Dacnis_cayana,2015,69,,-46.289722,-23.90525
Dacnis_cayana,2011,,,-35.18,-5.92
Dacnis_cayana,2011,,,-35.18,-5.92
Dacnis_cayana,2011,,,-35.18,-5.92
Dacnis_cayana,2002,66,,-48.541493,-25.587558
Dacnis_cayana,2010,,,-35.18,-5.92
Dacnis_cayana,1999,68.1,,-48.422847,-25.356797
Dacnis_cayana,2014,,,-35.18,-5.92
Dacnis_cayana,2011,,,-35.18,-5.92
Dacnis_cayana,2010,,,-35.18,-5.92
Dacnis_cayana,2012,,,-35.18,-5.92
Dacnis_cayana,2001,61.6,,-48.541493,-25.587558
Dacnis_cayana,2011,,,-35.18,-5.92
Dacnis_cayana,2011,,,-35.18,-5.92
Dacnis_cayana,2010,68,,-48.433333,-23.266667
Dacnis_cayana,2013,,,-35.18,-5.92
Dacnis_cayana,2014,,,-35.18,-5.92
Dacnis_cayana,2010,60,5.1,-42.033417,-22.424508
Dacnis_cayana,2010,65,,-48.433333,-23.266667
Dacnis_cayana,2003,67,7.7,-49.066667,-26.9
Dacnis_cayana,2013,,,-35.18,-5.92
Dacnis_cayana,2014,,,-35.18,-5.92
Dacnis_cayana,2011,,,-35.18,-5.92
Dacnis_cayana,2012,,,-35.18,-5.92
Dacnis_cayana,2011,61,,-35.144167,-6.741389
Dacnis_cayana,2013,,,-35.18,-5.92
Dacnis_cayana,2011,,,-35.18,-5.92
Dacnis_cayana,2014,,,-35.18,-5.92
Dacnis_cayana,2000,61.66,7.21,-35.833333,-8.983333
Dacnis_cayana,2010,69,,-48.433333,-23.266667
Dacnis_cayana,2012,,,-35.18,-5.92
Dacnis_cayana,2013,,,-35.18,-5.92
Dacnis_cayana,2011,,,-35.18,-5.92
Dacnis_cayana,2010,,,-35.18,-5.92
Dacnis_cayana,2011,,,-35.18,-5.92
Dacnis_cayana,2011,59.3,,-40.423194,-20.595667
Dacnis_cayana,2012,,,-35.18,-5.92
Dacnis_cayana,2014,,,-35.18,-5.92
Dacnis_cayana,2012,,,-35.18,-5.92
Dacnis_cayana,2011,,,-35.18,-5.92
Dacnis_cayana,2015,,,-40.458369,-20.590869
Dacnis_cayana,2014,,,-35.18,-5.92
Dacnis_cayana,2009,,,-44.415,-20.1475
Dacnis_cayana,2012,,,-35.18,-5.92
Dacnis_cayana,2014,,,-35.18,-5.92
Dacnis_cayana,2011,,,-35.18,-5.92
Dacnis_cayana,2010,,,-35.18,-5.92
Dacnis_cayana,2012,63,,-35.126,-6.700556
Dacnis_cayana,2011,63.9,,-40.419778,-20.581417
Dacnis_cayana,2000,60.5,3.6,-49.17027,-26.77639
Dacnis_cayana,1997,60,,-48.422847,-25.356797
Dacnis_cayana,2010,60,5.8,-35.144167,-6.741389
Dacnis_cayana,2014,,,-35.18,-5.92
Dacnis_cayana,2016,60,5.6,-34.9532021832,-7.9964573463
Dacnis_cayana,2011,,,-35.18,-5.92
Dacnis_cayana,2012,65,7.8,-47.505278,-22.569167
Dacnis_cayana,2013,61,,-35.144167,-6.741389
Dacnis_cayana,2012,,,-35.18,-5.92
Dacnis_cayana,2012,,,-35.18,-5.92
Dacnis_cayana,2013,,,-35.18,-5.92
Dacnis_cayana,2013,67,7,-49.483333,-26.7
Dacnis_cayana,2012,62,,-41.645929,-22.26885
Dacnis_cayana,2011,,,-35.144167,-6.741389
Dacnis_cayana,2004,,,-42.1964,-22.85394
Dacnis_cayana,2005,66,,-47.684,-23.915
Dacnis_cayana,1998,62.3,,-48.422847,-25.356797
Dacnis_cayana,2010,62.9,,-40.426806,-20.59575
Dacnis_cayana,2011,,,-35.18,-5.92
Dacnis_cayana,2011,,,-35.18,-5.92
Dacnis_cayana,2010,64.7,,-40.423194,-20.595667
Dacnis_cayana,2013,,,-35.18,-5.92
Dacnis_cayana,2011,,,-35.18,-5.92
Dacnis_cayana,2013,,,-35.18,-5.92
Dacnis_cayana,2012,,,-35.18,-5.92
Dacnis_cayana,2010,70.5,,-48.433333,-23.266667
Dacnis_cayana,2012,,,-35.18,-5.92
Dacnis_cayana,2011,,,-43.8917,-20.1322
Dacnis_cayana,2012,,,-35.18,-5.92
Dacnis_cayana,2012,,,-35.18,-5.92
Dacnis_cayana,2014,,,-35.18,-5.92
Dacnis_cayana,2013,,,-35.18,-5.92
Dacnis_cayana,2010,,,-35.18,-5.92
Dacnis_cayana,2013,,,-35.18,-5.92
Dacnis_cayana,2013,67,,-44.4253,-19.8703
Dacnis_cayana,2010,63,4.4,-42.033417,-22.424508
Dacnis_cayana,2014,,,-35.18,-5.92
Dacnis_cayana,2012,73,,-35.144167,-6.741389
Dacnis_cayana,2012,,,-43.9897,-19.9214
Dacnis_cayana,2012,60,,-35.144167,-6.741389
Dacnis_cayana,2009,66,4.2,-44.202778,-23.175
Dacnis_cayana,2012,60,,-35.144167,-6.741389
Dacnis_cayana,2005,68,4.2,-44.202778,-23.175
Dacnis_cayana,2013,66.4,,-44.4253,-19.8703
Dacnis_cayana,1997,65,6.3,-49.103054,-26.885886
Dacnis_cayana,2007,,,-43.45,-19.9667
Dacnis_cayana,2014,,,-35.18,-5.92
Dacnis_cayana,2013,,,-35.18,-5.92
Dacnis_cayana,2014,,,-35.18,-5.92
Dacnis_cayana,2011,65,,-35.144167,-6.741389
Dacnis_cayana,2013,,,-35.18,-5.92
Dacnis_cayana,2011,61.2,,-40.419778,-20.581417
Dacnis_cayana,2001,71,4.4,-44.193483,-23.182683
Dacnis_cayana,2010,59.6,,-40.423194,-20.595667
Dacnis_cayana,2013,62,,-34.854425,-7.063873
Dacnis_cayana,2013,,,-35.18,-5.92
Dacnis_cayana,2006,64.3,,-47,-23.833333
Dacnis_cayana,2013,,,-35.18,-5.92
Dacnis_cayana,2014,,,-35.18,-5.92
Dacnis_cayana,2009,67,6.9,-35.144167,-6.741389
Dacnis_cayana,2013,62.4,,-54.487792,-25.619635
Dacnis_cayana,2013,,,-35.18,-5.92
Dacnis_cayana,2011,,,-35.18,-5.92
Dacnis_cayana,2011,62,,-35.144167,-6.741389
Dacnis_cayana,2010,,,-35.18,-5.92
Dacnis_cayana,2010,61.8,,-40.423194,-20.595667
Dacnis_cayana,2000,61.88,7.37,-35.4143,-8.685672
Dacnis_cayana,2012,62,,-41.645929,-22.26885
Dacnis_cayana,2000,58.91,7.43,-35.833333,-8.983333
Dacnis_cayana,2011,,,-35.18,-5.92
Dacnis_cayana,2011,,,-35.18,-5.92
Dacnis_cayana,2013,,,-35.18,-5.92
Dacnis_cayana,2010,,,-35.18,-5.92
Dacnis_cayana,2013,,,-35.18,-5.92
Dacnis_cayana,2006,,7.4,-35.139925,-6.741965
Dacnis_cayana,2011,,,-35.18,-5.92
Dacnis_cayana,2014,,,-35.18,-5.92
Dacnis_cayana,2011,,,-35.18,-5.92
Dacnis_cayana,2016,63,,-48.4981,-27.4756
Dacnis_cayana,2006,,,-48.46,-23.29
Dacnis_cayana,2012,,,-35.18,-5.92
Dacnis_cayana,2012,,,-35.18,-5.92
Dacnis_cayana,2010,60,6.1,-35.144167,-6.741389
Dacnis_cayana,2011,62,,-35.144167,-6.741389
Dacnis_cayana,2009,65,7.7,-35.144167,-6.741389
Dacnis_cayana,2011,,,-35.18,-5.92
Dacnis_cayana,2014,,,-35.18,-5.92
Dacnis_cayana,2010,61,6.3,-35.144167,-6.741389
Dacnis_cayana,2014,,,-35.18,-5.92
Dacnis_cayana,2011,,,-35.18,-5.92
Dacnis_cayana,2001,59.4,,-48.541493,-25.587558
Dacnis_cayana,2013,,,-35.18,-5.92
Dacnis_cayana,2000,60.91,7.16,-35.85,-9.966667
Dacnis_cayana,2014,,,-35.18,-5.92
Dacnis_cayana,2014,,,-35.18,-5.92
Dacnis_cayana,2011,,,-35.18,-5.92
Dacnis_cayana,2013,,,-35.18,-5.92
Dacnis_cayana,2012,,,-35.18,-5.92
Dacnis_cayana,2011,,,-35.18,-5.92
Dacnis_cayana,2004,62.2,,-48.541493,-25.587558
Dacnis_cayana,2010,,,-43.4711,-20.0003
Dacnis_cayana,1997,61.2,,-48.422847,-25.356797
Dacnis_cayana,2006,72,,-48.46,-23.29
Dacnis_cayana,2013,66,,-35.144167,-6.741389
Dacnis_cayana,2015,65,,-48.498056,-27.475556
Dacnis_cayana,2011,,,-35.18,-5.92
Dacnis_cayana,2009,,,-44.415,-20.1475
Dacnis_cayana,2011,,,-35.18,-5.92
Herpsilochmus_atricapillus,2013,55,,-35.144167,-6.741389
Herpsilochmus_atricapillus,2008,55,4.29,-48.687629,-21.402689
Herpsilochmus_atricapillus,2010,50,6.9,-35.144167,-6.741389
Herpsilochmus_atricapillus,2009,,,-34.973484,-6.550309
Herpsilochmus_atricapillus,2009,49,7.8,-34.973484,-6.550309
Herpsilochmus_atricapillus,2008,52.5,7.4,-34.973484,-6.550309
Herpsilochmus_atricapillus,2009,50,8.05,-34.973484,-6.550309
Herpsilochmus_atricapillus,2010,,,-43.4711,-20.0003
Herpsilochmus_atricapillus,2009,47,7.7,-34.973484,-6.550309
Herpsilochmus_atricapillus,2011,,,-35.144167,-6.741389
Herpsilochmus_atricapillus,2015,,,-43.4711,-20
Herpsilochmus_atricapillus,2009,45,6.2,-35.144167,-6.741389
Herpsilochmus_atricapillus,2009,50,7.7,-34.973484,-6.550309
Herpsilochmus_atricapillus,2011,51,,-35.144167,-6.741389
Herpsilochmus_atricapillus,2011,,,-43.4711,-20.0003
Herpsilochmus_atricapillus,2008,53,8.2,-34.973484,-6.550309
Herpsilochmus_atricapillus,2010,51,7.7,-34.973484,-6.550309
Herpsilochmus_atricapillus,2008,48,8.15,-34.973484,-6.550309
Herpsilochmus_atricapillus,2012,,,-43.1347,-16.0514
Herpsilochmus_atricapillus,2009,51,7.6,-34.973484,-6.550309
Herpsilochmus_atricapillus,2008,56,4.26,-48.687629,-21.402689
Herpsilochmus_atricapillus,2008,49,,-34.973484,-6.550309
Herpsilochmus_atricapillus,2011,,,-43.4711,-20.0003
Herpsilochmus_atricapillus,2012,,,-43.1347,-16.0514
Herpsilochmus_atricapillus,2009,,,-44.415,-20.1475
Herpsilochmus_atricapillus,2010,51,5.8,-35.144167,-6.741389
Herpsilochmus_atricapillus,2008,49.5,8.1,-34.973484,-6.550309
Herpsilochmus_atricapillus,2008,50,7.3,-34.973484,-6.550309
Herpsilochmus_atricapillus,2008,48.5,7.5,-34.973484,-6.550309
Herpsilochmus_atricapillus,2011,,,-43.4711,-20.0003
Herpsilochmus_atricapillus,2008,47,7.5,-34.973484,-6.550309
Herpsilochmus_atricapillus,2011,,,-35.144167,-6.741389
Herpsilochmus_atricapillus,2008,49.5,7.2,-34.973484,-6.550309
Herpsilochmus_atricapillus,2008,52,7,-34.973484,-6.550309
Herpsilochmus_atricapillus,2009,49,7.9,-34.973484,-6.550309
Herpsilochmus_atricapillus,2009,50,8.2,-34.973484,-6.550309
Herpsilochmus_atricapillus,2013,53.4,,-44.41,-19.8886
Herpsilochmus_atricapillus,2012,49,,-35.144167,-6.741389
Herpsilochmus_atricapillus,2013,,,-43.1372,-16.0428
Herpsilochmus_atricapillus,2008,49,7.9,-34.973484,-6.550309
Herpsilochmus_atricapillus,2011,,,-43.8917,-20.1322
Herpsilochmus_atricapillus,2013,53.6,,-44.4272,-19.8672
Herpsilochmus_atricapillus,2010,50,7.7,-34.973484,-6.550309
Herpsilochmus_atricapillus,2009,51,8.3,-34.973484,-6.550309
Herpsilochmus_atricapillus,2012,50,,-35.08559,-6.805421
Herpsilochmus_atricapillus,2009,,,-43.45,-19.9667
Herpsilochmus_atricapillus,2009,49,7.4,-34.973484,-6.550309
Herpsilochmus_atricapillus,2010,51,7.7,-34.973484,-6.550309
Herpsilochmus_atricapillus,2013,,,-43.1275,-16.0736
Herpsilochmus_atricapillus,2008,50.5,7.8,-34.973484,-6.550309
Coryphospingus_pileatus,2012,,,-35.18,-5.92
Coryphospingus_pileatus,2005,66,5.6,-41.662676,-22.2781
Coryphospingus_pileatus,2012,,,-43.1281,-16.0722
Coryphospingus_pileatus,2012,65,7.28,-35.37,-5.88
Coryphospingus_pileatus,2014,,,-35.18,-5.92
Coryphospingus_pileatus,2014,,,-35.18,-5.92
Coryphospingus_pileatus,2012,,,-35.18,-5.92
Coryphospingus_pileatus,2014,,,-35.18,-5.92
Coryphospingus_pileatus,2011,,,-35.18,-5.92
Coryphospingus_pileatus,2013,,,-35.18,-5.92
Coryphospingus_pileatus,2012,,,-35.18,-5.92
Coryphospingus_pileatus,2012,,,-35.18,-5.92
Coryphospingus_pileatus,2013,,,-43.0481,-15.9831
Coryphospingus_pileatus,2004,,,-42.1964,-22.85394
Coryphospingus_pileatus,2009,,,-43.9436,-20.2822
Coryphospingus_pileatus,2012,,,-35.18,-5.92
Coryphospingus_pileatus,2009,63.3,,-40.423528,-20.592528
Coryphospingus_pileatus,2012,,,-43.1267,-16.0744
Coryphospingus_pileatus,2004,,,-42.1964,-22.85394
Coryphospingus_pileatus,2004,,,-42.1964,-22.85394
Coryphospingus_pileatus,2016,,,-43.4711,-20
Coryphospingus_pileatus,1999,61,,-41.031983,-21.735533
Coryphospingus_pileatus,2013,,,-43.0481,-15.9831
Coryphospingus_pileatus,2011,63.3,,-40.418722,-20.583167
Coryphospingus_pileatus,2004,,,-42.1964,-22.85394
Coryphospingus_pileatus,2004,,,-42.1964,-22.85394
Coryphospingus_pileatus,2009,,,-44.415,-20.1475
Coryphospingus_pileatus,2009,,,-44.415,-20.1475
Coryphospingus_pileatus,2009,,,-43.9436,-20.2822
Coryphospingus_pileatus,2011,,,-40.418722,-20.583167
Coryphospingus_pileatus,2004,,,-42.1964,-22.85394
Coryphospingus_pileatus,2007,,,-43.45,-19.9667
Coryphospingus_pileatus,1999,61,,-40.970231,-21.232122
Coryphospingus_pileatus,2016,,,-43.8603,-19.9944
Coryphospingus_pileatus,2004,,,-42.1964,-22.85394
Coryphospingus_pileatus,2012,,,-35.18,-5.92
Coryphospingus_pileatus,2012,,,-35.18,-5.92
Coryphospingus_pileatus,2012,61.1,,-40.421322,-20.415332
Coryphospingus_pileatus,2011,59.5,,-40.418722,-20.583167
Coryphospingus_pileatus,2012,,,-35.18,-5.92
Coryphospingus_pileatus,2012,,,-35.18,-5.92
Coryphospingus_pileatus,2011,60.1,,-40.424833,-20.603889
Coryphospingus_pileatus,2011,,,-35.18,-5.92
Coryphospingus_pileatus,2012,,,-35.18,-5.92
Coryphospingus_pileatus,2010,,,-40.423194,-20.595667
Coryphospingus_pileatus,2011,,,-43.4719,-19.9972
Coryphospingus_pileatus,2004,,,-42.1964,-22.85394
Coryphospingus_pileatus,2000,63,,-43.5326,-23.0476
Coryphospingus_pileatus,2012,,,-35.18,-5.92
Coryphospingus_pileatus,2013,,,-43.0481,-15.9831
Coryphospingus_pileatus,2009,,,-43.9436,-20.2822
Coryphospingus_pileatus,2009,64.3,,-40.423194,-20.595667
Coryphospingus_pileatus,2011,,,-35.18,-5.92
Coryphospingus_pileatus,2014,,,-35.18,-5.92
Coryphospingus_pileatus,2012,68,6.47,-35.37,-5.88
Coryphospingus_pileatus,1999,61,,-40.970231,-21.232122
Coryphospingus_pileatus,2004,,,-42.1964,-22.85394
Coryphospingus_pileatus,2011,65,6.68,-35.37,-5.88
Coryphospingus_pileatus,2010,65.8,,-40.412861,-20.578417
Coryphospingus_pileatus,2012,,,-35.18,-5.92
Coryphospingus_pileatus,2013,,,-35.18,-5.92
Coryphospingus_pileatus,2013,62.5,,-44.4397,-19.8633
Coryphospingus_pileatus,2004,,,-42.1964,-22.85394
Coryphospingus_pileatus,2013,,,-35.18,-5.92
Coryphospingus_pileatus,1999,62,,-41.031983,-21.735533
Embernagra_longicauda,2007,,,-43.6658,-20.11
Embernagra_longicauda,2012,,,-42.8117,-15.2231
Embernagra_longicauda,2012,,,-43.785,-17.9078
Embernagra_longicauda,2014,,,-43.6272,-20.1867
Embernagra_longicauda,2011,,,-42.5178,-14.8897
Embernagra_longicauda,2011,,,-43.2589,-18.2992
Embernagra_longicauda,2012,,,-42.8689,-16.2872
Embernagra_longicauda,2009,,,-43.9814,-20.1794
Embernagra_longicauda,2007,,,-42.7222,-19.7264
Embernagra_longicauda,2012,,,-43.9544,-20.2742
Embernagra_longicauda,2008,,,-43.5461,-20.4117
Embernagra_longicauda,2012,,,-43.5897,-20.0786
Embernagra_longicauda,2011,,,-43.5033,-19.8928
Embernagra_longicauda,2011,,,-43.2589,-18.2992
Embernagra_longicauda,2011,,,-42.8203,-15.7219
Embernagra_longicauda,2012,,,-42.9233,-16.7225
Embernagra_longicauda,2014,,,-43.3525,-18.3764
Embernagra_longicauda,2011,,,-43.0744,-18.0733
Embernagra_longicauda,2011,,,-42.8203,-15.7219
Embernagra_longicauda,2000,,,-43.4061,-16.4533
Embernagra_longicauda,2009,,,-43.9472,-20.2861
Embernagra_longicauda,2011,,,-42.5178,-14.8897
Embernagra_longicauda,2011,,,-42.5178,-14.8903
Embernagra_longicauda,2000,,,-43.4539,-20.1361
Embernagra_longicauda,2000,,,-43.4061,-16.4533
Embernagra_longicauda,2011,,,-42.6647,-15.0517
Embernagra_longicauda,2011,,,-43.075,-18.0747
Embernagra_longicauda,2011,,,-42.5172,-14.8975
Embernagra_longicauda,2014,,,-43.3508,-18.3769
Embernagra_longicauda,2011,,,-42.5172,-14.8958
Embernagra_longicauda,2012,,,-41.6908,-19.4222
Embernagra_longicauda,2006,,,-44.2667,-17.7
Embernagra_longicauda,2011,,,-42.5178,-14.8897
Embernagra_longicauda,2014,,,-43.3508,-18.3769
Embernagra_longicauda,2012,,,-41.6908,-19.4222
Embernagra_longicauda,2010,,,-43.8647,-20.1583
Embernagra_longicauda,2012,,,-43.4522,-20.1344
Embernagra_longicauda,2012,,,-42.8706,-16.2867
Embernagra_longicauda,2011,,,-43.9761,-20.1211
Embernagra_longicauda,2012,,,-42.8192,-15.2156
Embernagra_longicauda,2012,,,-43.6581,-19.0786
Embernagra_longicauda,2009,,,-43.9814,-20.1794
Embernagra_longicauda,2011,,,-43.0733,-18.0733
Embernagra_longicauda,2006,,,-42.6708,-15.0542
Embernagra_longicauda,2011,,,-43.0747,-18.0711
Embernagra_longicauda,2014,,,-43.6272,-20.1867
Embernagra_longicauda,2011,,,-42.6708,-15.0542
Embernagra_longicauda,2012,,,-43.7378,-17.5528
Embernagra_longicauda,2011,,,-43.5019,-19.8908
Polystictus_superciliaris,2012,,,-43.9325,-20.3333
Polystictus_superciliaris,2009,,,-43.9472,-20.2864
Polystictus_superciliaris,2011,,,-43.0767,-18.0758
Polystictus_superciliaris,2012,,,-43.7558,-17.4975
Polystictus_superciliaris,2008,,,-43.4344,-20.1975
Polystictus_superciliaris,2012,,,-43.7558,-17.4975
Polystictus_superciliaris,2012,,,-43.8889,-21.6872
Polystictus_superciliaris,2012,,,-43.8889,-21.6872
Polystictus_superciliaris,2010,,,-43.5892,-19.2894
Polystictus_superciliaris,2012,,,-43.6581,-19.0786
Polystictus_superciliaris,2011,,,-43.0775,-18.0761
Polystictus_superciliaris,2012,,,-43.6581,-19.0786
Polystictus_superciliaris,2012,,,-43.8556,-18.7792
Polystictus_superciliaris,2011,,,-43.0767,-18.0758
Polystictus_superciliaris,2012,,,-43.9325,-20.3333
Polystictus_superciliaris,2007,,,-43.6658,-20.11
Polystictus_superciliaris,2010,,,-43.8964,-20.1111
Polystictus_superciliaris,2011,,,-43.2592,-18.2981
Polystictus_superciliaris,2010,,,-43.4667,-19.8961
Polystictus_superciliaris,2012,,,-43.785,-17.9078
Polystictus_superciliaris,2011,,,-43.8917,-20.1317
Polystictus_superciliaris,2007,,,-43.6658,-20.11
Polystictus_superciliaris,2012,,,-41.8114,-20.4383
Polystictus_superciliaris,2011,,,-44.1156,-21.0622
Polystictus_superciliaris,2012,,,-43.8831,-21.6844
Polystictus_superciliaris,2012,,,-43.8872,-21.6883
Polystictus_superciliaris,2014,,,-43.3175,-18.3644
Polystictus_superciliaris,2011,,,-43.5189,-19.8956
Polystictus_superciliaris,2011,,,-43.5164,-19.8989
Polystictus_superciliaris,2011,,,-43.2592,-18.2981
Polystictus_superciliaris,2010,,,-43.8964,-20.1111
Polystictus_superciliaris,2012,,,-43.6581,-19.0786
Polystictus_superciliaris,2012,,,-43.7833,-17.9069
Polystictus_superciliaris,2012,,,-43.8889,-21.6872
Polystictus_superciliaris,2008,,,-43.6658,-20.11
Polystictus_superciliaris,2012,,,-43.8675,-18.7817
Polystictus_superciliaris,2011,,,-44.1172,-21.0608
Polystictus_superciliaris,2012,,,-41.8114,-20.4383
Myrmoderus_squamosus,2005,,,-47.480162,-23.913781
Myrmoderus_squamosus,2015,63,,-46.340917,-23.855861
Myrmoderus_squamosus,2016,61.8,,-48.541493,-25.587558
Myrmoderus_squamosus,2005,,,-47.452334,-23.920014
Myrmoderus_squamosus,2001,56.9,7.3,-48.812205,-27.768275
Myrmoderus_squamosus,2017,56.15,,-48.673631,-25.304749
Myrmoderus_squamosus,2006,,,-47.469706,-23.918526
Myrmoderus_squamosus,2005,55,,-47.81,-23.95
Myrmoderus_squamosus,2005,60,,-46.028,-22.977
Myrmoderus_squamosus,2002,56.1,,-48.541493,-25.587558
Myrmoderus_squamosus,2002,58.3,,-48.541493,-25.587558
Myrmoderus_squamosus,2002,55.9,,-48.541493,-25.587558
Myrmoderus_squamosus,2014,60,,-49.671408,-28.649798
Myrmoderus_squamosus,2006,,,-47.452334,-23.920014
Myrmoderus_squamosus,2006,58,,-47.684,-23.915
Myrmoderus_squamosus,2015,65,,-46.289722,-23.90525
Myrmoderus_squamosus,2006,,,-47.443783,-23.867903
Myrmoderus_squamosus,2000,,7.4,-48.416666,-24.316666
Myrmoderus_squamosus,2015,63,,-46.289722,-23.90525
Myrmoderus_squamosus,2005,,,-47.452334,-23.920014
Myrmoderus_squamosus,2000,,,-48.416666,-24.316666
Myrmoderus_squamosus,2001,54.7,,-48.541493,-25.587558
Myrmoderus_squamosus,2013,63,,-49.671408,-28.649798
Myrmoderus_squamosus,2015,58,,-46.305028,-23.883583
Myrmoderus_squamosus,2006,,,-47.446516,-23.833638
Myrmoderus_squamosus,2006,,,-47.469706,-23.918526
Myrmoderus_squamosus,2017,55.9,,-48.68104,-25.301984
Myrmoderus_squamosus,1999,,,-48.364722,-24.304722
Myrmoderus_squamosus,2013,60,,-49.671408,-28.649798
Myrmoderus_squamosus,2002,56.6,,-48.541493,-25.587558
Myrmoderus_squamosus,2001,57.8,,-48.541493,-25.587558
Myrmoderus_squamosus,2016,57,,-47.198404,-24.045634
Myrmoderus_squamosus,2006,,,-47.449187,-23.854583
Myrmoderus_squamosus,2006,63,,-45.982,-23.633
Myrmoderus_squamosus,2006,,,-47.446516,-23.833638
Myrmoderus_squamosus,2013,65,,-49.671408,-28.649798
Myrmoderus_squamosus,2006,60,,-45.982,-23.633
Myrmoderus_squamosus,1999,,,-48.364722,-24.304722
Myrmoderus_squamosus,2015,,,-47.245302,-24.06865
Myrmoderus_squamosus,2001,57.5,6.7,-48.512518,-27.531353
Myrmoderus_squamosus,2005,69,,-47.81,-23.95
Myrmoderus_squamosus,2017,55.45,,-48.68104,-25.301984
Myrmoderus_squamosus,2006,,,-47.452334,-23.920014
Myrmoderus_squamosus,2013,60,,-49.671408,-28.649798
Myrmoderus_squamosus,2014,61.04,4.66,-48.34105,-25.14759
Myrmoderus_squamosus,2005,75,,-46.399266,-23.833688
Myrmoderus_squamosus,2005,64,,-46.399266,-23.833688
Myrmoderus_squamosus,2006,,,-47.436016,-23.880844
Myrmoderus_squamosus,2010,65,,-48.573806,-27.426111
Myrmoderus_squamosus,2010,58,,-48.573806,-27.426111
Myrmoderus_squamosus,2006,,,-47.449187,-23.854583
Myrmoderus_squamosus,2015,,,-47.245302,-24.06865
Myrmoderus_squamosus,2001,57.5,35.8,-48.812205,-27.768275
Myrmoderus_squamosus,2001,,5.9,-48.416666,-24.316666
Myrmoderus_squamosus,1999,,,-48.364722,-24.304722
Myrmoderus_squamosus,2012,61,,-49.403256,-28.600583
Myrmoderus_squamosus,2006,,,-47.480381,-23.876407
Myrmoderus_squamosus,2015,67,,-46.369417,-23.842417
Myrmoderus_squamosus,2015,63,,-46.369417,-23.842417
Myrmoderus_squamosus,1999,,,-48.364722,-24.304722
Myrmoderus_squamosus,2015,59,,-46.340917,-23.855861
Myrmoderus_squamosus,2015,62,,-46.369417,-23.842417
Myrmoderus_squamosus,2007,,,-47.410015,-23.951935
Myrmoderus_squamosus,2012,57.9,,-48.541493,-25.587558
Myrmoderus_squamosus,2013,59,,-49.405145,-28.599546
Myrmoderus_squamosus,2010,64,,-48.888611,-25.993056
Myrmoderus_squamosus,2011,58,,-48.498056,-27.475556
Myrmoderus_squamosus,2015,61,,-46.340917,-23.855861
Myrmoderus_squamosus,2005,,,-47.396673,-23.947513
Myrmoderus_squamosus,2006,61,,-45.982,-23.633
Myrmoderus_squamosus,2006,62,,-47.81,-23.95
Myrmoderus_squamosus,2012,62,4,-47.949986,-24.16386
Myrmoderus_squamosus,2000,,5,-48.416666,-24.316666
Myrmoderus_squamosus,2005,,,-47.475802,-23.851386
Myrmoderus_squamosus,2013,56,,-47.0125,-23.963889
Myrmoderus_squamosus,2001,58.3,6.8,-48.512518,-27.531353
Myrmoderus_squamosus,2001,,6.3,-48.416666,-24.316666
Myrmoderus_squamosus,2006,62,,-47.684,-23.915
Myrmoderus_squamosus,2002,58.1,,-48.541493,-25.587558
Myrmoderus_squamosus,2013,55,,-49.671408,-28.649798
Myrmoderus_squamosus,2005,,,-47.480162,-23.913781
Myrmoderus_squamosus,2006,64,,-47.684,-23.915
Myrmoderus_squamosus,2006,,,-47.480162,-23.913781
Myrmoderus_squamosus,2006,64,,-45.982,-23.633
Myrmoderus_squamosus,2005,62,,-45.982,-23.633
Myrmoderus_squamosus,1999,,,-48.364722,-24.304722
Myrmoderus_squamosus,2010,59,,-46.016667,-23.033333
Myrmoderus_squamosus,2005,59.2,,-48.541493,-25.587558
Myrmoderus_squamosus,2006,,,-47.81,-23.95
Myrmoderus_squamosus,2001,56.7,,-48.541493,-25.587558
Myrmoderus_squamosus,2006,,,-47.48322,-23.886254
Myrmoderus_squamosus,2015,65,,-46.289722,-23.90525
Myrmoderus_squamosus,2006,60,,-47.684,-23.915
Myrmoderus_squamosus,2013,59,,-49.671408,-28.649798
Myrmoderus_squamosus,2006,,,-47.436016,-23.880844
Myrmoderus_squamosus,2015,63,,-46.340917,-23.855861
Myrmoderus_squamosus,1999,,,-48.364722,-24.304722
Myrmoderus_squamosus,2006,,,-47.460399,-23.88904
Myrmoderus_squamosus,2014,53,,-49.671408,-28.649798
Myrmoderus_squamosus,2013,62,,-49.671408,-28.649798
Myrmoderus_squamosus,2001,58,6,-48.474789,-27.585696
Myrmoderus_squamosus,2005,57.1,,-48.541493,-25.587558
Myrmoderus_squamosus,2005,64,,-47.684,-23.915
Myrmoderus_squamosus,2001,57.2,6.4,-48.810668,-27.73223
Myrmoderus_squamosus,2007,,,-47.449187,-23.854583
Myrmoderus_squamosus,2002,58,,-48.541493,-25.587558
Myrmoderus_squamosus,2014,56.1,,-48.541493,-25.587558
Myrmoderus_squamosus,2014,61,,-47.0125,-23.963889
Myrmoderus_squamosus,2005,,,-47.410015,-23.951935
Myrmoderus_squamosus,2015,68,,-46.305028,-23.883583
Myrmoderus_squamosus,1999,,,-48.364722,-24.304722
Myrmoderus_squamosus,2005,,,-47.480162,-23.913781
Myrmoderus_squamosus,2010,62,10.5,-48.616667,-26.15
Taraba_major,2009,92,10.45,-35.37,-5.88
Taraba_major,2010,87,14.2,-34.973484,-6.550309
Taraba_major,2017,,,-47.56375,-22.33372
Taraba_major,2014,92.9,,-47.86277,-21.16715
Taraba_major,2010,,,-35.18,-5.92
Taraba_major,2011,,,-35.18,-5.92
Taraba_major,2011,,,-35.18,-5.92
Taraba_major,2008,95,7.69,-48.687629,-21.402689
Taraba_major,2010,90.45,9.4,-35.09258,-7.181982
Taraba_major,2011,,,-35.18,-5.92
Taraba_major,2014,,,-35.18,-5.92
Taraba_major,2008,91,14.2,-36.434444,-10.465278
Taraba_major,2011,,,-35.18,-5.92
Taraba_major,2010,91,12.45,-54.204892,-23.135232
Taraba_major,2011,,,-35.18,-5.92
Taraba_major,2008,95,7.54,-49.050684,-20.288795
Taraba_major,2012,,,-35.18,-5.92
Taraba_major,2017,96,12.4,-49.398056,-22.530694
Taraba_major,2012,,,-35.18,-5.92
Taraba_major,2012,,,-35.18,-5.92
Taraba_major,2014,,,-35.18,-5.92
Taraba_major,2013,,,-35.18,-5.92
Taraba_major,2012,,,-35.18,-5.92
Taraba_major,2015,,,-47.543972,-22.396028
Taraba_major,2012,,,-35.18,-5.92
Taraba_major,2010,,14.9,-34.973484,-6.550309
Taraba_major,2011,,,-35.18,-5.92
Taraba_major,2011,,,-35.18,-5.92
Taraba_major,2012,,,-35.18,-5.92
Taraba_major,2013,,,-35.18,-5.92
Taraba_major,2015,85,10.7,-35.746496,-6.968757
Taraba_major,2012,,,-35.18,-5.92
Taraba_major,2015,89,12.5,-35.746496,-6.968757
Taraba_major,2013,90,13.5,-49.076722,-22.775
Taraba_major,2009,94,12.7,-36.717067,-10.257492
Taraba_major,2014,,,-35.18,-5.92
Taraba_major,2013,,,-35.18,-5.92
Taraba_major,2012,,,-35.18,-5.92
Taraba_major,2011,,,-35.18,-5.92
Taraba_major,2008,95,5.9,-48.687629,-21.402689
Taraba_major,2014,,,-35.18,-5.92
Taraba_major,2008,90,10.7,-36.434444,-10.465278
Taraba_major,2008,93,6.28,-49.050684,-20.288795
Taraba_major,2010,,,-35.18,-5.92
Taraba_major,2014,,,-35.18,-5.92
Taraba_major,2010,,,-35.18,-5.92
Taraba_major,2011,,,-35.18,-5.92
Taraba_major,2011,,,-35.18,-5.92
Taraba_major,2013,,,-35.18,-5.92
Taraba_major,2015,80,18,-35.746496,-6.968757
Taraba_major,2011,,,-35.18,-5.92
Taraba_major,2012,,,-35.18,-5.92
Taraba_major,2008,88,7.8,-36.655833,-10.4
Taraba_major,2016,,8.67,-47.56465,-22.33453
Taraba_major,2007,98,6.69,-50.087078,-20.051292
Taraba_major,2014,,,-35.18,-5.92
Taraba_major,2011,,,-35.18,-5.92
Taraba_major,2012,,,-35.18,-5.92
Taraba_major,2011,,,-35.18,-5.92
Taraba_major,2010,,,-35.18,-5.92
Taraba_major,2011,,,-35.18,-5.92
Taraba_major,2012,,,-35.18,-5.92
Taraba_major,2012,,,-35.18,-5.92
Taraba_major,2008,97,5.85,-49.050684,-20.288795
Taraba_major,2014,,,-35.18,-5.92
Taraba_major,2016,,13.58,-47.56375,-22.33372
Taraba_major,2008,,8.9,-54.232664,-23.921397
Taraba_major,2011,,,-35.18,-5.92
Taraba_major,2016,,13.52,-47.5985,-22.21679
Taraba_major,2011,,,-35.18,-5.92
Taraba_major,2011,90.5,10.25,-35.37,-5.88
Taraba_major,2008,96,6.15,-49.050684,-20.288795
Taraba_major,2011,,,-35.18,-5.92
Taraba_major,2013,,,-35.18,-5.92
Taraba_major,2011,,,-35.18,-5.92
Taraba_major,1999,94,,-47.841667,-21.971667
Taraba_major,2014,,,-35.18,-5.92
Taraba_major,2011,,,-35.18,-5.92
Taraba_major,2013,,,-35.18,-5.92
Taraba_major,2011,,,-35.18,-5.92
Taraba_major,2010,,,-35.18,-5.92
Taraba_major,2009,92,9.99,-35.37,-5.88
Taraba_major,2012,,,-35.18,-5.92
Taraba_major,2010,,,-35.18,-5.92
Taraba_major,2011,,,-35.18,-5.92
Taraba_major,2011,,,-35.18,-5.92
Taraba_major,2011,,,-35.18,-5.92
Taraba_major,2007,91,12,-54.219201,-23.120671
Taraba_major,2011,,,-35.18,-5.92
Taraba_major,2010,,,-35.18,-5.92
Taraba_major,2008,90,13.1,-36.655833,-10.4
Taraba_major,2011,,,-35.18,-5.92
Taraba_major,2012,,,-35.18,-5.92
Taraba_major,2012,,,-35.18,-5.92
Taraba_major,2014,,,-35.18,-5.92
Taraba_major,2011,,,-35.18,-5.92
Taraba_major,2012,,,-35.18,-5.92
Taraba_major,2012,,,-35.18,-5.92
Taraba_major,2012,,,-35.18,-5.92
Taraba_major,2014,,,-35.18,-5.92
Taraba_major,2010,,,-35.18,-5.92
Taraba_major,2016,91,9,-49.076722,-22.775
Taraba_major,2008,90,12.7,-36.655833,-10.4
Taraba_major,2014,,,-35.18,-5.92
Taraba_major,2013,,,-35.18,-5.92
Taraba_major,2009,96,7,-48.752072,-20.637686
Taraba_major,2000,89.54,12.79,-35.864361,-8.98225
Taraba_major,2008,93,11.14,-35.37,-5.88
Taraba_major,2017,95,11.2,-49.398056,-22.530694
Taraba_major,2012,,,-35.18,-5.92
Taraba_major,2013,,,-35.18,-5.92
Taraba_major,2011,,,-35.18,-5.92
Taraba_major,2009,90,15.6,-36.717067,-10.257492
Taraba_major,2008,91,13.8,-36.655833,-10.4
Taraba_major,2010,,,-35.18,-5.92
Taraba_major,2011,,,-35.18,-5.92
Taraba_major,2014,,,-35.18,-5.92
Taraba_major,2013,,,-35.18,-5.92
Taraba_major,2011,,,-35.18,-5.92
Taraba_major,2011,,,-35.18,-5.92
Taraba_major,2009,89,13.2,-54.232664,-23.921397
Taraba_major,2010,,,-35.18,-5.92
Taraba_major,2008,90,7.71,-48.687629,-21.402689
Taraba_major,2010,,,-35.18,-5.92
Taraba_major,2010,,,-35.18,-5.92
Taraba_major,2011,,,-35.18,-5.92
Taraba_major,2008,86,10.9,-36.434444,-10.465278
Taraba_major,2010,90,12.9,-54.204892,-23.135232
Taraba_major,2011,,,-35.18,-5.92
Taraba_major,2012,,,-35.18,-5.92
Taraba_major,2011,,,-35.18,-5.92
Taraba_major,2013,,,-35.18,-5.92
Taraba_major,2015,91,12.6,-35.746496,-6.968757
Taraba_major,2016,70,9.2,-35.746496,-6.968757
Taraba_major,2012,,,-35.18,-5.92
Taraba_major,2013,,,-35.18,-5.92
Taraba_major,2011,,,-35.18,-5.92
Taraba_major,2010,80,11,-35.746496,-6.968757
Taraba_major,2011,,,-35.18,-5.92
Taraba_major,2011,,,-35.18,-5.92
Taraba_major,2010,,,-35.18,-5.92
Taraba_major,2011,,,-35.18,-5.92
Taraba_major,2014,,,-35.18,-5.92
Taraba_major,2012,,,-35.18,-5.92
Taraba_major,2008,96,7.5,-49.050684,-20.288795
Taraba_major,2014,,,-35.18,-5.92
Taraba_major,2011,,,-35.18,-5.92
Taraba_major,2008,90,10.95,-54.219201,-23.120671
Taraba_major,2011,,,-35.18,-5.92
Taraba_major,2015,92,11.7,-35.746496,-6.968757
Taraba_major,2012,,,-35.18,-5.92
Taraba_major,2014,,,-35.18,-5.92
Taraba_major,2011,,,-35.18,-5.92
Taraba_major,2011,,,-35.18,-5.92
Taraba_major,2011,,,-35.18,-5.92
Taraba_major,2015,95,11,-49.402289,-22.529975
Taraba_major,2010,,,-35.18,-5.92
Taraba_major,2015,90,11.5,-49.402289,-22.529975
Taraba_major,2010,,,-43.4717,-20.0006
Taraba_major,2014,,,-35.18,-5.92
Taraba_major,2012,,,-35.18,-5.92
Taraba_major,2014,,,-35.18,-5.92
Taraba_major,2008,100,6.03,-49.505131,-20.321572
Taraba_major,2003,,,-43.43,-16.48
Thamnophilus_doliatus,2012,75,12.7,-47.417778,-22.820556
Thamnophilus_doliatus,2011,76,,-47.590125,-23.431942
Thamnophilus_doliatus,2008,76,5.51,-48.752072,-20.637686
Thamnophilus_doliatus,2008,77,5.7,-48.752072,-20.637686
Thamnophilus_doliatus,2016,,,-47.56465,-22.33453
Thamnophilus_doliatus,2007,,,-44.6331,-15.6664
Thamnophilus_doliatus,2008,,,-48.1642,-18.8022
Thamnophilus_doliatus,2008,71,5,-48.752072,-20.637686
Thamnophilus_doliatus,2008,71,10.1,-54.198213,-23.037761
Thamnophilus_doliatus,2007,,,-44.6331,-15.6664
Thamnophilus_doliatus,2015,71,9,-49.402289,-22.529975
Thamnophilus_doliatus,2008,75,5.06,-48.687629,-21.402689
Thamnophilus_doliatus,2015,75,9.6,-49.402289,-22.529975
Thamnophilus_doliatus,2016,,,-47.56465,-22.33453
Thamnophilus_doliatus,2008,,,-48.1642,-18.8022
Thamnophilus_doliatus,2014,73.9,,-47.85748,-21.16624
Thamnophilus_doliatus,2008,73,10,-54.198213,-23.037761
Thamnophilus_doliatus,2016,65,9.5,-47.403056,-23.24
Thamnophilus_doliatus,2014,66,,-47.86827,-21.1547
Thamnophilus_doliatus,2008,72,5.24,-48.752072,-20.637686
Thamnophilus_doliatus,2014,72.5,,-47.85748,-21.16624
Thamnophilus_doliatus,2009,77,10.9,-54.232664,-23.921397
Thamnophilus_doliatus,2008,77,5.32,-48.752072,-20.637686
Thamnophilus_doliatus,2014,,,-47.4403,-20.0772
Thamnophilus_doliatus,2008,75,5.3,-48.752072,-20.637686
Thamnophilus_doliatus,2009,79,5.32,-48.752072,-20.637686
Thamnophilus_doliatus,2009,75,10.1,-54.232664,-23.921397
Thamnophilus_doliatus,2014,,,-47.543972,-22.396028
Thamnophilus_doliatus,2007,,,-44.6331,-15.6664
Thamnophilus_doliatus,2017,77,8.1,-49.398056,-22.530694
Thamnophilus_doliatus,2008,78,11.2,-54.198213,-23.037761
Thamnophilus_doliatus,2017,,12.71,-47.59813,-22.21768
Thamnophilus_doliatus,2007,,,-44.6331,-15.6664
Thamnophilus_doliatus,2009,,5.47,-48.687629,-21.402689
Thamnophilus_doliatus,2007,72,9.7,-54.219201,-23.120671
Thamnophilus_doliatus,2006,,,-43.8961,-17.39
Thamnophilus_doliatus,2014,72.1,,-47.85748,-21.16624
Thamnophilus_doliatus,2015,,,-47.86277,-21.16715
Thamnophilus_doliatus,2007,,,-44.6331,-15.6664
Thamnophilus_doliatus,2007,,,-44.6331,-15.6664
Herpsilochmus_sellowi,2011,,,-35.18,-5.92
Herpsilochmus_sellowi,2012,,,-35.18,-5.92
Herpsilochmus_sellowi,2011,,,-35.18,-5.92
Herpsilochmus_sellowi,2014,,,-35.18,-5.92
Herpsilochmus_sellowi,2011,,,-35.18,-5.92
Herpsilochmus_sellowi,2014,,,-35.18,-5.92
Herpsilochmus_sellowi,2011,,,-35.18,-5.92
Herpsilochmus_sellowi,2011,,,-35.18,-5.92
Herpsilochmus_sellowi,2011,,,-35.18,-5.92
Herpsilochmus_sellowi,2012,,,-35.18,-5.92
Herpsilochmus_sellowi,2012,,,-35.18,-5.92
Herpsilochmus_sellowi,2013,,,-35.18,-5.92
Herpsilochmus_sellowi,2011,,,-35.18,-5.92
Herpsilochmus_sellowi,2011,,,-35.18,-5.92
Herpsilochmus_sellowi,2011,,,-35.18,-5.92
Herpsilochmus_sellowi,2011,,,-35.18,-5.92
Herpsilochmus_sellowi,2010,,,-35.18,-5.92
Herpsilochmus_sellowi,2011,,,-35.18,-5.92
Herpsilochmus_sellowi,2010,,,-35.18,-5.92
Herpsilochmus_sellowi,2013,,,-35.18,-5.92
Herpsilochmus_sellowi,2012,,,-35.18,-5.92
Herpsilochmus_sellowi,2010,,,-35.18,-5.92
Herpsilochmus_sellowi,2013,,,-35.18,-5.92
Herpsilochmus_sellowi,2012,,,-35.18,-5.92
Herpsilochmus_sellowi,2012,,,-35.18,-5.92
Herpsilochmus_sellowi,2012,,,-35.18,-5.92
Herpsilochmus_sellowi,2011,,,-35.18,-5.92
Herpsilochmus_sellowi,2011,,,-35.18,-5.92
Herpsilochmus_sellowi,2013,,,-35.18,-5.92
Herpsilochmus_sellowi,2011,,,-35.18,-5.92
Herpsilochmus_sellowi,2013,,,-35.18,-5.92
Herpsilochmus_sellowi,2011,,,-35.18,-5.92
Herpsilochmus_sellowi,2012,,,-35.18,-5.92
Herpsilochmus_sellowi,2010,,,-35.18,-5.92
Herpsilochmus_sellowi,2013,,,-35.18,-5.92
Herpsilochmus_sellowi,2011,50,5.67,-35.18,-5.93
Herpsilochmus_sellowi,2012,,,-35.18,-5.92
Herpsilochmus_sellowi,2010,,,-35.18,-5.92
Herpsilochmus_sellowi,2012,,,-35.18,-5.92
Herpsilochmus_sellowi,2013,,,-35.18,-5.92
Herpsilochmus_sellowi,2013,,,-35.18,-5.92
Herpsilochmus_sellowi,2012,,,-35.18,-5.92
Herpsilochmus_sellowi,2014,,,-35.18,-5.92
Herpsilochmus_sellowi,2012,,,-35.18,-5.92
Herpsilochmus_sellowi,2012,,,-35.18,-5.92
Herpsilochmus_sellowi,2010,,,-35.18,-5.92
Herpsilochmus_sellowi,2014,,,-35.18,-5.92
Herpsilochmus_sellowi,2012,,,-35.18,-5.92
Herpsilochmus_sellowi,2012,,,-35.18,-5.92
Herpsilochmus_sellowi,2011,,,-35.18,-5.92
Herpsilochmus_sellowi,2014,,,-35.18,-5.92
Herpsilochmus_sellowi,2011,,,-35.18,-5.92
Herpsilochmus_sellowi,2012,,,-35.18,-5.92
Herpsilochmus_sellowi,2013,,,-35.18,-5.92
Herpsilochmus_sellowi,2011,,,-35.18,-5.92
Herpsilochmus_sellowi,2013,,,-35.18,-5.92
Herpsilochmus_sellowi,2011,,,-35.18,-5.92
Herpsilochmus_sellowi,2011,,,-35.18,-5.92
Herpsilochmus_sellowi,2011,,,-35.18,-5.92
Herpsilochmus_sellowi,2011,,,-35.18,-5.92
Herpsilochmus_sellowi,2011,,,-35.18,-5.92
Herpsilochmus_sellowi,2013,,,-35.18,-5.92
Herpsilochmus_sellowi,2011,,,-35.18,-5.92
Herpsilochmus_sellowi,2011,,,-35.18,-5.92
Herpsilochmus_sellowi,2012,,,-35.18,-5.92
Herpsilochmus_sellowi,2010,,,-35.18,-5.92
Herpsilochmus_sellowi,2011,,,-35.18,-5.92
Herpsilochmus_sellowi,2013,,,-35.18,-5.92
Herpsilochmus_sellowi,2010,,,-35.18,-5.92
Herpsilochmus_sellowi,2011,,,-35.18,-5.92
Herpsilochmus_sellowi,2011,,,-35.18,-5.92
Herpsilochmus_sellowi,2014,,,-35.18,-5.92
Herpsilochmus_sellowi,2012,,,-35.18,-5.92
Herpsilochmus_sellowi,2012,,,-35.18,-5.92
Herpsilochmus_sellowi,2012,,,-35.18,-5.92
Herpsilochmus_sellowi,2011,,,-35.18,-5.92
Herpsilochmus_sellowi,2012,,,-35.18,-5.92
Herpsilochmus_sellowi,2012,,,-35.18,-5.92
Herpsilochmus_sellowi,2011,,,-35.18,-5.92
Herpsilochmus_sellowi,2013,,,-35.18,-5.92
Herpsilochmus_sellowi,2012,,,-35.18,-5.92
Herpsilochmus_sellowi,2012,,,-35.18,-5.92
Herpsilochmus_sellowi,2012,,,-35.18,-5.92
Herpsilochmus_sellowi,2010,,,-35.18,-5.92
Herpsilochmus_sellowi,2011,,,-35.18,-5.92
Herpsilochmus_sellowi,2013,,,-35.18,-5.92
Herpsilochmus_sellowi,2012,,,-35.18,-5.92
Herpsilochmus_sellowi,2013,,,-35.18,-5.92
Herpsilochmus_sellowi,2012,,,-35.18,-5.92
Herpsilochmus_sellowi,2012,,,-35.18,-5.92
Herpsilochmus_sellowi,2010,,,-35.18,-5.92
Herpsilochmus_sellowi,2010,,,-35.18,-5.92
Herpsilochmus_sellowi,2011,,,-35.18,-5.92
Herpsilochmus_sellowi,2014,,,-35.18,-5.92
Herpsilochmus_sellowi,2011,,,-35.18,-5.92
Herpsilochmus_sellowi,2010,,,-35.18,-5.92
Herpsilochmus_sellowi,2016,,,-42.6983,-16.08
Herpsilochmus_sellowi,2011,,,-35.18,-5.92
Herpsilochmus_sellowi,2012,,,-35.18,-5.92
Herpsilochmus_sellowi,2014,,,-35.18,-5.92
Herpsilochmus_sellowi,2012,,,-35.18,-5.92
Herpsilochmus_sellowi,2011,,,-35.18,-5.92
Herpsilochmus_sellowi,2011,,,-35.18,-5.92
Herpsilochmus_sellowi,2012,,,-35.18,-5.92
Herpsilochmus_sellowi,2013,,,-35.18,-5.92
Herpsilochmus_sellowi,2012,,,-35.18,-5.92
Herpsilochmus_sellowi,2014,,,-35.18,-5.92
Herpsilochmus_sellowi,2011,,,-35.18,-5.92
Herpsilochmus_sellowi,2013,,,-43.1275,-16.0722
Herpsilochmus_sellowi,2014,,,-35.18,-5.92
Herpsilochmus_sellowi,2011,,,-35.18,-5.92
Herpsilochmus_sellowi,2013,,,-35.18,-5.92
Herpsilochmus_sellowi,2014,,,-35.18,-5.92
Herpsilochmus_sellowi,2010,,,-35.18,-5.92
Herpsilochmus_sellowi,2013,,,-35.18,-5.92
Herpsilochmus_sellowi,2013,,,-35.18,-5.92
Herpsilochmus_sellowi,2011,,,-35.18,-5.92
Herpsilochmus_sellowi,2012,,,-35.18,-5.92
Herpsilochmus_sellowi,2011,,,-35.18,-5.92
Herpsilochmus_sellowi,2012,,,-35.18,-5.92
Herpsilochmus_sellowi,2013,,,-35.18,-5.92
Herpsilochmus_sellowi,2014,,,-35.18,-5.92
Herpsilochmus_sellowi,2010,,,-35.18,-5.92
Herpsilochmus_sellowi,2012,,,-35.18,-5.92
Herpsilochmus_sellowi,2011,,,-35.18,-5.92
Herpsilochmus_sellowi,2010,49,4.82,-35.18,-5.92
Herpsilochmus_sellowi,2011,,,-35.18,-5.92
Herpsilochmus_sellowi,2014,,,-35.18,-5.92
Herpsilochmus_sellowi,2012,,,-35.18,-5.92
Herpsilochmus_sellowi,2012,,,-35.18,-5.92
Herpsilochmus_sellowi,2010,,,-35.18,-5.92
Herpsilochmus_sellowi,2011,,,-35.18,-5.92
Herpsilochmus_sellowi,2012,,,-35.18,-5.92
Herpsilochmus_sellowi,2014,,,-35.18,-5.92
Herpsilochmus_sellowi,2014,,,-35.18,-5.92
Herpsilochmus_sellowi,2010,,,-35.18,-5.92
Herpsilochmus_sellowi,2010,,,-35.18,-5.92
Herpsilochmus_sellowi,2010,,,-35.18,-5.92
Herpsilochmus_sellowi,2012,,,-35.18,-5.92
Herpsilochmus_sellowi,2014,,,-35.18,-5.92
Herpsilochmus_sellowi,2014,,,-35.18,-5.92
Herpsilochmus_sellowi,2012,,,-35.18,-5.92
Herpsilochmus_sellowi,2012,,,-35.18,-5.92
Herpsilochmus_sellowi,2012,,,-35.18,-5.92
Herpsilochmus_sellowi,2012,,,-35.18,-5.92
Herpsilochmus_sellowi,2016,,,-42.6983,-16.08
Herpsilochmus_sellowi,2016,,,-42.6983,-16.08
Herpsilochmus_sellowi,2014,,,-35.18,-5.92
Herpsilochmus_sellowi,2012,,,-43.1269,-16.0714
Herpsilochmus_sellowi,2013,,,-35.18,-5.92
Herpsilochmus_sellowi,2010,,,-35.18,-5.92
Herpsilochmus_sellowi,2012,,,-35.18,-5.92
Herpsilochmus_sellowi,2012,,,-35.18,-5.92
Herpsilochmus_sellowi,2014,,,-35.18,-5.92
Herpsilochmus_sellowi,2010,,,-35.18,-5.92
Herpsilochmus_sellowi,2012,,,-35.18,-5.92
Herpsilochmus_sellowi,2011,,,-35.18,-5.92
Herpsilochmus_sellowi,2012,,,-35.18,-5.92
Herpsilochmus_sellowi,2012,,,-35.18,-5.92
Herpsilochmus_sellowi,2011,,,-35.18,-5.92
Herpsilochmus_sellowi,2011,,,-35.18,-5.92
Herpsilochmus_sellowi,2014,,,-35.18,-5.92
Herpsilochmus_sellowi,2010,48,5.56,-35.18,-5.92
Herpsilochmus_sellowi,2014,,,-35.18,-5.92
Herpsilochmus_sellowi,2012,,,-35.18,-5.92
Herpsilochmus_sellowi,2011,,,-35.18,-5.92
Herpsilochmus_sellowi,2012,,,-43.1269,-16.0714
Herpsilochmus_sellowi,2014,,,-35.18,-5.92
Herpsilochmus_sellowi,2014,,,-35.18,-5.92
Herpsilochmus_sellowi,2010,,,-35.18,-5.92
Herpsilochmus_sellowi,2012,,,-35.18,-5.92
Herpsilochmus_sellowi,2011,,,-35.18,-5.92
Herpsilochmus_sellowi,2014,,,-35.18,-5.92
Herpsilochmus_sellowi,2012,,,-35.18,-5.92
Herpsilochmus_sellowi,2014,,,-35.18,-5.92
Herpsilochmus_sellowi,2010,,,-35.18,-5.92
Herpsilochmus_sellowi,2011,,,-35.18,-5.92
Herpsilochmus_sellowi,2012,,,-35.18,-5.92
Herpsilochmus_sellowi,2011,,,-35.18,-5.92
Herpsilochmus_sellowi,2013,,,-35.18,-5.92
Herpsilochmus_sellowi,2010,,,-35.18,-5.92
Herpsilochmus_sellowi,2012,,,-35.18,-5.92
Herpsilochmus_sellowi,2011,,,-35.18,-5.92
Herpsilochmus_sellowi,2012,,,-35.18,-5.92
Herpsilochmus_sellowi,2014,,,-35.18,-5.92
Herpsilochmus_sellowi,2012,,,-35.18,-5.92
Herpsilochmus_sellowi,2012,,,-35.18,-5.92
Herpsilochmus_sellowi,2012,,,-35.18,-5.92
Herpsilochmus_sellowi,2011,,,-35.18,-5.92
Herpsilochmus_sellowi,2011,,,-35.18,-5.92
Herpsilochmus_sellowi,2011,,,-35.18,-5.92
Herpsilochmus_sellowi,2011,,,-35.18,-5.92
Herpsilochmus_sellowi,2012,,,-35.18,-5.92
Herpsilochmus_sellowi,2010,,,-35.18,-5.92
Herpsilochmus_sellowi,2011,,,-35.18,-5.92
Herpsilochmus_sellowi,2011,,,-35.18,-5.92
Herpsilochmus_sellowi,2014,,,-35.18,-5.92
Herpsilochmus_sellowi,2011,,,-35.18,-5.92
Herpsilochmus_sellowi,2010,,,-35.18,-5.92
Herpsilochmus_sellowi,2011,,,-35.18,-5.92
Herpsilochmus_sellowi,2014,,,-35.18,-5.92
Herpsilochmus_sellowi,2014,,,-35.18,-5.92
Herpsilochmus_sellowi,2011,,,-35.18,-5.92
Herpsilochmus_sellowi,2012,,,-35.18,-5.92
Herpsilochmus_sellowi,2012,,,-35.18,-5.92
Herpsilochmus_sellowi,2011,,,-35.18,-5.92
Herpsilochmus_sellowi,2010,,,-35.18,-5.92
Herpsilochmus_sellowi,2012,,,-35.18,-5.92
Herpsilochmus_sellowi,2012,,,-35.18,-5.92
Herpsilochmus_sellowi,2012,,,-35.18,-5.92
Herpsilochmus_sellowi,2011,,,-35.18,-5.92
Herpsilochmus_sellowi,2010,,,-35.18,-5.92
Herpsilochmus_sellowi,2011,,,-35.18,-5.92
Herpsilochmus_sellowi,2012,,,-35.18,-5.92
Herpsilochmus_sellowi,2012,,,-35.18,-5.92
Herpsilochmus_sellowi,2011,,,-35.18,-5.92
Herpsilochmus_sellowi,2011,,,-35.18,-5.92
Herpsilochmus_sellowi,2013,,,-35.18,-5.92
Herpsilochmus_sellowi,2010,,,-35.18,-5.92
Herpsilochmus_sellowi,2014,,,-35.18,-5.92
Herpsilochmus_sellowi,2010,,,-35.18,-5.92
Herpsilochmus_sellowi,2011,,,-35.18,-5.92
Herpsilochmus_sellowi,2011,,,-35.18,-5.92
Herpsilochmus_sellowi,2011,,,-35.18,-5.92
Herpsilochmus_sellowi,2013,,,-35.18,-5.92
Herpsilochmus_sellowi,2011,,,-35.18,-5.92
Herpsilochmus_sellowi,2010,,,-35.18,-5.92
Herpsilochmus_sellowi,2010,,,-35.18,-5.92
Herpsilochmus_sellowi,2011,,,-35.18,-5.92
Herpsilochmus_sellowi,2011,,,-35.18,-5.92
Herpsilochmus_sellowi,2014,,,-35.18,-5.92
Herpsilochmus_sellowi,2014,,,-35.18,-5.92
Herpsilochmus_sellowi,2012,,,-43.1269,-16.0714
Herpsilochmus_sellowi,2014,,,-35.18,-5.92
Herpsilochmus_sellowi,2014,,,-35.18,-5.92
Herpsilochmus_sellowi,2012,,,-35.18,-5.92
Herpsilochmus_sellowi,2010,,,-35.18,-5.92
Herpsilochmus_sellowi,2012,,,-35.18,-5.92
Herpsilochmus_sellowi,2011,,,-35.18,-5.92
Herpsilochmus_sellowi,2011,,,-35.18,-5.92
Herpsilochmus_sellowi,2014,,,-35.18,-5.92
Herpsilochmus_sellowi,2012,,,-35.18,-5.92
Herpsilochmus_sellowi,2010,,,-35.18,-5.92
Herpsilochmus_sellowi,2011,,,-35.18,-5.92
Herpsilochmus_sellowi,2010,,,-35.18,-5.92
Herpsilochmus_sellowi,2012,,,-35.18,-5.92
Thamnophilus_pelzelni,2009,,,-34.973484,-6.550309
Thamnophilus_pelzelni,2008,68,10.8,-34.973484,-6.550309
Thamnophilus_pelzelni,2014,,,-35.18,-5.92
Thamnophilus_pelzelni,2009,66,9.4,-34.973484,-6.550309
Thamnophilus_pelzelni,2009,67,8.2,-35.144167,-6.741389
Thamnophilus_pelzelni,2008,69,10.7,-34.973484,-6.550309
Thamnophilus_pelzelni,2009,64.5,10.8,-34.973484,-6.550309
Thamnophilus_pelzelni,2011,,,-35.144167,-6.741389
Thamnophilus_pelzelni,2011,,,-35.144167,-6.741389
Thamnophilus_pelzelni,2010,,,-35.144167,-6.741389
Thamnophilus_pelzelni,2009,67,10.2,-34.973484,-6.550309
Thamnophilus_pelzelni,2009,67.5,10,-34.973484,-6.550309
Thamnophilus_pelzelni,2008,68,9.5,-34.973484,-6.550309
Thamnophilus_pelzelni,2012,,,-43.1275,-16.0736
Thamnophilus_pelzelni,2009,69,9,-35.144167,-6.741389
Thamnophilus_pelzelni,2008,64.5,9.8,-34.973484,-6.550309
Thamnophilus_pelzelni,2012,,,-43.1269,-16.0714
Thamnophilus_pelzelni,2008,65,9.9,-34.973484,-6.550309
Thamnophilus_pelzelni,2010,,,-35.144167,-6.741389
Thamnophilus_pelzelni,2010,69,7.4,-35.144167,-6.741389
Thamnophilus_pelzelni,2009,69.5,8.5,-34.973484,-6.550309
Thamnophilus_pelzelni,2009,66,10.2,-34.973484,-6.550309
Thamnophilus_pelzelni,2011,,,-35.144167,-6.741389
Thamnophilus_pelzelni,2013,,,-35.18,-5.92
Thamnophilus_pelzelni,2012,69,,-35.144167,-6.741389
Thamnophilus_pelzelni,2010,65,,-35.144167,-6.741389
Thamnophilus_pelzelni,2010,,,-35.144167,-6.741389
Thamnophilus_pelzelni,2010,63,10.5,-34.973484,-6.550309
Thamnophilus_pelzelni,2011,,,-35.18,-5.92
Thamnophilus_pelzelni,2009,71,6.3,-35.144167,-6.741389
Thamnophilus_pelzelni,2008,66,10.15,-34.973484,-6.550309
Thamnophilus_pelzelni,2010,,,-35.144167,-6.741389
Thamnophilus_pelzelni,2008,73,10.3,-34.973484,-6.550309
Thamnophilus_pelzelni,2010,67,7.9,-35.144167,-6.741389
Thamnophilus_pelzelni,2016,,8.4,-47.5985,-22.21679
Thamnophilus_pelzelni,2012,,,-43.8961,-17.39
Thamnophilus_pelzelni,2013,93,,-35.144167,-6.741389
Thamnophilus_pelzelni,2009,67,10.15,-34.973484,-6.550309
Thamnophilus_pelzelni,2012,63,,-35.144167,-6.741389
Thamnophilus_pelzelni,2008,67.5,10.2,-34.973484,-6.550309
Thamnophilus_pelzelni,2012,,,-43.1372,-16.0428
Thamnophilus_pelzelni,2011,70,,-35.144167,-6.741389
Thamnophilus_pelzelni,2009,66,11,-34.973484,-6.550309
Thamnophilus_pelzelni,2009,65,11.35,-34.973484,-6.550309
Thamnophilus_pelzelni,2005,75,,-48.46,-23.29
Thamnophilus_pelzelni,2012,66,,-35.144167,-6.741389
Thamnophilus_pelzelni,2015,63,6,-35.746496,-6.968757
Thamnophilus_pelzelni,2012,72,,-35.144167,-6.741389
Thamnophilus_pelzelni,2012,,,-43.1275,-16.0736
Thamnophilus_pelzelni,2010,68,10.4,-34.973484,-6.550309
Thamnophilus_pelzelni,2012,,,-35.144167,-6.741389
Thamnophilus_pelzelni,2014,,,-47.3908,-20.0397
Thamnophilus_pelzelni,2010,63,10.6,-34.973484,-6.550309
Thamnophilus_pelzelni,2010,,,-35.144167,-6.741389
Thamnophilus_pelzelni,2009,69,8.7,-35.144167,-6.741389
Thamnophilus_pelzelni,2011,,,-35.144167,-6.741389
Thamnophilus_pelzelni,2016,71,11.8,-34.9532021832,-7.9964573463
Thamnophilus_pelzelni,2009,71,7.5,-35.144167,-6.741389
Thamnophilus_pelzelni,2009,68,8.9,-35.144167,-6.741389
Thamnophilus_pelzelni,2006,62,6.8,-35.139925,-6.741965
Thamnophilus_pelzelni,2017,71,6.4,-49.398056,-22.530694
Thamnophilus_pelzelni,2010,,,-35.144167,-6.741389
Thamnophilus_pelzelni,2012,65,,-35.144167,-6.741389
Thamnophilus_pelzelni,2010,,,-35.144167,-6.741389
Thamnophilus_pelzelni,2010,,,-35.144167,-6.741389
Thamnophilus_pelzelni,2009,68.5,10.6,-34.973484,-6.550309
Thamnophilus_pelzelni,2006,70,8,-35.139925,-6.741965
Thamnophilus_pelzelni,2016,,,-42.6983,-16.08
Thamnophilus_pelzelni,2012,68,8.21,-35.37,-5.88
Thamnophilus_pelzelni,2010,,,-35.144167,-6.741389
Thamnophilus_pelzelni,2012,70,,-35.144167,-6.741389
Thamnophilus_pelzelni,2008,,,-34.973484,-6.550309
Thamnophilus_pelzelni,2012,,,-43.1347,-16.0514
Antilophia_galeata,2012,78,12.1,-47.505278,-22.569167
Antilophia_galeata,2013,75,4.9,-49.076722,-22.775
Antilophia_galeata,2017,76,5,-49.398056,-22.530694
Antilophia_galeata,2007,80,4.37,-50.087078,-20.051292
Antilophia_galeata,2008,76,9.5,-54.232664,-23.921397
Antilophia_galeata,2009,,13.3,-47.55,-22.416667
Antilophia_galeata,2014,81,7.3,-49.398056,-22.530694
Antilophia_galeata,2017,84,8.7,-49.398056,-22.530694
Antilophia_galeata,2017,76,8.3,-49.398056,-22.530694
Antilophia_galeata,2017,81,7.9,-49.398056,-22.530694
Antilophia_galeata,2017,76,8.3,-49.398056,-22.530694
Antilophia_galeata,2017,83,4.1,-49.398056,-22.530694
Antilophia_galeata,2017,,12.9,-47.59813,-22.21768
Antilophia_galeata,2016,,,-47.5985,-22.21679
Antilophia_galeata,2008,81,9.4,-54.232664,-23.921397
Antilophia_galeata,2009,,12.7,-47.55,-22.416667
Antilophia_galeata,2013,84,4.6,-49.076722,-22.775
Antilophia_galeata,2015,76,8.8,-49.402289,-22.529975
Antilophia_galeata,2015,80,10.86,-56.533456,-21.192887
Antilophia_galeata,2017,80,8.1,-49.398056,-22.530694
Antilophia_galeata,2012,,,-47.60982,-22.292
Antilophia_galeata,2014,86,5,-49.398056,-22.530694
Antilophia_galeata,2012,,,-47.60982,-22.292
Antilophia_galeata,2014,76,7.7,-49.398056,-22.530694
Antilophia_galeata,2014,84,7.4,-49.398056,-22.530694
Antilophia_galeata,2015,71,9.5,-49.402289,-22.529975
Antilophia_galeata,2012,,,-47.60982,-22.292
Antilophia_galeata,2013,77,5.6,-49.076722,-22.775
Antilophia_galeata,2014,76,6.8,-49.398056,-22.530694
Antilophia_galeata,2012,,,-47.67257,-22.5756
Antilophia_galeata,2016,81,,-49.672487,-22.37698
Antilophia_galeata,2017,77,8.1,-49.398056,-22.530694
Antilophia_galeata,2012,,,-47.60982,-22.292
Antilophia_galeata,2012,,,-47.60982,-22.292
Antilophia_galeata,2012,185,,-47.505278,-22.569167
Antilophia_galeata,2017,73,8.3,-49.398056,-22.530694
Antilophia_galeata,2015,78,6.9,-49.402289,-22.529975
Antilophia_galeata,2012,,,-47.60982,-22.292
Antilophia_galeata,2012,,,-47.59842,-22.21617
Antilophia_galeata,2017,75,7.5,-49.398056,-22.530694
Antilophia_galeata,2017,73,6,-49.398056,-22.530694
Antilophia_galeata,2012,,,-47.67257,-22.5756
Antilophia_galeata,2012,74,10.5,-47.505278,-22.569167
Antilophia_galeata,2014,83,7.4,-49.398056,-22.530694
Antilophia_galeata,2017,77,6.3,-49.398056,-22.530694
Antilophia_galeata,2012,75,11.4,-47.505278,-22.569167
Antilophia_galeata,2011,80,10.8,-47.505278,-22.569167
Antilophia_galeata,2009,78,5.26,-49.050684,-20.288795
Antilophia_galeata,2014,77,5.9,-49.398056,-22.530694
Antilophia_galeata,2017,75,9.2,-49.398056,-22.530694
Antilophia_galeata,2007,82,5.52,-48.500683,-21.405189
Antilophia_galeata,2012,,,-47.505278,-22.569167
Antilophia_galeata,2012,,,-47.60982,-22.292
Antilophia_galeata,2012,,,-47.60982,-22.292
Antilophia_galeata,2011,,,-47.60982,-22.292
Antilophia_galeata,2014,78,6.3,-49.398056,-22.530694
Antilophia_galeata,2014,78,7.4,-49.398056,-22.530694
Antilophia_galeata,2015,,,-47.4244,-20.0289
Antilophia_galeata,2012,,,-47.60982,-22.292
Antilophia_galeata,2014,,,-43.5325,-18.41
Antilophia_galeata,2009,,,-44.415,-20.1475
Antilophia_galeata,2007,78,4.21,-48.500683,-21.405189
Antilophia_galeata,2009,,,-44.415,-20.1475
Antilophia_galeata,2014,76,9,-49.398056,-22.530694
Antilophia_galeata,2014,77,7.1,-49.398056,-22.530694
Antilophia_galeata,2014,78,5.7,-49.398056,-22.530694
Antilophia_galeata,2014,83,5.2,-49.398056,-22.530694
Antilophia_galeata,2017,76,9.8,-49.398056,-22.530694
Antilophia_galeata,2007,78,6.25,-48.500683,-21.405189
Antilophia_galeata,2017,79,6.6,-49.398056,-22.530694
Antilophia_galeata,2015,83,9.48,-56.616446,-21.038099
Antilophia_galeata,2015,76,7.5,-49.402289,-22.529975
Antilophia_galeata,2014,77,7.3,-49.398056,-22.530694
Antilophia_galeata,2017,80,4.2,-49.398056,-22.530694
Antilophia_galeata,2017,78,7,-49.398056,-22.530694
Antilophia_galeata,2011,72,10.5,-47.505278,-22.569167
Antilophia_galeata,2011,80.8,,-44.4272,-19.8672
Antilophia_galeata,2013,74.9,,-44.41,-19.8886
Antilophia_galeata,2017,81,9.3,-49.398056,-22.530694
Antilophia_galeata,2012,,,-47.70173,-22.48051
Antilophia_galeata,2012,,,-47.60982,-22.292
Antilophia_galeata,2014,,,-45.1269,-16.3286
Antilophia_galeata,2012,75,,-47.505278,-22.569167
Antilophia_galeata,2017,76,8,-49.398056,-22.530694
Antilophia_galeata,2017,80,8.5,-49.398056,-22.530694
Antilophia_galeata,2012,,,-47.69429,-22.50735
Antilophia_galeata,2017,79,7.8,-49.398056,-22.530694
Antilophia_galeata,2012,79.8,,-44.4081,-19.8761
Antilophia_galeata,2011,73.7,9.5,-47.505278,-22.569167
Antilophia_galeata,2012,,,-47.60982,-22.292
Formicivora_rufa,1999,49,,-40.970231,-21.232122
Formicivora_rufa,2010,47,,-40.413889,-20.579361
Formicivora_rufa,2012,51.6,,-40.421322,-20.415332
Formicivora_rufa,2011,48.4,,-40.417444,-20.583694
Formicivora_rufa,2010,50.7,,-40.416861,-20.588917
Formicivora_rufa,2010,51.4,,-40.415722,-20.583333
Formicivora_rufa,2011,51.1,,-40.421322,-20.415332
Formicivora_rufa,2011,49.9,,-40.421322,-20.415332
Formicivora_rufa,2005,50,4.5,-41.662676,-22.2781
Formicivora_rufa,1999,50,,-40.970231,-21.232122
Formicivora_rufa,2010,,,-40.416028,-20.583528
Formicivora_rufa,2010,,,-40.415556,-20.587667
Formicivora_rufa,2011,47.5,,-40.421322,-20.415332
Formicivora_rufa,2010,53.3,,-40.414917,-20.585667
Formicivora_rufa,2011,49.6,,-40.421322,-20.415332
Formicivora_rufa,2011,47,,-40.421322,-20.415332
Formicivora_rufa,2010,50.2,,-40.413889,-20.579361
Formicivora_rufa,2002,50,,-41.661133,-22.278133
Formicivora_rufa,2011,45.6,,-40.417639,-20.581778
Formicivora_rufa,1999,53,,-40.4325,-20.629722
Formicivora_rufa,2010,50.5,,-40.413889,-20.579361
Formicivora_rufa,2007,53,3.7,-41.662676,-22.2781
Formicivora_rufa,2011,48.7,,-40.421322,-20.415332
Formicivora_rufa,2009,51.2,,-40.421322,-20.415332
Formicivora_rufa,2009,47.7,,-40.421322,-20.415332
Formicivora_rufa,2011,46.4,,-40.418694,-20.580528
Formicivora_rufa,2011,50.4,,-40.421111,-20.581361
Formicivora_rufa,2011,52.6,,-40.419111,-20.583389
Formicivora_rufa,2011,47.5,,-40.421322,-20.415332
Formicivora_rufa,2002,54,4.3,-41.661133,-22.278133
Formicivora_rufa,1999,51,,-40.4325,-20.629722
Formicivora_rufa,2002,51,,-41.662676,-22.2781
Formicivora_rufa,2008,48,4,-41.662676,-22.2781
Formicivora_rufa,2011,45.6,,-40.418639,-20.583944
Formicivora_rufa,2010,,,-40.413694,-20.580639
Formicivora_rufa,2011,48.1,,-40.419667,-20.582222
Formicivora_rufa,2003,51,,-41.662676,-22.2781
Formicivora_rufa,2006,51,3.7,-41.662676,-22.2781
Formicivora_rufa,2011,50.1,,-40.411778,-20.576694
Formicivora_rufa,2011,50.2,,-40.416333,-20.582667
Formicivora_rufa,2010,47.2,,-40.424252,-20.592889
Formicivora_rufa,2012,54,4,-41.645929,-22.26885
Formicivora_rufa,1999,49,,-40.970231,-21.232122
Cyanerpes_cyaneus,2011,60.2,,-40.413556,-20.602806
Cyanerpes_cyaneus,2010,60,,-40.423528,-20.592528
Cyanerpes_cyaneus,2009,65,3.3,-42.047183,-22.421778
Cyanerpes_cyaneus,2013,,,-35.18,-5.92
Cyanerpes_cyaneus,2009,63,,-41.662676,-22.2781
Cyanerpes_cyaneus,2006,62,4.5,-41.662676,-22.2781
Cyanerpes_cyaneus,2009,63,4,-42.047183,-22.435356
Cyanerpes_cyaneus,2010,61,4.2,-35.144167,-6.741389
Cyanerpes_cyaneus,2010,63,6.6,-35.144167,-6.741389
Cyanerpes_cyaneus,2010,58,6.2,-35.144167,-6.741389
Cyanerpes_cyaneus,2011,65,,-35.144167,-6.741389
Cyanerpes_cyaneus,2010,62.1,,-40.423583,-20.591667
Cyanerpes_cyaneus,1999,58,,-39.746772,-18.708027
Cyanerpes_cyaneus,2010,66,5.3,-35.144167,-6.741389
Cyanerpes_cyaneus,2008,60,3.8,-41.662676,-22.2781
Cyanerpes_cyaneus,2012,63,,-41.645929,-22.26885
Cyanerpes_cyaneus,2010,60.9,,-40.426806,-20.59575
Cyanerpes_cyaneus,2017,67,6.1,-34.9532021832,-7.9964573463
Cyanerpes_cyaneus,2006,63,5,-41.662676,-22.2781
Cyanerpes_cyaneus,1999,62,,-39.746772,-18.708027
Cyanerpes_cyaneus,2010,63.1,,-40.421444,-20.591667
Cyanerpes_cyaneus,2010,64.5,,-40.426806,-20.59575
Cyanerpes_cyaneus,2016,62,6.5,-35.746496,-6.968757
Cyanerpes_cyaneus,2009,64,7.1,-34.973484,-6.550309
Cyanerpes_cyaneus,1990,57.64,7.39,-35.151667,-8.661389
Cyanerpes_cyaneus,2000,61.85,7.63,-35.414231,-8.685603
Cyanerpes_cyaneus,2009,59,5.4,-41.662676,-22.2781
Cyanerpes_cyaneus,2009,64,4.5,-42.047183,-22.435356
Cyanerpes_cyaneus,2017,69,6,-34.9445366915,-7.9938007267
Cyanerpes_cyaneus,2017,65,6.1,-34.9532021832,-7.9964573463
Cyanerpes_cyaneus,2010,,,-40.423194,-20.595667
Cyanerpes_cyaneus,1999,62,,-39.1028,-16.65549
Cyanerpes_cyaneus,2007,65,4.8,-41.662676,-22.2781
Cyanerpes_cyaneus,2010,64,4.5,-42.033417,-22.424508
Cyanerpes_cyaneus,2011,63,4,-41.662676,-22.2781
Cyanerpes_cyaneus,2010,65,4.8,-35.144167,-6.741389
Cyanerpes_cyaneus,2010,63,5.3,-35.144167,-6.741389
Cyanerpes_cyaneus,2010,64,5.3,-35.144167,-6.741389
Cyanerpes_cyaneus,2011,60,,-35.144167,-6.741389
Cyanerpes_cyaneus,2010,63,5.6,-35.144167,-6.741389
Cyanerpes_cyaneus,2010,59.7,,-40.426806,-20.59575
Cyanerpes_cyaneus,2009,60.1,,-40.423528,-20.592528
Cyanerpes_cyaneus,2010,59,,-40.426806,-20.59575
Cyanerpes_cyaneus,2010,64,5.6,-35.144167,-6.741389
Cyanerpes_cyaneus,2010,62,6.4,-35.144167,-6.741389
Cyanerpes_cyaneus,2010,60,4.7,-35.144167,-6.741389
Cyanerpes_cyaneus,2010,54.7,,-40.426806,-20.59575
Cyanerpes_cyaneus,2010,,,-40.423194,-20.595667
Cyanerpes_cyaneus,2010,48.7,,-40.423194,-20.595667
Cyanerpes_cyaneus,2010,61,4.7,-35.144167,-6.741389
Cyanerpes_cyaneus,2013,,,-35.18,-5.92
Cyanerpes_cyaneus,2010,63,5.6,-35.144167,-6.741389
Cyanerpes_cyaneus,2009,,,-40.423231,-20.415212
Cyanerpes_cyaneus,2009,,,-40.423231,-20.415212
Cyanerpes_cyaneus,2010,64,4.9,-35.144167,-6.741389
Cyanerpes_cyaneus,2008,64,4.3,-41.662676,-22.2781
Cyanerpes_cyaneus,2011,61,,-35.144167,-6.741389
Cyanerpes_cyaneus,2010,63,5.3,-35.144167,-6.741389
Cyanerpes_cyaneus,2012,62.9,,-40.423528,-20.592528
Cyanerpes_cyaneus,2012,60.1,,-40.423231,-20.415212
Cyanerpes_cyaneus,2010,65,5.5,-35.144167,-6.741389
Cyanerpes_cyaneus,2010,61,5.6,-35.144167,-6.741389
Cyanerpes_cyaneus,2017,56,9.2,-34.9532021832,-7.9964573463
Cyanerpes_cyaneus,2010,65,5.2,-35.144167,-6.741389
Cyanerpes_cyaneus,2017,62,8.2,-34.9445366915,-7.9938007267
Cyanerpes_cyaneus,2009,62,4.7,-42.047183,-22.435356
Cyanerpes_cyaneus,2010,61.6,,-40.420944,-20.591778
Cyanerpes_cyaneus,2015,62,,-34.9445366915,-7.9938007267
Cyanerpes_cyaneus,2016,65,5.4,-35.746496,-6.968757
Cyanerpes_cyaneus,2010,65,5.8,-35.144167,-6.741389
Tangara_peruviana,1997,71.7,,-48.422847,-25.356797
Tangara_peruviana,2006,73.8,,-48.541493,-25.587558
Tangara_peruviana,1998,71.3,,-48.422847,-25.356797
Tangara_peruviana,1998,73.5,,-48.422847,-25.356797
Tangara_peruviana,2012,76,,-48.541493,-25.587558
Tangara_peruviana,2012,75,6,-42.275644,-22.92586
Tangara_peruviana,1997,75.1,,-48.422847,-25.356797
Tangara_peruviana,2004,,,-42.1964,-22.85394
Tangara_peruviana,2002,76,6.3,-41.661133,-22.278133
Tangara_peruviana,1998,,,-48.422847,-25.356797
Tangara_peruviana,1998,72.1,,-48.422847,-25.356797
Tangara_peruviana,1997,70.6,,-48.422847,-25.356797
Tangara_peruviana,2016,76,6.5,-42.292397,-22.937641
Tangara_peruviana,2007,74.8,,-48.541493,-25.587558
Tangara_peruviana,1998,71.9,,-48.422847,-25.356797
Tangara_peruviana,2005,72.4,,-48.541493,-25.587558
Tangara_peruviana,2006,74.5,,-48.541493,-25.587558
Tangara_peruviana,2005,74.1,,-48.541493,-25.587558
Tangara_peruviana,2013,,,-42.275644,-22.92586
Tangara_peruviana,2007,71,6.1,-42.292397,-22.937641
Tangara_peruviana,2003,73,,-41.662676,-22.2781
Tangara_peruviana,2003,76,,-41.662676,-22.2781
Tangara_peruviana,2005,71.3,,-48.541493,-25.587558
Tangara_peruviana,1998,73,5.9,-44.191562,-23.188225
Tangara_peruviana,2004,,,-42.1964,-22.85394
Tangara_peruviana,2011,71.9,,-48.541493,-25.587558
Tangara_peruviana,2012,76.3,,-48.541493,-25.587558
Tangara_peruviana,2003,73.9,,-48.541493,-25.587558
Tangara_peruviana,2006,71,,-48.541493,-25.587558
Tangara_peruviana,2010,,,-40.416444,-20.584472
Tangara_peruviana,2012,72.2,,-40.422556,-20.5945
Tangara_peruviana,2002,76,,-41.662676,-22.2781
Tangara_peruviana,2004,,,-42.1964,-22.85394
Tangara_peruviana,2004,,,-42.1964,-22.85394
Tangara_peruviana,2004,,,-42.1964,-22.85394
Tangara_cyanocephala,2017,,,-47.245302,-24.06865
Tangara_cyanocephala,2009,66.1,,-48.541493,-25.587558
Tangara_cyanocephala,2004,59,,-48.541493,-25.587558
Tangara_cyanocephala,2000,60.19,7.34,-36.024444,-7.905556
Tangara_cyanocephala,2015,67,,-47.245302,-24.06865
Tangara_cyanocephala,2015,68,,-47.245302,-24.06865
Tangara_cyanocephala,2004,61.1,,-48.541493,-25.587558
Tangara_cyanocephala,2015,65,,-46.289722,-23.90525
Tangara_cyanocephala,2000,59.86,7.28,-36.024444,-7.905556
Tangara_cyanocephala,2017,69,,-47.245302,-24.06865
Tangara_cyanocephala,2017,63,,-48.541493,-25.587558
Tangara_cyanocephala,2003,65.8,7.8,-49.114952,-26.904059
Tangara_cyanocephala,2000,63.06,7.65,-35.833333,-8.983333
Tangara_cyanocephala,2000,63.79,7.88,-36.024444,-7.905556
Tangara_cyanocephala,2015,65,,-46.289722,-23.90525
Tangara_cyanocephala,2017,65.3,,-48.541493,-25.587558
Tangara_cyanocephala,2009,65.1,,-48.541493,-25.587558
Tangara_cyanocephala,1999,,7.4,-49.066667,-26.9
Tangara_cyanocephala,2014,67.4,,-48.541493,-25.587558
Tangara_cyanocephala,2001,,6.8,-48.40777778,-24.278333
Tangara_cyanocephala,2004,67,,-48.541493,-25.587558
Tangara_cyanocephala,2000,60.71,7.31,-36.024444,-7.905556
Tangara_cyanocephala,2015,66,,-47.245302,-24.06865
Tangara_cyanocephala,2017,61,,-48.541493,-25.587558
Tangara_cyanocephala,2017,63.45,,-48.67189,-25.311564
Tangara_cyanocephala,2003,68,7.7,-49.066667,-26.9
Tangara_cyanocephala,2004,65,,-48.541493,-25.587558
Tangara_cyanocephala,2003,63.6,,-48.541493,-25.587558
Tangara_cyanocephala,2014,64.1,,-48.541493,-25.587558
Tangara_cyanocephala,2011,62.85,6.65,-36.405802,-8.20199
Tangara_cyanocephala,2003,54.2,,-48.541493,-25.587558
Tangara_cyanocephala,2014,66.9,,-48.541493,-25.587558
Tangara_cyanocephala,2015,65,,-46.289722,-23.90525
Tangara_cyanocephala,2017,65,,-47.245302,-24.06865
Tangara_cyanocephala,2004,66.8,,-48.541493,-25.587558
Tangara_cyanocephala,2004,66.9,,-48.541493,-25.587558
Tangara_cyanocephala,2016,65,,-47.245302,-24.06865
Myrmotherula_unicolor,1993,,,-48.5867,-27.1702
Myrmotherula_unicolor,2017,44.6,,-48.673631,-25.304749
Myrmotherula_unicolor,2013,,,-48.884167,-26.002222
Myrmotherula_unicolor,2017,43.1,,-48.673631,-25.304749
Myrmotherula_unicolor,2014,43.82,4.32,-48.34105,-25.14759
Myrmotherula_unicolor,2017,50,,-49.412429,-28.713794
Myrmotherula_unicolor,1996,50,,-44.202778,-23.175
Myrmotherula_unicolor,2004,,,-42.737667,-22.4084
Myrmotherula_unicolor,2017,53,,-49.223139,-28.167889
Myrmotherula_unicolor,2005,50,,-45.982,-23.633
Myrmotherula_unicolor,2004,50,3.7,-42.737667,-22.4084
Myrmotherula_unicolor,2016,50,6,-48.633333,-26.233333
Myrmotherula_unicolor,2002,46.3,,-45.427917,-23.593222
Myrmotherula_unicolor,2015,46,,-46.340917,-23.855861
Myrmotherula_unicolor,2007,,,-47.453913,-23.907938
Myrmotherula_unicolor,2006,50,,-45.982,-23.633
Myrmotherula_unicolor,2015,47,,-46.340917,-23.855861
Myrmotherula_unicolor,2000,49,4.2,-44.202778,-23.175
Myrmotherula_unicolor,2014,52,3.6,-42.047183,-22.421778
Myrmotherula_unicolor,2001,45.5,,-48.541493,-25.587558
Myrmotherula_unicolor,2003,44.6,3.8,-49.066667,-27
Myrmotherula_unicolor,2017,50,,-49.412429,-28.713794
Myrmotherula_unicolor,2017,45,,-49.412429,-28.713794
Myrmotherula_unicolor,2017,,,-49.412429,-28.713794
Myrmotherula_unicolor,2014,49,3.6,-42.047183,-22.421778
Myrmotherula_unicolor,2015,45,,-46.305028,-23.883583
Myrmotherula_unicolor,2014,45,3.4,-42.047183,-22.421778
Myrmotherula_unicolor,2006,52,,-45.982,-23.633
Myrmotherula_unicolor,2017,45,,-49.412429,-28.713794
Myrmotherula_unicolor,2017,43.6,,-48.67189,-25.311564
Myrmotherula_unicolor,2007,46.9,,-48.541493,-25.587558
Myrmotherula_unicolor,2014,48,3.7,-42.047183,-22.421778
Myrmotherula_unicolor,2015,47,,-46.305028,-23.883583
Myrmotherula_unicolor,2015,52,3.7,-42.047183,-22.421778
Myrmotherula_unicolor,2005,44,,-45.982,-23.633
Myrmotherula_unicolor,2000,50,3.9,-44.202778,-23.175
Myrmotherula_unicolor,2000,50,3.6,-44.202778,-23.175
Myrmotherula_unicolor,2015,51,,-47.198404,-24.045634
Myrmotherula_unicolor,2015,45,,-46.369417,-23.842417
Myrmotherula_unicolor,2010,49,,-48.573806,-27.426111
Myrmotherula_unicolor,2006,50.5,,-48.541493,-25.587558
Myrmotherula_unicolor,2001,48.2,,-48.541493,-25.587558
Myrmotherula_unicolor,1993,,,-49.833333,-29.083333
Myrmotherula_unicolor,2017,45.5,,-48.67189,-25.311564
Myrmotherula_unicolor,2007,47,,-48.541493,-25.587558
Myrmotherula_unicolor,2006,,,-45.982,-23.633
Myrmotherula_unicolor,1992,,,-49.016667,-26.283333
Myrmotherula_unicolor,1997,48.1,,-48.422847,-25.356797
Myrmotherula_unicolor,2017,,,-49.412429,-28.713794
Myrmotherula_unicolor,2017,45.8,,-48.673631,-25.304749
Myrmotherula_unicolor,2017,49,,-49.412429,-28.713794
Myrmotherula_unicolor,2001,48,,-48.541493,-25.587558
Myrmotherula_unicolor,1993,,,-48.5867,-27.1702
Pipra_fasciicauda,2011,65.7,,-54.487792,-25.619635
Pipra_fasciicauda,2002,62,4.45,-51.951507,-23.917488
Pipra_fasciicauda,2008,65,5.18,-48.918185,-21.220465
Pipra_fasciicauda,2002,65,4.55,-51.951507,-23.917488
Pipra_fasciicauda,2003,66.5,4.15,-51.951507,-23.917488
Pipra_fasciicauda,2014,61.6,,-54.487792,-25.619635
Pipra_fasciicauda,2002,66,4.35,-51.951507,-23.917488
Pipra_fasciicauda,2006,67,4.75,-51.97104,-23.876274
Pipra_fasciicauda,2011,64.6,,-54.487792,-25.619635
Pipra_fasciicauda,2006,,,-51.97104,-23.876274
Pipra_fasciicauda,2006,,,-51.97104,-23.876274
Pipra_fasciicauda,2013,65,,-54.487792,-25.619635
Pipra_fasciicauda,2011,66.9,,-54.487792,-25.619635
Pipra_fasciicauda,2006,69,4.2,-51.952041,-23.893635
Pipra_fasciicauda,2006,66,4.8,-51.97104,-23.876274
Pipra_fasciicauda,2013,60.8,,-54.487792,-25.619635
Pipra_fasciicauda,2015,62.8,,-54.487792,-25.619635
Pipra_fasciicauda,2002,67,4.65,-51.97104,-23.876274
Pipra_fasciicauda,2006,65,4.1,-51.951507,-23.917488
Pipra_fasciicauda,2003,66,4.5,-51.952041,-23.893635
Pipra_fasciicauda,2014,64.2,,-54.487792,-25.619635
Pipra_fasciicauda,2006,,,-51.97104,-23.876274
Pipra_fasciicauda,2013,65.1,,-54.487792,-25.619635
Pipra_fasciicauda,2002,65,4.05,-51.951507,-23.917488
Pipra_fasciicauda,2013,63.3,,-54.487792,-25.619635
Pipra_fasciicauda,2009,65,4.72,-50.293748,-20.474071
Pipra_fasciicauda,2006,,,-51.97104,-23.876274
Pipra_fasciicauda,2002,66,4.8,-51.952041,-23.893635
Pipra_fasciicauda,2013,65.2,,-54.487792,-25.619635
Pipra_fasciicauda,2013,63.8,,-54.487792,-25.619635
Pipra_fasciicauda,2006,63,4.1,-51.951507,-23.917488
Pipra_fasciicauda,2012,62.7,,-54.487792,-25.619635
Pipra_fasciicauda,2009,66,4.59,-50.293748,-20.474071
Pipra_fasciicauda,2009,66,9.3,-54.232664,-23.921397
Pipra_fasciicauda,2013,61.6,,-54.487792,-25.619635
Pipra_fasciicauda,2003,68,4.15,-51.951507,-23.917488
Pipra_fasciicauda,2009,63,3.89,-50.293748,-20.474071
Pipra_fasciicauda,2013,63.3,,-54.487792,-25.619635
Pipra_fasciicauda,2002,65,4.2,-51.951507,-23.917488
Pipra_fasciicauda,2006,64,4.4,-51.97104,-23.876274
Pipra_fasciicauda,2012,66.2,,-54.487792,-25.619635
Pipra_fasciicauda,2009,62,4.02,-50.293748,-20.474071
Pipra_fasciicauda,2002,65.5,4.75,-51.951507,-23.917488
Pipra_fasciicauda,2003,66,4.85,-51.951507,-23.917488
Pipra_fasciicauda,2006,66,4.35,-51.951507,-23.917488
Pipra_fasciicauda,2014,64.5,,-54.487792,-25.619635
Pipra_fasciicauda,2008,63,5.04,-48.918185,-21.220465
Pipra_fasciicauda,2015,64,8.65,-56.628816,-21.109779
Pipra_fasciicauda,2002,67,4.5,-51.951507,-23.917488
Pipra_fasciicauda,2006,,,-51.97104,-23.876274
Pipra_fasciicauda,2006,,,-51.97104,-23.876274
Pipra_fasciicauda,2002,66,4.75,-51.952041,-23.893635
Pipra_fasciicauda,2013,64.8,,-54.487792,-25.619635
Pipra_fasciicauda,2002,68,4.2,-51.951507,-23.917488
Pipra_fasciicauda,2003,66,4.5,-51.952041,-23.893635
Pipra_fasciicauda,2002,66,4.05,-51.951507,-23.917488
Pipra_fasciicauda,2006,,,-51.97104,-23.876274
Pipra_fasciicauda,2006,68,4.6,-51.952041,-23.893635
Pipra_fasciicauda,2013,63.1,,-54.487792,-25.619635
Pipra_fasciicauda,2014,63.1,,-54.487792,-25.619635
Pipra_fasciicauda,2006,,,-51.97104,-23.876274
Pipra_fasciicauda,2006,,,-51.97104,-23.876274
Pipra_fasciicauda,2009,61,9.6,-54.22153,-23.895054
Pipra_fasciicauda,2006,65,4.4,-51.97104,-23.876274
Pipra_fasciicauda,2003,67,4.95,-51.951507,-23.917488
Pipra_fasciicauda,2006,,,-51.97104,-23.876274
Pipra_fasciicauda,2006,64,4,-51.97104,-23.876274
Pipra_fasciicauda,2013,64,,-54.487792,-25.619635
Pipra_fasciicauda,2006,,,-51.97104,-23.876274
Pipra_fasciicauda,2013,63.7,,-54.487792,-25.619635
Pipra_fasciicauda,2008,65,4.69,-48.918185,-21.220465
Pipra_fasciicauda,2007,61,4.98,-48.918185,-21.220465
Pipra_fasciicauda,2006,64,4.5,-51.951507,-23.917488
Pipra_fasciicauda,2002,68,4.85,-51.951507,-23.917488
Pipra_fasciicauda,2002,64,4.05,-51.951507,-23.917488
Pipra_fasciicauda,2015,65,9.22,-56.533456,-21.192887
Pipra_fasciicauda,2015,65,8.88,-56.853557,-20.490824
Pipra_fasciicauda,2002,,,-51.952041,-23.893635
Pipra_fasciicauda,2003,68,4,-51.951507,-23.917488
Pipra_fasciicauda,2006,66,4.6,-51.94695,-23.866923
Pipra_fasciicauda,2012,63.3,,-54.487792,-25.619635
Pipra_fasciicauda,2003,68,4.2,-51.951507,-23.917488
Pipra_fasciicauda,2006,,,-51.97104,-23.876274
Pipra_fasciicauda,2015,65,10.82,-56.853557,-20.490824
Pipra_fasciicauda,2006,66,4.65,-51.97104,-23.876274
Pipra_fasciicauda,2003,,,-51.951507,-23.917488
Pipra_fasciicauda,2002,67,4.3,-51.952041,-23.893635
Pipra_fasciicauda,2013,63.8,,-54.487792,-25.619635
Pipra_fasciicauda,2003,63,4.5,-51.951507,-23.917488
Pipra_fasciicauda,2003,65,4.1,-51.951507,-23.917488
Pipra_fasciicauda,2013,66.8,,-54.487792,-25.619635
Pipra_fasciicauda,2015,63,9.59,-56.628816,-21.109779
Pipra_fasciicauda,2016,64.7,,-54.487792,-25.619635
Pipra_fasciicauda,2003,66,4,-51.951507,-23.917488
Pipra_fasciicauda,2003,68,4.3,-51.951507,-23.917488
Pipra_fasciicauda,2015,61,7.71,-56.533456,-21.192887
Pipra_fasciicauda,2011,60.1,,-54.487792,-25.619635
Pipra_fasciicauda,2011,63.3,,-54.487792,-25.619635
Pipra_fasciicauda,2003,64,4.7,-51.952041,-23.893635
Pipra_fasciicauda,2015,62,10.14,-56.853557,-20.490824
Pipra_fasciicauda,2003,64,4.65,-51.951507,-23.917488
Pipra_fasciicauda,2014,61.8,,-54.487792,-25.619635
Pipra_fasciicauda,2006,66,4.15,-51.97104,-23.876274
Pipra_fasciicauda,2003,68,4.5,-51.951507,-23.917488
Pipra_fasciicauda,2006,69,4.4,-51.97104,-23.876274
Pipra_fasciicauda,2012,60.9,,-54.487792,-25.619635
Pipra_fasciicauda,2014,62.2,,-54.487792,-25.619635
Pipra_fasciicauda,2002,68,4.1,-51.952041,-23.893635
Pipra_fasciicauda,2015,65,8.88,-56.853557,-20.490824
Pipra_fasciicauda,2006,66,4.65,-51.94695,-23.866923
Pipra_fasciicauda,2003,68,4.4,-51.951507,-23.917488
Pipra_fasciicauda,2002,66.5,3.95,-51.951507,-23.917488
Pipra_fasciicauda,2002,66,4.15,-51.951507,-23.917488
Pipra_fasciicauda,2006,66,4.05,-51.951507,-23.917488
Pipra_fasciicauda,2013,61.1,,-54.487792,-25.619635
Pipra_fasciicauda,2006,63,3.95,-51.97104,-23.876274
Pipra_fasciicauda,2006,67,4.15,-51.951507,-23.917488
Pipra_fasciicauda,2002,66,4.75,-51.951507,-23.917488
Pipra_fasciicauda,2009,64,9.5,-54.232664,-23.921397
Pipra_fasciicauda,2006,65,4.5,-51.94695,-23.866923
Pipra_fasciicauda,2002,65,4.55,-51.951507,-23.917488
Pipra_fasciicauda,2003,65,4,-51.951507,-23.917488
Pipra_fasciicauda,2006,66,4.4,-51.97104,-23.876274
Pipra_fasciicauda,2006,68,4.5,-51.97104,-23.876274
Pipra_fasciicauda,2006,67,4.35,-51.97104,-23.876274
Pipra_fasciicauda,2015,65,9.11,-56.533456,-21.192887
Pipra_fasciicauda,2006,65,3.85,-51.97104,-23.876274
Pipra_fasciicauda,2006,66,4.35,-51.952041,-23.893635
Pipra_fasciicauda,2015,63.5,,-54.487792,-25.619635
Pipra_fasciicauda,2009,,4.04,-49.050684,-20.288795
Pipra_fasciicauda,2013,63,,-54.487792,-25.619635
Pipra_fasciicauda,2006,65,4.2,-51.952041,-23.893635
Pipra_fasciicauda,2002,64,4.7,-51.951507,-23.917488
Pipra_fasciicauda,2011,64.5,,-54.487792,-25.619635
Pyriglena_pernambucensis,2010,75,8.3,-35.746496,-6.968757
Pyriglena_pernambucensis,2000,78.35,10.41,-35.864361,-8.98225
Pyriglena_pernambucensis,2010,84,5.4,-35.746496,-6.968757
Pyriglena_pernambucensis,2000,72.71,9.75,-35.864361,-8.98225
Pyriglena_pernambucensis,1999,72.91,8.95,-35.505556,-7.588889
Pyriglena_pernambucensis,2010,77,6,-35.746496,-6.968757
Pyriglena_pernambucensis,2010,72,6.5,-35.746496,-6.968757
Pyriglena_pernambucensis,2015,71,7.3,-35.746496,-6.968757
Pyriglena_pernambucensis,2012,76.2,,-35.879097,-9.218164
Pyriglena_pernambucensis,2000,73.39,9.71,-35.864361,-8.98225
Pyriglena_pernambucensis,2000,73.43,9.02,-35.864361,-8.98225
Pyriglena_pernambucensis,1999,78.3,9.84,-35.833611,-8.710278
Pyriglena_pernambucensis,2012,73.1,8.8,-35.712064,-8.545119
Pyriglena_pernambucensis,2012,76.6,,-35.879097,-9.218164
Pyriglena_pernambucensis,2015,73,7.2,-35.746496,-6.968757
Pyriglena_pernambucensis,2010,75,8,-35.746496,-6.968757
Pyriglena_pernambucensis,2007,94,12.2,-35.884722,-9.216667
Pyriglena_pernambucensis,2015,77,8.3,-35.746496,-6.968757
Pyriglena_pernambucensis,2012,76.2,,-35.879097,-9.218164
Pyriglena_pernambucensis,1999,74.85,9.55,-35.505556,-7.588889
Pyriglena_pernambucensis,2000,79.47,10.16,-35.864361,-8.98225
Pyriglena_pernambucensis,2015,73,12,-35.746496,-6.968757
Pyriglena_pernambucensis,2000,74.11,9.13,-35.864361,-8.98225
Pyriglena_pernambucensis,2010,77,6.12,-35.746496,-6.968757
Pyriglena_pernambucensis,2012,74.6,,-35.879097,-9.218164
Pyriglena_pernambucensis,1999,73.6,8.16,-35.369722,-7.595278
Pyriglena_pernambucensis,1999,77.87,9.81,-35.369722,-7.595278
Pyriglena_pernambucensis,2010,77,7.6,-35.746496,-6.968757
Pyriglena_pernambucensis,2012,76.9,,-35.879097,-9.218164
Pyriglena_pernambucensis,2012,76.2,,-35.879097,-9.218164
Pyriglena_pernambucensis,2012,74.1,,-35.879097,-9.218164
Pyriglena_pernambucensis,2015,62,10.1,-35.746496,-6.968757
Pyriglena_pernambucensis,2007,78.1,9.9,-35.884722,-9.216667
Pyriglena_pernambucensis,2015,70,9.4,-35.746496,-6.968757
Pyriglena_pernambucensis,2000,78.97,9.93,-35.864361,-8.98225
Pyriglena_pernambucensis,2015,75,7.9,-35.746496,-6.968757
Pyriglena_pernambucensis,2012,72.5,,-35.879097,-9.218164
Pyriglena_pernambucensis,2007,78,11.6,-35.884722,-9.216667
Pyriglena_pernambucensis,2017,68,,-35.746496,-6.968757
Pyriglena_pernambucensis,1999,78.72,8.6,-35.505556,-7.588889
Pyriglena_pernambucensis,2010,73,12.3,-35.746496,-6.968757
Pyriglena_pernambucensis,2015,,,-35.746496,-6.968757
Pyriglena_pernambucensis,2007,81,10.9,-35.884722,-9.216667
Pyriglena_pernambucensis,2000,74.39,10.56,-35.864361,-8.98225
Pyriglena_pernambucensis,2017,78,8.4,-35.746496,-6.968757
Pyriglena_pernambucensis,2012,74.5,,-35.879097,-9.218164
Pyriglena_pernambucensis,2012,74.9,,-35.879097,-9.218164
Pyriglena_pernambucensis,1999,73.75,9.66,-35.833611,-8.710278
Pyriglena_pernambucensis,1999,77.82,9.42,-35.833611,-8.710278
Pyriglena_pernambucensis,2015,74,8.8,-35.746496,-6.968757
Pyriglena_pernambucensis,2007,97.6,12.4,-35.884722,-9.216667
Pyriglena_pernambucensis,1999,75.29,9.04,-35.833611,-8.710278
Pyriglena_pernambucensis,2012,68.8,,-35.879097,-9.218164
Pyriglena_pernambucensis,2011,73.1,,-35.879097,-9.218164
Pyriglena_pernambucensis,1999,75.01,9.05,-35.369722,-7.595278
Pyriglena_pernambucensis,2010,75,5,-35.746496,-6.968757
Pyriglena_pernambucensis,2015,72,11,-35.746496,-6.968757
Pyriglena_pernambucensis,2012,72.3,,-35.879097,-9.218164
Pyriglena_pernambucensis,2000,77.41,9.97,-35.864361,-8.98225
Pyriglena_pernambucensis,2012,75.8,,-35.879097,-9.218164
Conopophaga_cearae,2010,72,10.6,-35.746496,-6.968757
Conopophaga_cearae,2010,67,10.2,-34.973484,-6.550309
Conopophaga_cearae,2015,70,8.8,-35.746496,-6.968757
Conopophaga_cearae,2011,69.95,7.5,-36.405802,-8.20199
Conopophaga_cearae,2009,71,10.95,-34.973484,-6.550309
Conopophaga_cearae,2015,65,7.2,-35.746496,-6.968757
Conopophaga_cearae,2010,71,8.4,-35.746496,-6.968757
Conopophaga_cearae,2009,73,11.25,-34.973484,-6.550309
Conopophaga_cearae,2010,70,7,-35.746496,-6.968757
Conopophaga_cearae,2016,69,7.6,-35.746496,-6.968757
Conopophaga_cearae,2010,69,6.9,-35.746496,-6.968757
Conopophaga_cearae,2010,65,4.5,-35.746496,-6.968757
Conopophaga_cearae,2015,72,7.4,-35.746496,-6.968757
Conopophaga_cearae,2008,67,10.25,-34.973484,-6.550309
Conopophaga_cearae,2009,,13.45,-34.973484,-6.550309
Conopophaga_cearae,2015,71,15,-35.746496,-6.968757
Conopophaga_cearae,2016,65,7.3,-35.746496,-6.968757
Conopophaga_cearae,2015,70,8.8,-35.746496,-6.968757
Conopophaga_cearae,2008,66,11.5,-34.973484,-6.550309
Conopophaga_cearae,2010,71,5.9,-35.746496,-6.968757
Conopophaga_cearae,2010,69,8,-35.746496,-6.968757
Conopophaga_cearae,2015,70,6.7,-35.746496,-6.968757
Conopophaga_cearae,2015,69,8.2,-35.746496,-6.968757
Conopophaga_cearae,2009,67,10.9,-34.973484,-6.550309
Conopophaga_cearae,2010,69,10.1,-35.746496,-6.968757
Conopophaga_cearae,2010,68,9.1,-35.746496,-6.968757
Conopophaga_cearae,2010,68,10.6,-35.746496,-6.968757
Conopophaga_cearae,2015,67,10.3,-35.746496,-6.968757
Conopophaga_cearae,2011,69.1,7.1,-36.405802,-8.20199
Conopophaga_cearae,2010,65,8.2,-35.746496,-6.968757
Conopophaga_cearae,2015,73,13.8,-35.746496,-6.968757
Conopophaga_cearae,2010,70,10.9,-34.973484,-6.550309
Conopophaga_cearae,2017,69,8.5,-35.746496,-6.968757
Conopophaga_cearae,2017,68,4.4,-35.746496,-6.968757
Conopophaga_cearae,2010,72,8,-35.746496,-6.968757
Conopophaga_cearae,2015,72,4,-35.746496,-6.968757
Conopophaga_cearae,2015,67,9.3,-35.746496,-6.968757
Conopophaga_cearae,2009,69,10.6,-34.973484,-6.550309
Conopophaga_cearae,2011,67.7,7.1,-36.405802,-8.20199
Conopophaga_cearae,2010,67,8.5,-35.746496,-6.968757
Conopophaga_cearae,2010,68,10.5,-35.746496,-6.968757
Conopophaga_cearae,2015,76,12.7,-35.746496,-6.968757
Conopophaga_cearae,2015,69,8.4,-35.746496,-6.968757
Conopophaga_cearae,2009,68,10.4,-34.973484,-6.550309
Conopophaga_cearae,2009,66,10.9,-34.973484,-6.550309
Conopophaga_cearae,2016,69,8.7,-35.746496,-6.968757
Conopophaga_cearae,2015,69,7.4,-35.746496,-6.968757
Conopophaga_cearae,2009,69.5,10.3,-34.973484,-6.550309
Conopophaga_cearae,2017,68,13.4,-35.746496,-6.968757
Conopophaga_cearae,2009,71,11,-34.973484,-6.550309
Conopophaga_cearae,2010,70,8.6,-35.746496,-6.968757
Conopophaga_cearae,2016,68,8,-35.746496,-6.968757
Conopophaga_cearae,2010,66,10.8,-34.973484,-6.550309
Conopophaga_cearae,2010,69,10.3,-34.973484,-6.550309
Conopophaga_cearae,2015,70,20,-35.746496,-6.968757
Herpsilochmus_pectoralis,2011,,,-35.18,-5.92
Herpsilochmus_pectoralis,2014,,,-35.18,-5.92
Herpsilochmus_pectoralis,2011,,,-35.18,-5.92
Herpsilochmus_pectoralis,2013,,,-35.18,-5.92
Herpsilochmus_pectoralis,2014,,,-35.18,-5.92
Herpsilochmus_pectoralis,2014,,,-35.18,-5.92
Herpsilochmus_pectoralis,2011,,,-35.18,-5.92
Herpsilochmus_pectoralis,2011,,,-35.18,-5.92
Herpsilochmus_pectoralis,2010,,,-35.18,-5.92
Herpsilochmus_pectoralis,2011,,,-35.18,-5.92
Herpsilochmus_pectoralis,2011,,,-35.18,-5.92
Herpsilochmus_pectoralis,2014,,,-35.18,-5.92
Herpsilochmus_pectoralis,2014,,,-35.18,-5.92
Herpsilochmus_pectoralis,2013,,,-35.18,-5.92
Herpsilochmus_pectoralis,2013,,,-35.18,-5.92
Herpsilochmus_pectoralis,2012,,,-35.18,-5.92
Herpsilochmus_pectoralis,2011,,,-35.18,-5.92
Herpsilochmus_pectoralis,2012,,,-35.18,-5.92
Herpsilochmus_pectoralis,2011,,,-35.18,-5.92
Herpsilochmus_pectoralis,2013,,,-35.18,-5.92
Herpsilochmus_pectoralis,2010,,,-35.18,-5.92
Herpsilochmus_pectoralis,2011,,,-35.18,-5.92
Herpsilochmus_pectoralis,2010,,,-35.18,-5.92
Herpsilochmus_pectoralis,2013,,,-35.18,-5.92
Herpsilochmus_pectoralis,2013,,,-35.18,-5.92
Herpsilochmus_pectoralis,2012,,,-35.18,-5.92
Herpsilochmus_pectoralis,2013,,,-35.18,-5.92
Herpsilochmus_pectoralis,2013,,,-35.18,-5.92
Herpsilochmus_pectoralis,2013,,,-35.18,-5.92
Herpsilochmus_pectoralis,2014,,,-35.18,-5.92
Herpsilochmus_pectoralis,2010,,,-35.18,-5.92
Herpsilochmus_pectoralis,2013,,,-35.18,-5.92
Herpsilochmus_pectoralis,2011,,,-35.18,-5.92
Herpsilochmus_pectoralis,2014,,,-35.18,-5.92
Herpsilochmus_pectoralis,2011,,,-35.18,-5.92
Herpsilochmus_pectoralis,2014,,,-35.18,-5.92
Herpsilochmus_pectoralis,2014,,,-35.18,-5.92
Herpsilochmus_pectoralis,2014,,,-35.18,-5.92
Herpsilochmus_pectoralis,2014,,,-35.18,-5.92
Herpsilochmus_pectoralis,2014,,,-35.18,-5.92
Herpsilochmus_pectoralis,2014,,,-35.18,-5.92
Herpsilochmus_pectoralis,2013,,,-35.18,-5.92
Herpsilochmus_pectoralis,2014,,,-35.18,-5.92
Herpsilochmus_pectoralis,2012,,,-35.18,-5.92
Herpsilochmus_pectoralis,2014,,,-35.18,-5.92
Herpsilochmus_pectoralis,2011,,,-35.18,-5.92
Herpsilochmus_pectoralis,2014,,,-35.18,-5.92
Herpsilochmus_pectoralis,2014,,,-35.18,-5.92
Herpsilochmus_pectoralis,2010,,,-35.18,-5.92
Herpsilochmus_pectoralis,2013,,,-35.18,-5.92
Herpsilochmus_pectoralis,2011,,,-35.18,-5.92
Herpsilochmus_pectoralis,2011,,,-35.18,-5.92
Herpsilochmus_pectoralis,2013,,,-35.18,-5.92
Herpsilochmus_pectoralis,2013,,,-35.18,-5.92
Herpsilochmus_pectoralis,2013,,,-35.18,-5.92
Herpsilochmus_pectoralis,2010,,,-35.18,-5.92
Herpsilochmus_pectoralis,2011,,,-35.18,-5.92
Herpsilochmus_pectoralis,2010,,,-35.18,-5.92
Herpsilochmus_pectoralis,2011,,,-35.18,-5.92
Herpsilochmus_pectoralis,2011,,,-35.18,-5.92
Herpsilochmus_pectoralis,2012,,,-35.18,-5.92
Herpsilochmus_pectoralis,2012,,,-35.18,-5.92
Herpsilochmus_pectoralis,2008,,,-34.973484,-6.550309
Herpsilochmus_pectoralis,2013,,,-35.18,-5.92
Herpsilochmus_pectoralis,2014,,,-35.18,-5.92
Herpsilochmus_pectoralis,2014,,,-35.18,-5.92
Herpsilochmus_pectoralis,2010,,,-35.18,-5.92
Herpsilochmus_pectoralis,2011,,,-35.18,-5.92
Herpsilochmus_pectoralis,2014,,,-35.18,-5.92
Herpsilochmus_pectoralis,2014,,,-35.18,-5.92
Herpsilochmus_pectoralis,2014,,,-35.18,-5.92
Herpsilochmus_pectoralis,2012,,,-35.18,-5.92
Herpsilochmus_pectoralis,2014,,,-35.18,-5.92
